method,version,dataset,problem_id,true_label,predicted_label,assigned_route,classification_correct,final_ok,solution_correct,final_objective,label_objective,pipeline_stage,execution_error_type,execution_error,csvqa_status,repair_count,retry_count,api_retry_count,api_retry_events,fallback_count,cache_source,seconds,protocol_retry_count,protocol_retry_events,classification_source,held_out_type,disabled_workflow_route,route_allowed,failure_stage,failure_type,cause_certainty,confirmed_cause,external_deadline_exceeded,artifact_folder,csvqa_evidence_unavailable_at_failure
full,v5,automatic,OR-083,Mixture,Mixture,Others,True,False,False,,34.0,solve,ValueError,"ValueError: Expected 12 workers, found 0: []",LEGACY_SCHEMA,0,0,0,[],0,computed,15.566,0,[],computed,,,,code_generation,guessed_identifier_format,"confirmed from saved model, generated program and execution trace","The generated row-selection regex requires Worker followed by digits, whereas saved source worker IDs are numeric strings. No rows are selected and execution reports Expected 12 workers, found 0.",False,full_v5/automatic/attempts/OR-083,False
full,v5,automatic,OR-087,Mixture,Mixture,Others,True,True,False,495705.4,6243055.96,completed,,,LEGACY_SCHEMA,0,0,0,[],0,computed,17.126,0,[],computed,,,,mathematical_modeling_or_code_generation,objective_mismatch,unresolved; solver optimality does not prove formulation correctness,,False,full_v5/automatic/attempts/OR-087,False
full,v5,automatic,OR-100,Others,RA,RA,False,True,False,1382045.0,1382200.722,completed,,,PLANNED,0,0,0,[],0,computed,21.242,0,[],computed,,,,mathematical_modeling_or_code_generation,objective_mismatch,unresolved; solver optimality does not prove formulation correctness,,False,full_v5/automatic/attempts/OR-100,False
full,v5,variants,Variant1,Mixture,Mixture,Others,True,False,False,,60345.0,formulation,ModelOutputTruncated,ModelOutputTruncated: Model output is incomplete: finish_reason=length,,0,0,0,[],0,computed,136.234,0,[],computed,,,,mathematical_modeling,model_output_truncated,"confirmed from saved model, generated program and execution trace",The callback reports finish_reason=length during formulation. No truncated-output regeneration was enabled.,False,full_v5/variants/attempts/Variant1,False
full,v5,variants,Variant3,Others,Others,Others,True,False,False,,1020.0,solve,ValueError,ValueError: Predecessor 'nan' for activity 'A' not found in activity list.,LEGACY_SCHEMA,0,0,0,[],0,computed,29.994,0,[],computed,,,,code_generation,empty_csv_field_became_nan,"confirmed from saved model, generated program and execution trace",Default pandas CSV parsing converts an empty predecessor field to NaN; generated string conversion then treats nan as a predecessor ID and raises ValueError.,False,full_v5/variants/attempts/Variant3,False
full,v5,variants,Variant31,Mixture,Mixture,Others,True,False,False,,71822.0,solve,TypeError,TypeError: 'int' object is not iterable,LEGACY_SCHEMA,0,0,0,[],0,computed,25.542,0,[],computed,,,,code_generation,quicksum_scalar_argument,"confirmed from saved model, generated program and execution trace","Generated code passes scalar 0 to gp.quicksum, which requires an iterable. Execution raises TypeError: int object is not iterable.",False,full_v5/variants/attempts/Variant31,False
full,v5,variants,Variant32,Mixture,Mixture,Others,True,True,False,60153.0,58405.0,completed,,,LEGACY_SCHEMA,0,0,0,[],0,computed,40.76,0,[],computed,,,,mathematical_modeling,unconditional_limit_made_conditional,"confirmed from saved model, generated program and execution trace",The original question requires unconditional category quantity limits. The saved plan and program multiply those limits by category activation variables.,False,full_v5/variants/attempts/Variant32,False
full,v5,variants,Variant34,Mixture,Mixture,Others,True,False,False,,98866.0,solve,TypeError,TypeError: string indices must be integers,LEGACY_SCHEMA,0,0,0,[],0,computed,32.9,0,[],computed,,,,code_generation,decision_container_shadowed,"confirmed from saved model, generated program and execution trace",The bundle decision container b is overwritten by a bundle loop string before it is indexed as the decision container; execution raises string indices must be integers.,False,full_v5/variants/attempts/Variant34,False
full,v5,variants,Variant35,Mixture,Mixture,Others,True,False,False,,101796.0,solve,TypeError,TypeError: string indices must be integers,LEGACY_SCHEMA,0,0,0,[],0,computed,26.832,0,[],computed,,,,code_generation,decision_container_shadowed,"confirmed from saved model, generated program and execution trace",The bundle decision container b is overwritten by a bundle loop string before it is indexed as the decision container; execution raises string indices must be integers.,False,full_v5/variants/attempts/Variant35,False
