dataset,h,category,instances,same_category_reference_count,median_same,mean_same,q25_same,q75_same,median_all,mean_all,equal_one_same
large_scale_101,1,NRM,25,1,0.9006863799659567,0.9006863799659568,0.9006863799659567,0.9006863799659567,0.9561828874675148,0.956182887467515,0
large_scale_101,1,RA,22,1,0.9933767963588187,0.9849903205678238,0.9933767963588186,0.9935469671229994,0.9933767963588187,0.9935452323565748,0
large_scale_101,1,TP,9,1,0.9713185150617234,0.9725478839414397,0.9707786839097817,0.97260881150568,0.9721689736843341,0.9761769456508773,0
large_scale_101,1,AP,5,1,0.3253341926923359,0.32491442456890995,0.31878835653166915,0.3277367626722311,0.8093645641579482,0.8123819830833507,0
large_scale_101,1,UFLP,14,1,0.8994214049251672,0.8935492049376271,0.8712794113837423,0.9304313848019949,0.8994214049251672,0.9048329829215974,1
large_scale_101,1,Mixture,18,8,0.8414031537612884,0.8576890746792704,0.806369805515845,0.8995488167560787,0.8833685470047199,0.8904448589309685,0
large_scale_101,1,Others,8,2,0.7738975764993864,0.743920593879826,0.6789732695687244,0.8401309719021964,0.8642827071934027,0.8692138892345477,0
large_scale_101,1,All,101,15,0.9006863799659567,0.875880263310404,0.8684252145965915,0.9752443901716306,0.9561828874675148,0.9332618817855777,1
large_scale_101,2,NRM,25,1,0.60966053807506,0.60966053807506,0.60966053807506,0.60966053807506,0.8493953099929601,0.8493953099929601,0
large_scale_101,2,RA,22,1,0.8335472220271724,0.8210011877296278,0.8335472220271722,0.8345559517492329,0.8335472220271724,0.8383362815469741,0
large_scale_101,2,TP,9,1,0.8244762643510528,0.8274687034272041,0.8236539839656195,0.8258201769826455,0.8293085394345028,0.8333971259663513,0
large_scale_101,2,AP,5,1,0.21688946179489058,0.21660961637927328,0.21252557102111275,0.21849117511482072,0.6146362971528592,0.6133889854309044,0
large_scale_101,2,UFLP,14,1,0.7740256760313552,0.773472489798228,0.7423845701801629,0.8103422590034622,0.7740256760313552,0.7792890671478391,1
large_scale_101,2,Mixture,18,8,0.6778742050942335,0.6992556322609256,0.5946951923506375,0.8029790771088746,0.7722826112323549,0.7484514710691066,0
large_scale_101,2,Others,8,2,0.6476868947134558,0.6060004318219578,0.501039578894127,0.6894209140780754,0.6790180947669522,0.7046650080748037,0
large_scale_101,2,All,101,15,0.72712074060725,0.6940299572981885,0.60966053807506,0.8331954208886084,0.8335472220271722,0.7947058761249625,1
large_scale_101,3,NRM,25,1,0.46081768756903263,0.46081768756903263,0.46081768756903263,0.46081768756903263,0.6419887325415301,0.6419887325415301,0
large_scale_101,3,RA,22,1,0.6313038453974389,0.6221759840740412,0.6313038453974389,0.6331122258222217,0.6313038453974389,0.6353225722411252,0
large_scale_101,3,TP,9,1,0.637479024582173,0.640447484570427,0.636814258333502,0.6389534709979908,0.6455773575968834,0.6493835404381174,0
large_scale_101,3,AP,5,1,0.16266709634616794,0.16245721228445498,0.1593941782658346,0.16386838133611553,0.5098897092563186,0.503859855788363,0
large_scale_101,3,UFLP,14,1,0.6088535618994533,0.6241458573276174,0.5809491260858355,0.6417327400698788,0.6088535618994533,0.6288487398670215,1
large_scale_101,3,Mixture,18,8,0.5799431333380756,0.5723588175239473,0.48722873383832344,0.6316975431012584,0.6297228597025182,0.6154301108387619,0
large_scale_101,3,Others,8,2,0.529116644801862,0.5045384813958276,0.3983392947472872,0.5731408158184457,0.5585979717827719,0.586871625393515,0
large_scale_101,3,All,101,15,0.5782408720951374,0.5431825329761898,0.46081768756903263,0.6321041382706258,0.6334482550060871,0.6234372614070498,1
