instance,category,nearest_same,similarity_same,nearest_all,nearest_all_category,similarity_all
TP/TP1,TP,Ref15,0.8214007641859081,Ref11,Mixture,0.8254602191827642
TP/TP2,TP,Ref15,0.8258201769826455,Ref11,Mixture,0.8300046494482767
TP/TP3,TP,Ref15,0.8244762643510528,Ref11,Mixture,0.8286949520046086
TP/TP4,TP,Ref15,0.8236539839656195,Ref11,Mixture,0.8278153173185887
TP/TP5,TP,Ref15,0.8250090363718907,Ref11,Mixture,0.8293085394345028
TP/TP6,TP,Ref15,0.8244762643510528,Ref11,Mixture,0.8286949520046086
TP/TP7,TP,Ref15,0.8221325351455665,Ref11,Mixture,0.8393561239923015
TP/TP8,TP,Ref15,0.831098208600068,Ref11,Mixture,0.8420882834204773
TP/TP9,TP,Ref15,0.8491510968910333,Ref15,TP,0.8491510968910333
NRM/NRM1,NRM,Ref03,0.6096605380750599,Ref14,RA,0.84939530999296
NRM/NRM2,NRM,Ref03,0.60966053807506,Ref14,RA,0.84939530999296
NRM/NRM3,NRM,Ref03,0.60966053807506,Ref14,RA,0.8493953099929602
NRM/NRM4,NRM,Ref03,0.60966053807506,Ref14,RA,0.8493953099929601
NRM/NRM5,NRM,Ref03,0.60966053807506,Ref14,RA,0.8493953099929601
NRM/NRM6,NRM,Ref03,0.60966053807506,Ref14,RA,0.84939530999296
NRM/NRM7,NRM,Ref03,0.60966053807506,Ref14,RA,0.8493953099929601
NRM/NRM8,NRM,Ref03,0.60966053807506,Ref14,RA,0.8493953099929601
NRM/NRM9,NRM,Ref03,0.60966053807506,Ref14,RA,0.84939530999296
NRM/NRM10,NRM,Ref03,0.60966053807506,Ref14,RA,0.84939530999296
NRM/NRM11,NRM,Ref03,0.60966053807506,Ref14,RA,0.8493953099929602
NRM/NRM12,NRM,Ref03,0.6096605380750599,Ref14,RA,0.84939530999296
NRM/NRM13,NRM,Ref03,0.60966053807506,Ref14,RA,0.84939530999296
NRM/NRM14,NRM,Ref03,0.60966053807506,Ref14,RA,0.8493953099929601
NRM/NRM15,NRM,Ref03,0.60966053807506,Ref14,RA,0.8493953099929601
NRM/NRM16,NRM,Ref03,0.6096605380750599,Ref14,RA,0.84939530999296
NRM/NRM17,NRM,Ref03,0.60966053807506,Ref14,RA,0.84939530999296
NRM/NRM18,NRM,Ref03,0.60966053807506,Ref14,RA,0.8493953099929601
NRM/NRM19,NRM,Ref03,0.60966053807506,Ref14,RA,0.8493953099929601
NRM/NRM20,NRM,Ref03,0.60966053807506,Ref14,RA,0.8493953099929601
NRM/NRM21,NRM,Ref03,0.60966053807506,Ref14,RA,0.84939530999296
NRM/NRM22,NRM,Ref03,0.60966053807506,Ref14,RA,0.8493953099929601
NRM/NRM23,NRM,Ref03,0.60966053807506,Ref14,RA,0.8493953099929601
NRM/NRM24,NRM,Ref03,0.60966053807506,Ref14,RA,0.84939530999296
NRM/NRM25,NRM,Ref03,0.6096605380750599,Ref14,RA,0.8493953099929601
RA/RA1,RA,Ref14,0.8347257501493307,Ref14,RA,0.8347257501493307
RA/RA2,RA,Ref14,0.8331954208886084,Ref14,RA,0.8331954208886084
RA/RA3,RA,Ref14,0.8331954208886084,Ref14,RA,0.8331954208886084
RA/RA4,RA,Ref14,0.5503415679568295,Ref03,NRM,0.9317136319384489
RA/RA5,RA,Ref14,0.8347257501493307,Ref14,RA,0.8347257501493307
RA/RA6,RA,Ref14,0.8335472220271722,Ref14,RA,0.8335472220271722
RA/RA7,RA,Ref14,0.8335472220271722,Ref14,RA,0.8335472220271722
RA/RA8,RA,Ref14,0.8335472220271722,Ref14,RA,0.8335472220271722
RA/RA9,RA,Ref14,0.8335472220271722,Ref14,RA,0.8335472220271722
RA/RA10,RA,Ref14,0.8347257501493307,Ref14,RA,0.8347257501493307
RA/RA11,RA,Ref14,0.8347257501493307,Ref14,RA,0.8347257501493307
RA/RA12,RA,Ref14,0.8347257501493307,Ref14,RA,0.8347257501493307
RA/RA13,RA,Ref14,0.8340465565489397,Ref14,RA,0.8340465565489397
RA/RA14,RA,Ref14,0.8347257501493307,Ref14,RA,0.8347257501493307
RA/RA15,RA,Ref14,0.8335472220271724,Ref14,RA,0.8335472220271724
Mixture/Mixture1,Mixture,Ref09,0.5480725401317043,Ref14,RA,0.8376870926029916
RA/RA17,RA,Ref14,0.8337256871907415,Ref14,RA,0.8337256871907415
RA/RA18,RA,Ref14,0.8331954208886085,Ref14,RA,0.8331954208886085
RA/RA19,RA,Ref14,0.8335472220271724,Ref14,RA,0.8335472220271724
RA/RA20,RA,Ref14,0.8335472220271724,Ref14,RA,0.8335472220271724
RA/RA21,RA,Ref14,0.8335472220271724,Ref14,RA,0.8335472220271724
RA/RA22,RA,Ref14,0.8335472220271724,Ref14,RA,0.8335472220271724
RA/RA16,RA,Ref14,0.8340465565489396,Ref14,RA,0.8340465565489396
UFLP/UFLP1,UFLP,Ref02,0.800071015372009,Ref02,UFLP,0.800071015372009
UFLP/UFLP2,UFLP,Ref02,0.7704071592606917,Ref02,UFLP,0.7704071592606917
UFLP/UFLP3,UFLP,Ref02,0.751700391864099,Ref02,UFLP,0.751700391864099
UFLP/UFLP5,UFLP,Ref02,0.8137660068806133,Ref02,UFLP,0.8137660068806133
UFLP/UFLP6,UFLP,Ref02,0.8137660068806133,Ref02,UFLP,0.8137660068806133
UFLP/UFLP7,UFLP,Ref02,0.7884376290604648,Ref02,UFLP,0.7884376290604648
UFLP/UFLP8,UFLP,Ref02,0.7173974044535362,Ref02,UFLP,0.7173974044535362
UFLP/UFLP9,UFLP,Ref02,0.8450114077310071,Ref02,UFLP,0.8450114077310071
UFLP/UFLP10,UFLP,Ref02,1.0,Ref02,UFLP,1.0
AP/AP2,AP,Ref01,0.2233531314201633,Ref07,Mixture,0.5972983573521362
AP/AP3,AP,Ref01,0.21849117511482072,Ref12,Others,0.6103299806536134
AP/AP4,AP,Ref01,0.21252557102111275,Ref12,Others,0.621935549090053
AP/AP5,AP,Ref01,0.21688946179489058,Ref12,Others,0.6146362971528592
Mixture/Mixture2,Mixture,Ref11,0.8181252724963942,Ref11,Mixture,0.8181252724963942
Others/Other1,Others,Ref13,0.40655781409087083,Ref04,Mixture,0.6711040031783486
Mixture/Mixture3,Mixture,Ref10,0.6549104352848353,Ref02,UFLP,0.7825510568956199
Others/Other2,Others,Ref13,0.40655781409087083,Ref04,Mixture,0.5632480026675426
Mixture/Mixture4,Mixture,Ref10,0.8019190397839945,Ref10,Mixture,0.8019190397839945
UFLP/UFLP4,UFLP,Ref02,0.72712074060725,Ref02,UFLP,0.72712074060725
Others/Other3,Others,Ref13,0.6968870972456337,Ref10,Mixture,0.7953651934450575
Mixture/Mixture5,Mixture,Ref09,0.5295569344879708,Ref14,RA,0.8317832166262404
UFLP/UFLP11,UFLP,Ref02,0.7776441928020187,Ref02,UFLP,0.7776441928020187
Mixture/Mixture6,Mixture,Ref10,0.7599651029824742,Ref10,Mixture,0.7599651029824742
Others/Other4,Others,Ref12,0.6869321863555559,Ref12,Others,0.6869321863555559
Others/Other5,Others,Ref13,0.6794098008777811,Ref01,AP,0.84365834776044
Mixture/Mixture7,Mixture,Ref10,0.5840026554881117,Ref10,Mixture,0.5840026554881117
Others/Other6,Others,Ref13,0.5325335004952124,Ref01,AP,0.5983529807216107
Others/Other7,Others,Ref13,0.6159639885491303,Ref10,Mixture,0.6554980975992669
Mixture/Mixture8,Mixture,Ref06,0.936585811581694,Ref06,Mixture,0.936585811581694
Mixture/Mixture9,Mixture,Ref04,0.8512858712795844,Ref04,Mixture,0.8512858712795844
UFLP/UFLP12,UFLP,Ref02,0.7392792962855176,Ref02,UFLP,0.7392792962855176
UFLP/UFLP13,UFLP,Ref02,0.5269876699930953,Ref10,Mixture,0.6084197528876505
Mixture/Mixture10,Mixture,Ref04,0.7008379749036315,Ref04,Mixture,0.7008379749036315
Mixture/Mixture11,Mixture,Ref10,0.8033324228838347,Ref10,Mixture,0.8033324228838347
Mixture/Mixture12,Mixture,Ref06,0.5775251811382875,Ref14,RA,0.6494312830244552
AP/AP1,AP,Ref01,0.21178874254537913,Ref12,Others,0.62274474290586
Mixture/Mixture13,Mixture,Ref09,0.8447817125324614,Ref09,Mixture,0.8447817125324614
Mixture/Mixture14,Mixture,Ref06,0.7620141655690899,Ref06,Mixture,0.7620141655690899
Mixture/Mixture15,Mixture,Ref09,0.5042896588440514,Ref03,NRM,0.5087656189634094
Mixture/Mixture16,Mixture,Ref04,0.6288429958345172,Ref04,Mixture,0.6288429958345172
Mixture/Mixture17,Mixture,Ref07,0.6537808025358072,Ref12,Others,0.6648202468988313
UFLP/UFLP14,UFLP,Ref02,0.7570259359842796,Ref02,UFLP,0.7570259359842796
Others/Other8,Others,Ref12,0.8231612528706077,Ref12,Others,0.8231612528706077
Mixture/Mixture18,Mixture,Ref06,0.6267728029382148,Ref12,Others,0.7053949388965839
