dataset,expected,recorded,classification_correct,solved,objective_match,objective_accuracy
automatic,101,101,93,89,87,0.8613861386138614
variants,36,36,31,24,23,0.6388888888888888
columns/50pct-S1,35,35,33,35,35,1.0
columns/50pct-S2,35,35,33,31,30,0.8571428571428571
columns/50pct-S3,35,35,33,34,33,0.9428571428571428
columns/100pct-S1,35,35,33,34,33,0.9428571428571428
columns/100pct-S2,35,35,33,32,32,0.9142857142857143
columns/100pct-S3,35,35,33,32,30,0.8571428571428571
columns/200pct-S1,35,35,33,34,33,0.9428571428571428
columns/200pct-S2,35,35,33,30,28,0.8
columns/200pct-S3,35,35,33,33,32,0.9142857142857143
