dataset,problem_id,true_label,recorded,predicted_label,assigned_route,classification_correct,final_ok,solution_correct,final_objective,label_objective,pipeline_stage,execution_error_type,execution_error,csvqa_status,repair_count,retry_count,fallback_count,cache_source,disabled_workflow_route,route_allowed
automatic,OR-001,TP,True,,,False,False,False,,172752.8246,classification,APIConnectionError,APIConnectionError: Connection error.,,0,0,0,computed,,
automatic,OR-002,TP,True,TP,TP,True,True,False,907138.4333622681,6464420.7,completed,,,PLANNED,0,0,0,computed,,
automatic,OR-003,TP,True,TP,TP,True,True,True,36778.51094448115,36778.51094,completed,,,PLANNED,0,0,0,computed,,
automatic,OR-004,TP,True,TP,TP,True,False,False,,913520.1123,solve,TypeError,TypeError: unhashable type: 'dict',PLANNED,0,0,0,computed,,
automatic,OR-005,TP,True,TP,TP,True,True,True,2710.9341837593297,2710.934184,completed,,,PLANNED,0,0,0,computed,,
automatic,OR-006,TP,True,TP,TP,True,True,True,6340.972286592268,6340.972287,completed,,,PLANNED,0,0,0,computed,,
automatic,OR-007,TP,True,TP,TP,True,True,True,10291.2770066575,10291.27701,completed,,,PLANNED,0,0,0,computed,,
automatic,OR-008,TP,True,TP,TP,True,True,True,660.0,660.0,completed,,,PLANNED,0,0,0,computed,,
automatic,OR-009,TP,True,TP,TP,True,True,True,238781.5119254966,238781.5119,completed,,,PLANNED,0,0,0,computed,,
automatic,OR-010,NRM,True,NRM,NRM,True,True,True,4003445.2099999995,4003445.21,completed,,,PLANNED,0,0,0,computed,,
automatic,OR-011,NRM,True,NRM,NRM,True,True,True,3552260.54,3552260.54,completed,,,PLANNED,0,0,0,computed,,
automatic,OR-012,NRM,True,NRM,NRM,True,True,True,83748.37000000001,83748.37,completed,,,PLANNED,0,0,0,computed,,
automatic,OR-013,NRM,True,NRM,NRM,True,True,True,532.3,532.3,completed,,,PLANNED,0,0,0,computed,,
automatic,OR-014,NRM,True,NRM,NRM,True,True,True,1794269.0,1794269.0,completed,,,PLANNED,0,0,0,computed,,
automatic,OR-015,NRM,True,NRM,NRM,True,True,True,29660.0,29660.0,completed,,,PLANNED,0,0,0,computed,,
automatic,OR-016,NRM,True,NRM,NRM,True,True,True,1568955.0,1568955.0,completed,,,PLANNED,0,0,0,computed,,
automatic,OR-017,NRM,True,NRM,NRM,True,True,False,10729.68,2015.08,completed,,,PLANNED,0,0,0,computed,,
automatic,OR-018,NRM,True,NRM,NRM,True,True,True,782819438.64,782819438.6,completed,,,PLANNED,0,0,0,computed,,
automatic,OR-019,NRM,True,NRM,NRM,True,True,True,7123134.6899999995,7123134.69,completed,,,PLANNED,0,0,0,computed,,
automatic,OR-020,NRM,True,NRM,NRM,True,True,True,11258129.67,11258129.67,completed,,,PLANNED,0,0,0,computed,,
automatic,OR-021,NRM,True,NRM,NRM,True,True,True,6020981.48,6020981.48,completed,,,PLANNED,0,0,0,computed,,
automatic,OR-022,NRM,True,NRM,NRM,True,True,True,4049812.4247,4049812.425,completed,,,PLANNED,0,0,0,computed,,
automatic,OR-023,NRM,True,NRM,NRM,True,True,True,63628.0,63628.0,completed,,,PLANNED,0,0,0,computed,,
automatic,OR-024,NRM,True,NRM,NRM,True,True,True,1264095.5,1264095.5,completed,,,PLANNED,0,0,0,computed,,
automatic,OR-025,NRM,True,NRM,NRM,True,True,True,5486959.829999999,5486959.83,completed,,,PLANNED,0,0,0,computed,,
automatic,OR-026,NRM,True,NRM,NRM,True,True,True,8851.75,8851.75,completed,,,PLANNED,0,0,0,computed,,
automatic,OR-027,NRM,True,NRM,NRM,True,True,True,784297054.11,784297054.1,completed,,,PLANNED,0,0,0,computed,,
automatic,OR-028,NRM,True,NRM,NRM,True,True,True,285816.0,285816.0,completed,,,PLANNED,0,0,0,computed,,
automatic,OR-029,NRM,True,NRM,NRM,True,True,True,5090631.58,5090631.58,completed,,,PLANNED,0,0,0,computed,,
automatic,OR-030,NRM,True,NRM,NRM,True,True,True,34856.759999999995,34856.76,completed,,,PLANNED,0,0,0,computed,,
automatic,OR-031,NRM,True,NRM,NRM,True,True,True,67016511.28,67016511.28,completed,,,PLANNED,0,0,0,computed,,
automatic,OR-032,NRM,True,NRM,NRM,True,True,True,1240406.25,1240406.25,completed,,,PLANNED,0,0,0,computed,,
automatic,OR-033,NRM,True,NRM,NRM,True,True,True,195506188.0,195506188.0,completed,,,PLANNED,0,0,0,computed,,
automatic,OR-034,NRM,True,NRM,NRM,True,True,True,914600.2500000002,914600.25,completed,,,PLANNED,0,0,0,computed,,
automatic,OR-035,RA,True,RA,RA,True,True,True,150660.0,150660.0,completed,,,PLANNED,0,0,0,computed,,
automatic,OR-036,RA,True,RA,RA,True,True,True,509925.0,509925.0,completed,,,PLANNED,0,0,0,computed,,
automatic,OR-037,RA,True,RA,RA,True,True,True,722376.0,722376.0,completed,,,PLANNED,0,0,0,computed,,
automatic,OR-038,RA,True,RA,RA,True,True,True,1314500.0,1314500.0,completed,,,PLANNED,0,0,0,computed,,
automatic,OR-039,RA,True,RA,RA,True,True,True,429000.0,429000.0,completed,,,PLANNED,0,0,0,computed,,
automatic,OR-040,RA,True,RA,RA,True,True,True,74260.0,74260.0,completed,,,PLANNED,0,0,0,computed,,
automatic,OR-041,RA,True,RA,RA,True,True,False,4408.523076923077,3912.0,completed,,,PLANNED,0,0,0,computed,,
automatic,OR-042,RA,True,RA,RA,True,True,True,81918.0,81918.0,completed,,,PLANNED,0,0,0,computed,,
automatic,OR-043,RA,True,RA,RA,True,True,True,13570.0,13570.0,completed,,,PLANNED,0,0,0,computed,,
automatic,OR-044,RA,True,RA,RA,True,True,True,8000.0,8000.0,completed,,,FALLBACK_FULL_DATA,0,0,1,computed,,
automatic,OR-045,RA,True,RA,RA,True,False,False,,885.0,formulation,APITimeoutError,APITimeoutError: Request timed out.,,0,0,0,computed,,
automatic,OR-046,RA,True,RA,RA,True,True,True,212.0,212.0,completed,,,PLANNED,0,0,0,computed,,
automatic,OR-047,RA,True,RA,RA,True,True,True,5433.0,5433.0,completed,,,PLANNED,0,0,0,computed,,
automatic,OR-048,RA,True,RA,RA,True,True,True,635052.0,635052.0,completed,,,FALLBACK_FULL_DATA,0,0,1,computed,,
automatic,OR-049,RA,True,RA,RA,True,True,True,85500.0,85500.0,completed,,,FALLBACK_FULL_DATA,0,0,1,computed,,
automatic,OR-050,Mixture,True,RA,RA,False,True,True,80250.0,80250.0,completed,,,FALLBACK_FULL_DATA,0,0,1,computed,,
automatic,OR-051,RA,True,RA,RA,True,True,True,594900.0,594900.0,completed,,,FALLBACK_FULL_DATA,0,0,1,computed,,
automatic,OR-052,RA,True,RA,RA,True,True,True,30240.0,30240.0,completed,,,FALLBACK_FULL_DATA,0,0,1,computed,,
automatic,OR-053,RA,True,RA,RA,True,True,True,41040.0,41040.0,completed,,,FALLBACK_FULL_DATA,0,0,1,computed,,
automatic,OR-054,RA,True,RA,RA,True,True,True,98670.0,98670.0,completed,,,FALLBACK_FULL_DATA,0,0,1,computed,,
automatic,OR-055,RA,True,RA,RA,True,True,True,27088640.0,27088640.0,completed,,,FALLBACK_FULL_DATA,0,0,1,computed,,
automatic,OR-056,RA,True,RA,RA,True,True,True,55642671.0,55642671.0,completed,,,FALLBACK_FULL_DATA,0,0,1,computed,,
automatic,OR-057,RA,True,RA,RA,True,True,True,12502.0,12502.0,completed,,,PLANNED,0,0,0,computed,,
automatic,OR-058,FLP,True,FLP,FLP,True,True,True,35950.649999999994,35950.65,completed,,,PLANNED,0,0,0,computed,,
automatic,OR-059,FLP,True,FLP,FLP,True,True,True,1862205008776.57,1862205008487.07,completed,,,PLANNED,0,0,0,computed,,
automatic,OR-060,FLP,True,FLP,FLP,True,True,True,8643.2,8643.2,completed,,,PLANNED,0,0,0,computed,,
automatic,OR-061,FLP,True,FLP,FLP,True,True,True,10199.960000000001,10199.96,completed,,,PLANNED,0,0,0,computed,,
automatic,OR-062,FLP,True,FLP,FLP,True,True,True,172612.46,172612.46,completed,,,FALLBACK_FULL_DATA,0,0,1,computed,,
automatic,OR-063,FLP,True,FLP,FLP,True,True,True,778095.44,778095.44,completed,,,PLANNED,0,0,0,computed,,
automatic,OR-064,FLP,True,FLP,FLP,True,True,True,18461.11,18461.11,completed,,,PLANNED,0,0,0,computed,,
automatic,OR-065,FLP,True,FLP,FLP,True,True,True,317318.5,317318.5,completed,,,PLANNED,0,0,0,computed,,
automatic,OR-066,FLP,True,FLP,FLP,True,True,True,11396.51,11396.51,completed,,,PLANNED,0,0,0,computed,,
automatic,OR-067,AP,True,AP,AP,True,True,True,9000.0,9000.0,completed,,,FALLBACK_FULL_DATA,0,0,1,computed,,
automatic,OR-068,AP,True,AP,AP,True,True,True,9089.0,9089.0,completed,,,FALLBACK_FULL_DATA,0,0,1,computed,,
automatic,OR-069,AP,True,AP,AP,True,True,True,4903.0,4903.0,completed,,,PLANNED,0,0,0,computed,,
automatic,OR-070,AP,True,AP,AP,True,True,True,8809.0,8809.0,completed,,,FALLBACK_FULL_DATA,0,0,1,computed,,
automatic,OR-071,Mixture,True,RA,RA,False,True,True,24877.394636015328,24877.39,completed,,,PLANNED,0,0,0,computed,,
automatic,OR-072,Others,True,Others,Others,True,True,True,320.0,320.0,completed,,,LEGACY_SCHEMA,0,0,0,computed,,
automatic,OR-073,Mixture,True,Mixture,Others,True,True,True,1146.566502463054,1146.57,completed,,,LEGACY_SCHEMA,0,0,0,computed,,
automatic,OR-074,Others,True,Others,Others,True,True,True,25.0,25.0,completed,,,LEGACY_SCHEMA,0,0,0,computed,,
automatic,OR-075,Mixture,True,Mixture,Others,True,True,True,1514.0,1514.0,completed,,,LEGACY_SCHEMA,0,0,0,computed,,
automatic,OR-076,FLP,True,FLP,FLP,True,True,True,103090.0,103090.0,completed,,,PLANNED,0,0,0,computed,,
automatic,OR-077,Others,True,Others,Others,True,True,True,133.0,133.0,completed,,,LEGACY_SCHEMA,0,0,0,computed,,
automatic,OR-078,Mixture,True,Mixture,Others,True,True,True,152.76,152.76,completed,,,LEGACY_SCHEMA,0,0,0,computed,,
automatic,OR-079,FLP,True,FLP,FLP,True,True,True,2965.0,2965.0,completed,,,PLANNED,0,0,0,computed,,
automatic,OR-080,Mixture,True,Mixture,Others,True,True,True,14300.0,14300.0,completed,,,LEGACY_SCHEMA,0,0,0,computed,,
automatic,OR-081,Others,True,Others,Others,True,True,True,3.910164341169253,3.91,completed,,,LEGACY_SCHEMA,0,0,0,computed,,
automatic,OR-082,Others,True,Others,Others,True,True,True,199.0,199.0,completed,,,LEGACY_SCHEMA,0,0,0,computed,,
automatic,OR-083,Mixture,True,Mixture,Others,True,True,True,34.0,34.0,completed,,,LEGACY_SCHEMA,0,0,0,computed,,
automatic,OR-084,Others,True,Others,Others,True,False,False,,22.85,solve,RuntimeError,RuntimeError: No optimal solution; solver status: 11,LEGACY_SCHEMA,0,0,0,computed,,
automatic,OR-085,Others,True,Others,Others,True,True,True,419.0,419.0,completed,,,LEGACY_SCHEMA,0,0,0,computed,,
automatic,OR-086,Mixture,True,Mixture,Others,True,True,True,4500.0,4500.0,completed,,,LEGACY_SCHEMA,0,0,0,computed,,
automatic,OR-087,Mixture,True,Mixture,Others,True,True,False,495705.4,6243055.96,completed,,,LEGACY_SCHEMA,0,0,0,computed,,
automatic,OR-088,FLP,True,FLP,FLP,True,True,True,150992.5,150992.5,completed,,,FALLBACK_FULL_DATA,0,0,1,computed,,
automatic,OR-089,FLP,True,FLP,FLP,True,True,True,1555.4999999999993,1555.5,completed,,,PLANNED,0,0,0,computed,,
automatic,OR-090,Mixture,True,Mixture,Others,True,True,True,108657.90000000002,108657.9,completed,,,LEGACY_SCHEMA,0,0,0,computed,,
automatic,OR-091,Mixture,True,Others,Others,False,True,True,421.0,421.0,completed,,,LEGACY_SCHEMA,0,0,0,computed,,
automatic,OR-092,Mixture,True,Mixture,Others,True,True,True,3148.9299999999994,3148.93,completed,,,LEGACY_SCHEMA,0,0,0,computed,,
automatic,OR-093,AP,True,AP,AP,True,True,True,1577.6,1577.6,completed,,,FALLBACK_FULL_DATA,0,0,1,computed,,
automatic,OR-094,Mixture,False,,,,,,,,,,,,,,,,,
automatic,OR-095,Mixture,False,,,,,,,,,,,,,,,,,
automatic,OR-096,Mixture,False,,,,,,,,,,,,,,,,,
automatic,OR-097,Mixture,False,,,,,,,,,,,,,,,,,
automatic,OR-098,Mixture,False,,,,,,,,,,,,,,,,,
automatic,OR-099,FLP,False,,,,,,,,,,,,,,,,,
automatic,OR-100,Others,False,,,,,,,,,,,,,,,,,
automatic,OR-101,Mixture,False,,,,,,,,,,,,,,,,,
variants,Variant25,AP,False,,,,,,,,,,,,,,,,,
variants,Variant26,AP,False,,,,,,,,,,,,,,,,,
variants,Variant27,AP,False,,,,,,,,,,,,,,,,,
variants,Variant28,Mixture,False,,,,,,,,,,,,,,,,,
variants,Variant29,Mixture,False,,,,,,,,,,,,,,,,,
variants,Variant30,Mixture,False,,,,,,,,,,,,,,,,,
variants,Variant31,Mixture,False,,,,,,,,,,,,,,,,,
variants,Variant32,Mixture,False,,,,,,,,,,,,,,,,,
variants,Variant33,Mixture,False,,,,,,,,,,,,,,,,,
variants,Variant34,Mixture,False,,,,,,,,,,,,,,,,,
variants,Variant35,Mixture,False,,,,,,,,,,,,,,,,,
variants,Variant36,Mixture,False,,,,,,,,,,,,,,,,,
variants,Variant1,Mixture,False,,,,,,,,,,,,,,,,,
variants,Variant2,Mixture,False,,,,,,,,,,,,,,,,,
variants,Variant3,Others,False,,,,,,,,,,,,,,,,,
variants,Variant4,Others,False,,,,,,,,,,,,,,,,,
variants,Variant5,Mixture,False,,,,,,,,,,,,,,,,,
variants,Variant6,Others,False,,,,,,,,,,,,,,,,,
variants,Variant7,Mixture,False,,,,,,,,,,,,,,,,,
variants,Variant8,FLP,False,,,,,,,,,,,,,,,,,
variants,Variant9,Others,False,,,,,,,,,,,,,,,,,
variants,Variant10,Others,False,,,,,,,,,,,,,,,,,
variants,Variant11,Mixture,False,,,,,,,,,,,,,,,,,
variants,Variant12,Mixture,False,,,,,,,,,,,,,,,,,
variants,Variant13,Others,False,,,,,,,,,,,,,,,,,
variants,Variant14,Others,False,,,,,,,,,,,,,,,,,
variants,Variant15,Mixture,False,,,,,,,,,,,,,,,,,
variants,Variant16,Others,False,,,,,,,,,,,,,,,,,
variants,Variant17,FLP,False,,,,,,,,,,,,,,,,,
variants,Variant18,Others,False,,,,,,,,,,,,,,,,,
variants,Variant19,Others,False,,,,,,,,,,,,,,,,,
variants,Variant20,Others,False,,,,,,,,,,,,,,,,,
variants,Variant21,Others,False,,,,,,,,,,,,,,,,,
variants,Variant22,Others,False,,,,,,,,,,,,,,,,,
variants,Variant23,Mixture,False,,,,,,,,,,,,,,,,,
variants,Variant24,FLP,False,,,,,,,,,,,,,,,,,
columns/50pct-S1,50pct-S1/OR-001,AP,False,,,,,,,,,,,,,,,,,
columns/50pct-S1,50pct-S1/OR-002,AP,False,,,,,,,,,,,,,,,,,
columns/50pct-S1,50pct-S1/OR-003,AP,False,,,,,,,,,,,,,,,,,
columns/50pct-S1,50pct-S1/OR-004,AP,False,,,,,,,,,,,,,,,,,
columns/50pct-S1,50pct-S1/OR-005,RA,False,,,,,,,,,,,,,,,,,
columns/50pct-S1,50pct-S1/OR-006,RA,False,,,,,,,,,,,,,,,,,
columns/50pct-S1,50pct-S1/OR-007,RA,False,,,,,,,,,,,,,,,,,
columns/50pct-S1,50pct-S1/OR-008,RA,False,,,,,,,,,,,,,,,,,
columns/50pct-S1,50pct-S1/OR-009,RA,False,,,,,,,,,,,,,,,,,
columns/50pct-S1,50pct-S1/OR-010,RA,False,,,,,,,,,,,,,,,,,
columns/50pct-S1,50pct-S1/OR-011,RA,False,,,,,,,,,,,,,,,,,
columns/50pct-S1,50pct-S1/OR-012,RA,False,,,,,,,,,,,,,,,,,
columns/50pct-S1,50pct-S1/OR-013,RA,False,,,,,,,,,,,,,,,,,
columns/50pct-S1,50pct-S1/OR-014,RA,False,,,,,,,,,,,,,,,,,
columns/50pct-S1,50pct-S1/OR-015,RA,False,,,,,,,,,,,,,,,,,
columns/50pct-S1,50pct-S1/OR-016,TP,False,,,,,,,,,,,,,,,,,
columns/50pct-S1,50pct-S1/OR-017,TP,False,,,,,,,,,,,,,,,,,
columns/50pct-S1,50pct-S1/OR-018,TP,False,,,,,,,,,,,,,,,,,
columns/50pct-S1,50pct-S1/OR-019,TP,False,,,,,,,,,,,,,,,,,
columns/50pct-S1,50pct-S1/OR-020,TP,False,,,,,,,,,,,,,,,,,
columns/50pct-S1,50pct-S1/OR-021,TP,False,,,,,,,,,,,,,,,,,
columns/50pct-S1,50pct-S1/OR-022,FLP,False,,,,,,,,,,,,,,,,,
columns/50pct-S1,50pct-S1/OR-023,FLP,False,,,,,,,,,,,,,,,,,
columns/50pct-S1,50pct-S1/OR-024,FLP,False,,,,,,,,,,,,,,,,,
columns/50pct-S1,50pct-S1/OR-025,FLP,False,,,,,,,,,,,,,,,,,
columns/50pct-S1,50pct-S1/OR-026,FLP,False,,,,,,,,,,,,,,,,,
columns/50pct-S1,50pct-S1/OR-027,FLP,False,,,,,,,,,,,,,,,,,
columns/50pct-S1,50pct-S1/OR-028,FLP,False,,,,,,,,,,,,,,,,,
columns/50pct-S1,50pct-S1/OR-029,Mixture,False,,,,,,,,,,,,,,,,,
columns/50pct-S1,50pct-S1/OR-030,Mixture,False,,,,,,,,,,,,,,,,,
columns/50pct-S1,50pct-S1/OR-031,Mixture,False,,,,,,,,,,,,,,,,,
columns/50pct-S1,50pct-S1/OR-032,Mixture,False,,,,,,,,,,,,,,,,,
columns/50pct-S1,50pct-S1/OR-033,Others,False,,,,,,,,,,,,,,,,,
columns/50pct-S1,50pct-S1/OR-034,Others,False,,,,,,,,,,,,,,,,,
columns/50pct-S1,50pct-S1/OR-035,Others,False,,,,,,,,,,,,,,,,,
columns/50pct-S2,50pct-S2/OR-001,AP,False,,,,,,,,,,,,,,,,,
columns/50pct-S2,50pct-S2/OR-002,AP,False,,,,,,,,,,,,,,,,,
columns/50pct-S2,50pct-S2/OR-003,AP,False,,,,,,,,,,,,,,,,,
columns/50pct-S2,50pct-S2/OR-004,AP,False,,,,,,,,,,,,,,,,,
columns/50pct-S2,50pct-S2/OR-005,RA,False,,,,,,,,,,,,,,,,,
columns/50pct-S2,50pct-S2/OR-006,RA,False,,,,,,,,,,,,,,,,,
columns/50pct-S2,50pct-S2/OR-007,RA,False,,,,,,,,,,,,,,,,,
columns/50pct-S2,50pct-S2/OR-008,RA,False,,,,,,,,,,,,,,,,,
columns/50pct-S2,50pct-S2/OR-009,RA,False,,,,,,,,,,,,,,,,,
columns/50pct-S2,50pct-S2/OR-010,RA,False,,,,,,,,,,,,,,,,,
columns/50pct-S2,50pct-S2/OR-011,RA,False,,,,,,,,,,,,,,,,,
columns/50pct-S2,50pct-S2/OR-012,RA,False,,,,,,,,,,,,,,,,,
columns/50pct-S2,50pct-S2/OR-013,RA,False,,,,,,,,,,,,,,,,,
columns/50pct-S2,50pct-S2/OR-014,RA,False,,,,,,,,,,,,,,,,,
columns/50pct-S2,50pct-S2/OR-015,RA,False,,,,,,,,,,,,,,,,,
columns/50pct-S2,50pct-S2/OR-016,TP,False,,,,,,,,,,,,,,,,,
columns/50pct-S2,50pct-S2/OR-017,TP,False,,,,,,,,,,,,,,,,,
columns/50pct-S2,50pct-S2/OR-018,TP,False,,,,,,,,,,,,,,,,,
columns/50pct-S2,50pct-S2/OR-019,TP,False,,,,,,,,,,,,,,,,,
columns/50pct-S2,50pct-S2/OR-020,TP,False,,,,,,,,,,,,,,,,,
columns/50pct-S2,50pct-S2/OR-021,TP,False,,,,,,,,,,,,,,,,,
columns/50pct-S2,50pct-S2/OR-022,FLP,False,,,,,,,,,,,,,,,,,
columns/50pct-S2,50pct-S2/OR-023,FLP,False,,,,,,,,,,,,,,,,,
columns/50pct-S2,50pct-S2/OR-024,FLP,False,,,,,,,,,,,,,,,,,
columns/50pct-S2,50pct-S2/OR-025,FLP,False,,,,,,,,,,,,,,,,,
columns/50pct-S2,50pct-S2/OR-026,FLP,False,,,,,,,,,,,,,,,,,
columns/50pct-S2,50pct-S2/OR-027,FLP,False,,,,,,,,,,,,,,,,,
columns/50pct-S2,50pct-S2/OR-028,FLP,False,,,,,,,,,,,,,,,,,
columns/50pct-S2,50pct-S2/OR-029,Mixture,False,,,,,,,,,,,,,,,,,
columns/50pct-S2,50pct-S2/OR-030,Mixture,False,,,,,,,,,,,,,,,,,
columns/50pct-S2,50pct-S2/OR-031,Mixture,False,,,,,,,,,,,,,,,,,
columns/50pct-S2,50pct-S2/OR-032,Mixture,False,,,,,,,,,,,,,,,,,
columns/50pct-S2,50pct-S2/OR-033,Others,False,,,,,,,,,,,,,,,,,
columns/50pct-S2,50pct-S2/OR-034,Others,False,,,,,,,,,,,,,,,,,
columns/50pct-S2,50pct-S2/OR-035,Others,False,,,,,,,,,,,,,,,,,
columns/50pct-S3,50pct-S3/OR-001,AP,False,,,,,,,,,,,,,,,,,
columns/50pct-S3,50pct-S3/OR-002,AP,False,,,,,,,,,,,,,,,,,
columns/50pct-S3,50pct-S3/OR-003,AP,False,,,,,,,,,,,,,,,,,
columns/50pct-S3,50pct-S3/OR-004,AP,False,,,,,,,,,,,,,,,,,
columns/50pct-S3,50pct-S3/OR-005,RA,False,,,,,,,,,,,,,,,,,
columns/50pct-S3,50pct-S3/OR-006,RA,False,,,,,,,,,,,,,,,,,
columns/50pct-S3,50pct-S3/OR-007,RA,False,,,,,,,,,,,,,,,,,
columns/50pct-S3,50pct-S3/OR-008,RA,False,,,,,,,,,,,,,,,,,
columns/50pct-S3,50pct-S3/OR-009,RA,False,,,,,,,,,,,,,,,,,
columns/50pct-S3,50pct-S3/OR-010,RA,False,,,,,,,,,,,,,,,,,
columns/50pct-S3,50pct-S3/OR-011,RA,False,,,,,,,,,,,,,,,,,
columns/50pct-S3,50pct-S3/OR-012,RA,False,,,,,,,,,,,,,,,,,
columns/50pct-S3,50pct-S3/OR-013,RA,False,,,,,,,,,,,,,,,,,
columns/50pct-S3,50pct-S3/OR-014,RA,False,,,,,,,,,,,,,,,,,
columns/50pct-S3,50pct-S3/OR-015,RA,False,,,,,,,,,,,,,,,,,
columns/50pct-S3,50pct-S3/OR-016,TP,False,,,,,,,,,,,,,,,,,
columns/50pct-S3,50pct-S3/OR-017,TP,False,,,,,,,,,,,,,,,,,
columns/50pct-S3,50pct-S3/OR-018,TP,False,,,,,,,,,,,,,,,,,
columns/50pct-S3,50pct-S3/OR-019,TP,False,,,,,,,,,,,,,,,,,
columns/50pct-S3,50pct-S3/OR-020,TP,False,,,,,,,,,,,,,,,,,
columns/50pct-S3,50pct-S3/OR-021,TP,False,,,,,,,,,,,,,,,,,
columns/50pct-S3,50pct-S3/OR-022,FLP,False,,,,,,,,,,,,,,,,,
columns/50pct-S3,50pct-S3/OR-023,FLP,False,,,,,,,,,,,,,,,,,
columns/50pct-S3,50pct-S3/OR-024,FLP,False,,,,,,,,,,,,,,,,,
columns/50pct-S3,50pct-S3/OR-025,FLP,False,,,,,,,,,,,,,,,,,
columns/50pct-S3,50pct-S3/OR-026,FLP,False,,,,,,,,,,,,,,,,,
columns/50pct-S3,50pct-S3/OR-027,FLP,False,,,,,,,,,,,,,,,,,
columns/50pct-S3,50pct-S3/OR-028,FLP,False,,,,,,,,,,,,,,,,,
columns/50pct-S3,50pct-S3/OR-029,Mixture,False,,,,,,,,,,,,,,,,,
columns/50pct-S3,50pct-S3/OR-030,Mixture,False,,,,,,,,,,,,,,,,,
columns/50pct-S3,50pct-S3/OR-031,Mixture,False,,,,,,,,,,,,,,,,,
columns/50pct-S3,50pct-S3/OR-032,Mixture,False,,,,,,,,,,,,,,,,,
columns/50pct-S3,50pct-S3/OR-033,Others,False,,,,,,,,,,,,,,,,,
columns/50pct-S3,50pct-S3/OR-034,Others,False,,,,,,,,,,,,,,,,,
columns/50pct-S3,50pct-S3/OR-035,Others,False,,,,,,,,,,,,,,,,,
columns/100pct-S1,100pct-S1/OR-001,AP,False,,,,,,,,,,,,,,,,,
columns/100pct-S1,100pct-S1/OR-002,AP,False,,,,,,,,,,,,,,,,,
columns/100pct-S1,100pct-S1/OR-003,AP,False,,,,,,,,,,,,,,,,,
columns/100pct-S1,100pct-S1/OR-004,AP,False,,,,,,,,,,,,,,,,,
columns/100pct-S1,100pct-S1/OR-005,RA,False,,,,,,,,,,,,,,,,,
columns/100pct-S1,100pct-S1/OR-006,RA,False,,,,,,,,,,,,,,,,,
columns/100pct-S1,100pct-S1/OR-007,RA,False,,,,,,,,,,,,,,,,,
columns/100pct-S1,100pct-S1/OR-008,RA,False,,,,,,,,,,,,,,,,,
columns/100pct-S1,100pct-S1/OR-009,RA,False,,,,,,,,,,,,,,,,,
columns/100pct-S1,100pct-S1/OR-010,RA,False,,,,,,,,,,,,,,,,,
columns/100pct-S1,100pct-S1/OR-011,RA,False,,,,,,,,,,,,,,,,,
columns/100pct-S1,100pct-S1/OR-012,RA,False,,,,,,,,,,,,,,,,,
columns/100pct-S1,100pct-S1/OR-013,RA,False,,,,,,,,,,,,,,,,,
columns/100pct-S1,100pct-S1/OR-014,RA,False,,,,,,,,,,,,,,,,,
columns/100pct-S1,100pct-S1/OR-015,RA,False,,,,,,,,,,,,,,,,,
columns/100pct-S1,100pct-S1/OR-016,TP,False,,,,,,,,,,,,,,,,,
columns/100pct-S1,100pct-S1/OR-017,TP,False,,,,,,,,,,,,,,,,,
columns/100pct-S1,100pct-S1/OR-018,TP,False,,,,,,,,,,,,,,,,,
columns/100pct-S1,100pct-S1/OR-019,TP,False,,,,,,,,,,,,,,,,,
columns/100pct-S1,100pct-S1/OR-020,TP,False,,,,,,,,,,,,,,,,,
columns/100pct-S1,100pct-S1/OR-021,TP,False,,,,,,,,,,,,,,,,,
columns/100pct-S1,100pct-S1/OR-022,FLP,False,,,,,,,,,,,,,,,,,
columns/100pct-S1,100pct-S1/OR-023,FLP,False,,,,,,,,,,,,,,,,,
columns/100pct-S1,100pct-S1/OR-024,FLP,False,,,,,,,,,,,,,,,,,
columns/100pct-S1,100pct-S1/OR-025,FLP,False,,,,,,,,,,,,,,,,,
columns/100pct-S1,100pct-S1/OR-026,FLP,False,,,,,,,,,,,,,,,,,
columns/100pct-S1,100pct-S1/OR-027,FLP,False,,,,,,,,,,,,,,,,,
columns/100pct-S1,100pct-S1/OR-028,FLP,False,,,,,,,,,,,,,,,,,
columns/100pct-S1,100pct-S1/OR-029,Mixture,False,,,,,,,,,,,,,,,,,
columns/100pct-S1,100pct-S1/OR-030,Mixture,False,,,,,,,,,,,,,,,,,
columns/100pct-S1,100pct-S1/OR-031,Mixture,False,,,,,,,,,,,,,,,,,
columns/100pct-S1,100pct-S1/OR-032,Mixture,False,,,,,,,,,,,,,,,,,
columns/100pct-S1,100pct-S1/OR-033,Others,False,,,,,,,,,,,,,,,,,
columns/100pct-S1,100pct-S1/OR-034,Others,False,,,,,,,,,,,,,,,,,
columns/100pct-S1,100pct-S1/OR-035,Others,False,,,,,,,,,,,,,,,,,
columns/100pct-S2,100pct-S2/OR-001,AP,False,,,,,,,,,,,,,,,,,
columns/100pct-S2,100pct-S2/OR-002,AP,False,,,,,,,,,,,,,,,,,
columns/100pct-S2,100pct-S2/OR-003,AP,False,,,,,,,,,,,,,,,,,
columns/100pct-S2,100pct-S2/OR-004,AP,False,,,,,,,,,,,,,,,,,
columns/100pct-S2,100pct-S2/OR-005,RA,False,,,,,,,,,,,,,,,,,
columns/100pct-S2,100pct-S2/OR-006,RA,False,,,,,,,,,,,,,,,,,
columns/100pct-S2,100pct-S2/OR-007,RA,False,,,,,,,,,,,,,,,,,
columns/100pct-S2,100pct-S2/OR-008,RA,False,,,,,,,,,,,,,,,,,
columns/100pct-S2,100pct-S2/OR-009,RA,False,,,,,,,,,,,,,,,,,
columns/100pct-S2,100pct-S2/OR-010,RA,False,,,,,,,,,,,,,,,,,
columns/100pct-S2,100pct-S2/OR-011,RA,False,,,,,,,,,,,,,,,,,
columns/100pct-S2,100pct-S2/OR-012,RA,False,,,,,,,,,,,,,,,,,
columns/100pct-S2,100pct-S2/OR-013,RA,False,,,,,,,,,,,,,,,,,
columns/100pct-S2,100pct-S2/OR-014,RA,False,,,,,,,,,,,,,,,,,
columns/100pct-S2,100pct-S2/OR-015,RA,False,,,,,,,,,,,,,,,,,
columns/100pct-S2,100pct-S2/OR-016,TP,False,,,,,,,,,,,,,,,,,
columns/100pct-S2,100pct-S2/OR-017,TP,False,,,,,,,,,,,,,,,,,
columns/100pct-S2,100pct-S2/OR-018,TP,False,,,,,,,,,,,,,,,,,
columns/100pct-S2,100pct-S2/OR-019,TP,False,,,,,,,,,,,,,,,,,
columns/100pct-S2,100pct-S2/OR-020,TP,False,,,,,,,,,,,,,,,,,
columns/100pct-S2,100pct-S2/OR-021,TP,False,,,,,,,,,,,,,,,,,
columns/100pct-S2,100pct-S2/OR-022,FLP,False,,,,,,,,,,,,,,,,,
columns/100pct-S2,100pct-S2/OR-023,FLP,False,,,,,,,,,,,,,,,,,
columns/100pct-S2,100pct-S2/OR-024,FLP,False,,,,,,,,,,,,,,,,,
columns/100pct-S2,100pct-S2/OR-025,FLP,False,,,,,,,,,,,,,,,,,
columns/100pct-S2,100pct-S2/OR-026,FLP,False,,,,,,,,,,,,,,,,,
columns/100pct-S2,100pct-S2/OR-027,FLP,False,,,,,,,,,,,,,,,,,
columns/100pct-S2,100pct-S2/OR-028,FLP,False,,,,,,,,,,,,,,,,,
columns/100pct-S2,100pct-S2/OR-029,Mixture,False,,,,,,,,,,,,,,,,,
columns/100pct-S2,100pct-S2/OR-030,Mixture,False,,,,,,,,,,,,,,,,,
columns/100pct-S2,100pct-S2/OR-031,Mixture,False,,,,,,,,,,,,,,,,,
columns/100pct-S2,100pct-S2/OR-032,Mixture,False,,,,,,,,,,,,,,,,,
columns/100pct-S2,100pct-S2/OR-033,Others,False,,,,,,,,,,,,,,,,,
columns/100pct-S2,100pct-S2/OR-034,Others,False,,,,,,,,,,,,,,,,,
columns/100pct-S2,100pct-S2/OR-035,Others,False,,,,,,,,,,,,,,,,,
columns/100pct-S3,100pct-S3/OR-001,AP,False,,,,,,,,,,,,,,,,,
columns/100pct-S3,100pct-S3/OR-002,AP,False,,,,,,,,,,,,,,,,,
columns/100pct-S3,100pct-S3/OR-003,AP,False,,,,,,,,,,,,,,,,,
columns/100pct-S3,100pct-S3/OR-004,AP,False,,,,,,,,,,,,,,,,,
columns/100pct-S3,100pct-S3/OR-005,RA,False,,,,,,,,,,,,,,,,,
columns/100pct-S3,100pct-S3/OR-006,RA,False,,,,,,,,,,,,,,,,,
columns/100pct-S3,100pct-S3/OR-007,RA,False,,,,,,,,,,,,,,,,,
columns/100pct-S3,100pct-S3/OR-008,RA,False,,,,,,,,,,,,,,,,,
columns/100pct-S3,100pct-S3/OR-009,RA,False,,,,,,,,,,,,,,,,,
columns/100pct-S3,100pct-S3/OR-010,RA,False,,,,,,,,,,,,,,,,,
columns/100pct-S3,100pct-S3/OR-011,RA,False,,,,,,,,,,,,,,,,,
columns/100pct-S3,100pct-S3/OR-012,RA,False,,,,,,,,,,,,,,,,,
columns/100pct-S3,100pct-S3/OR-013,RA,False,,,,,,,,,,,,,,,,,
columns/100pct-S3,100pct-S3/OR-014,RA,False,,,,,,,,,,,,,,,,,
columns/100pct-S3,100pct-S3/OR-015,RA,False,,,,,,,,,,,,,,,,,
columns/100pct-S3,100pct-S3/OR-016,TP,False,,,,,,,,,,,,,,,,,
columns/100pct-S3,100pct-S3/OR-017,TP,False,,,,,,,,,,,,,,,,,
columns/100pct-S3,100pct-S3/OR-018,TP,False,,,,,,,,,,,,,,,,,
columns/100pct-S3,100pct-S3/OR-019,TP,False,,,,,,,,,,,,,,,,,
columns/100pct-S3,100pct-S3/OR-020,TP,False,,,,,,,,,,,,,,,,,
columns/100pct-S3,100pct-S3/OR-021,TP,False,,,,,,,,,,,,,,,,,
columns/100pct-S3,100pct-S3/OR-022,FLP,False,,,,,,,,,,,,,,,,,
columns/100pct-S3,100pct-S3/OR-023,FLP,False,,,,,,,,,,,,,,,,,
columns/100pct-S3,100pct-S3/OR-024,FLP,False,,,,,,,,,,,,,,,,,
columns/100pct-S3,100pct-S3/OR-025,FLP,False,,,,,,,,,,,,,,,,,
columns/100pct-S3,100pct-S3/OR-026,FLP,False,,,,,,,,,,,,,,,,,
columns/100pct-S3,100pct-S3/OR-027,FLP,False,,,,,,,,,,,,,,,,,
columns/100pct-S3,100pct-S3/OR-028,FLP,False,,,,,,,,,,,,,,,,,
columns/100pct-S3,100pct-S3/OR-029,Mixture,False,,,,,,,,,,,,,,,,,
columns/100pct-S3,100pct-S3/OR-030,Mixture,False,,,,,,,,,,,,,,,,,
columns/100pct-S3,100pct-S3/OR-031,Mixture,False,,,,,,,,,,,,,,,,,
columns/100pct-S3,100pct-S3/OR-032,Mixture,False,,,,,,,,,,,,,,,,,
columns/100pct-S3,100pct-S3/OR-033,Others,False,,,,,,,,,,,,,,,,,
columns/100pct-S3,100pct-S3/OR-034,Others,False,,,,,,,,,,,,,,,,,
columns/100pct-S3,100pct-S3/OR-035,Others,False,,,,,,,,,,,,,,,,,
columns/200pct-S1,200pct-S1/OR-001,AP,False,,,,,,,,,,,,,,,,,
columns/200pct-S1,200pct-S1/OR-002,AP,False,,,,,,,,,,,,,,,,,
columns/200pct-S1,200pct-S1/OR-003,AP,False,,,,,,,,,,,,,,,,,
columns/200pct-S1,200pct-S1/OR-004,AP,False,,,,,,,,,,,,,,,,,
columns/200pct-S1,200pct-S1/OR-005,RA,False,,,,,,,,,,,,,,,,,
columns/200pct-S1,200pct-S1/OR-006,RA,False,,,,,,,,,,,,,,,,,
columns/200pct-S1,200pct-S1/OR-007,RA,False,,,,,,,,,,,,,,,,,
columns/200pct-S1,200pct-S1/OR-008,RA,False,,,,,,,,,,,,,,,,,
columns/200pct-S1,200pct-S1/OR-009,RA,False,,,,,,,,,,,,,,,,,
columns/200pct-S1,200pct-S1/OR-010,RA,False,,,,,,,,,,,,,,,,,
columns/200pct-S1,200pct-S1/OR-011,RA,False,,,,,,,,,,,,,,,,,
columns/200pct-S1,200pct-S1/OR-012,RA,False,,,,,,,,,,,,,,,,,
columns/200pct-S1,200pct-S1/OR-013,RA,False,,,,,,,,,,,,,,,,,
columns/200pct-S1,200pct-S1/OR-014,RA,False,,,,,,,,,,,,,,,,,
columns/200pct-S1,200pct-S1/OR-015,RA,False,,,,,,,,,,,,,,,,,
columns/200pct-S1,200pct-S1/OR-016,TP,False,,,,,,,,,,,,,,,,,
columns/200pct-S1,200pct-S1/OR-017,TP,False,,,,,,,,,,,,,,,,,
columns/200pct-S1,200pct-S1/OR-018,TP,False,,,,,,,,,,,,,,,,,
columns/200pct-S1,200pct-S1/OR-019,TP,False,,,,,,,,,,,,,,,,,
columns/200pct-S1,200pct-S1/OR-020,TP,False,,,,,,,,,,,,,,,,,
columns/200pct-S1,200pct-S1/OR-021,TP,False,,,,,,,,,,,,,,,,,
columns/200pct-S1,200pct-S1/OR-022,FLP,False,,,,,,,,,,,,,,,,,
columns/200pct-S1,200pct-S1/OR-023,FLP,False,,,,,,,,,,,,,,,,,
columns/200pct-S1,200pct-S1/OR-024,FLP,False,,,,,,,,,,,,,,,,,
columns/200pct-S1,200pct-S1/OR-025,FLP,False,,,,,,,,,,,,,,,,,
columns/200pct-S1,200pct-S1/OR-026,FLP,False,,,,,,,,,,,,,,,,,
columns/200pct-S1,200pct-S1/OR-027,FLP,False,,,,,,,,,,,,,,,,,
columns/200pct-S1,200pct-S1/OR-028,FLP,False,,,,,,,,,,,,,,,,,
columns/200pct-S1,200pct-S1/OR-029,Mixture,False,,,,,,,,,,,,,,,,,
columns/200pct-S1,200pct-S1/OR-030,Mixture,False,,,,,,,,,,,,,,,,,
columns/200pct-S1,200pct-S1/OR-031,Mixture,False,,,,,,,,,,,,,,,,,
columns/200pct-S1,200pct-S1/OR-032,Mixture,False,,,,,,,,,,,,,,,,,
columns/200pct-S1,200pct-S1/OR-033,Others,False,,,,,,,,,,,,,,,,,
columns/200pct-S1,200pct-S1/OR-034,Others,False,,,,,,,,,,,,,,,,,
columns/200pct-S1,200pct-S1/OR-035,Others,False,,,,,,,,,,,,,,,,,
columns/200pct-S2,200pct-S2/OR-001,AP,False,,,,,,,,,,,,,,,,,
columns/200pct-S2,200pct-S2/OR-002,AP,False,,,,,,,,,,,,,,,,,
columns/200pct-S2,200pct-S2/OR-003,AP,False,,,,,,,,,,,,,,,,,
columns/200pct-S2,200pct-S2/OR-004,AP,False,,,,,,,,,,,,,,,,,
columns/200pct-S2,200pct-S2/OR-005,RA,False,,,,,,,,,,,,,,,,,
columns/200pct-S2,200pct-S2/OR-006,RA,False,,,,,,,,,,,,,,,,,
columns/200pct-S2,200pct-S2/OR-007,RA,False,,,,,,,,,,,,,,,,,
columns/200pct-S2,200pct-S2/OR-008,RA,False,,,,,,,,,,,,,,,,,
columns/200pct-S2,200pct-S2/OR-009,RA,False,,,,,,,,,,,,,,,,,
columns/200pct-S2,200pct-S2/OR-010,RA,False,,,,,,,,,,,,,,,,,
columns/200pct-S2,200pct-S2/OR-011,RA,False,,,,,,,,,,,,,,,,,
columns/200pct-S2,200pct-S2/OR-012,RA,False,,,,,,,,,,,,,,,,,
columns/200pct-S2,200pct-S2/OR-013,RA,False,,,,,,,,,,,,,,,,,
columns/200pct-S2,200pct-S2/OR-014,RA,False,,,,,,,,,,,,,,,,,
columns/200pct-S2,200pct-S2/OR-015,RA,False,,,,,,,,,,,,,,,,,
columns/200pct-S2,200pct-S2/OR-016,TP,False,,,,,,,,,,,,,,,,,
columns/200pct-S2,200pct-S2/OR-017,TP,False,,,,,,,,,,,,,,,,,
columns/200pct-S2,200pct-S2/OR-018,TP,False,,,,,,,,,,,,,,,,,
columns/200pct-S2,200pct-S2/OR-019,TP,False,,,,,,,,,,,,,,,,,
columns/200pct-S2,200pct-S2/OR-020,TP,False,,,,,,,,,,,,,,,,,
columns/200pct-S2,200pct-S2/OR-021,TP,False,,,,,,,,,,,,,,,,,
columns/200pct-S2,200pct-S2/OR-022,FLP,False,,,,,,,,,,,,,,,,,
columns/200pct-S2,200pct-S2/OR-023,FLP,False,,,,,,,,,,,,,,,,,
columns/200pct-S2,200pct-S2/OR-024,FLP,False,,,,,,,,,,,,,,,,,
columns/200pct-S2,200pct-S2/OR-025,FLP,False,,,,,,,,,,,,,,,,,
columns/200pct-S2,200pct-S2/OR-026,FLP,False,,,,,,,,,,,,,,,,,
columns/200pct-S2,200pct-S2/OR-027,FLP,False,,,,,,,,,,,,,,,,,
columns/200pct-S2,200pct-S2/OR-028,FLP,False,,,,,,,,,,,,,,,,,
columns/200pct-S2,200pct-S2/OR-029,Mixture,False,,,,,,,,,,,,,,,,,
columns/200pct-S2,200pct-S2/OR-030,Mixture,False,,,,,,,,,,,,,,,,,
columns/200pct-S2,200pct-S2/OR-031,Mixture,False,,,,,,,,,,,,,,,,,
columns/200pct-S2,200pct-S2/OR-032,Mixture,False,,,,,,,,,,,,,,,,,
columns/200pct-S2,200pct-S2/OR-033,Others,False,,,,,,,,,,,,,,,,,
columns/200pct-S2,200pct-S2/OR-034,Others,False,,,,,,,,,,,,,,,,,
columns/200pct-S2,200pct-S2/OR-035,Others,False,,,,,,,,,,,,,,,,,
columns/200pct-S3,200pct-S3/OR-001,AP,False,,,,,,,,,,,,,,,,,
columns/200pct-S3,200pct-S3/OR-002,AP,False,,,,,,,,,,,,,,,,,
columns/200pct-S3,200pct-S3/OR-003,AP,False,,,,,,,,,,,,,,,,,
columns/200pct-S3,200pct-S3/OR-004,AP,False,,,,,,,,,,,,,,,,,
columns/200pct-S3,200pct-S3/OR-005,RA,False,,,,,,,,,,,,,,,,,
columns/200pct-S3,200pct-S3/OR-006,RA,False,,,,,,,,,,,,,,,,,
columns/200pct-S3,200pct-S3/OR-007,RA,False,,,,,,,,,,,,,,,,,
columns/200pct-S3,200pct-S3/OR-008,RA,False,,,,,,,,,,,,,,,,,
columns/200pct-S3,200pct-S3/OR-009,RA,False,,,,,,,,,,,,,,,,,
columns/200pct-S3,200pct-S3/OR-010,RA,False,,,,,,,,,,,,,,,,,
columns/200pct-S3,200pct-S3/OR-011,RA,False,,,,,,,,,,,,,,,,,
columns/200pct-S3,200pct-S3/OR-012,RA,False,,,,,,,,,,,,,,,,,
columns/200pct-S3,200pct-S3/OR-013,RA,False,,,,,,,,,,,,,,,,,
columns/200pct-S3,200pct-S3/OR-014,RA,False,,,,,,,,,,,,,,,,,
columns/200pct-S3,200pct-S3/OR-015,RA,False,,,,,,,,,,,,,,,,,
columns/200pct-S3,200pct-S3/OR-016,TP,False,,,,,,,,,,,,,,,,,
columns/200pct-S3,200pct-S3/OR-017,TP,False,,,,,,,,,,,,,,,,,
columns/200pct-S3,200pct-S3/OR-018,TP,False,,,,,,,,,,,,,,,,,
columns/200pct-S3,200pct-S3/OR-019,TP,False,,,,,,,,,,,,,,,,,
columns/200pct-S3,200pct-S3/OR-020,TP,False,,,,,,,,,,,,,,,,,
columns/200pct-S3,200pct-S3/OR-021,TP,False,,,,,,,,,,,,,,,,,
columns/200pct-S3,200pct-S3/OR-022,FLP,False,,,,,,,,,,,,,,,,,
columns/200pct-S3,200pct-S3/OR-023,FLP,False,,,,,,,,,,,,,,,,,
columns/200pct-S3,200pct-S3/OR-024,FLP,False,,,,,,,,,,,,,,,,,
columns/200pct-S3,200pct-S3/OR-025,FLP,False,,,,,,,,,,,,,,,,,
columns/200pct-S3,200pct-S3/OR-026,FLP,False,,,,,,,,,,,,,,,,,
columns/200pct-S3,200pct-S3/OR-027,FLP,False,,,,,,,,,,,,,,,,,
columns/200pct-S3,200pct-S3/OR-028,FLP,False,,,,,,,,,,,,,,,,,
columns/200pct-S3,200pct-S3/OR-029,Mixture,False,,,,,,,,,,,,,,,,,
columns/200pct-S3,200pct-S3/OR-030,Mixture,False,,,,,,,,,,,,,,,,,
columns/200pct-S3,200pct-S3/OR-031,Mixture,False,,,,,,,,,,,,,,,,,
columns/200pct-S3,200pct-S3/OR-032,Mixture,False,,,,,,,,,,,,,,,,,
columns/200pct-S3,200pct-S3/OR-033,Others,False,,,,,,,,,,,,,,,,,
columns/200pct-S3,200pct-S3/OR-034,Others,False,,,,,,,,,,,,,,,,,
columns/200pct-S3,200pct-S3/OR-035,Others,False,,,,,,,,,,,,,,,,,
