problem_id,true_label,true_route,has_record,predicted_label,assigned_route,predicted_label_raw,assigned_route_raw,disabled_route,final_ok,solution_correct,classification_correct,final_objective,label_objective,pipeline_stage,execution_error_type,execution_error,outcome,classification_bucket,route_bucket,forbidden_route_selected,stored_match_disagrees,benchmark_objective_changed,source_results_csv
OR-001,TP,TP,False,,,,,,,,,,172752.8246,not_run,,,Not run,Not run,Not run,False,False,False,
OR-002,TP,TP,False,,,,,,,,,,6464420.7,not_run,,,Not run,Not run,Not run,False,False,False,
OR-003,TP,TP,False,,,,,,,,,,36778.51094,not_run,,,Not run,Not run,Not run,False,False,False,
OR-004,TP,TP,False,,,,,,,,,,913520.1123,not_run,,,Not run,Not run,Not run,False,False,False,
OR-005,TP,TP,False,,,,,,,,,,2710.934184,not_run,,,Not run,Not run,Not run,False,False,False,
OR-006,TP,TP,False,,,,,,,,,,6340.972287,not_run,,,Not run,Not run,Not run,False,False,False,
OR-007,TP,TP,False,,,,,,,,,,10291.27701,not_run,,,Not run,Not run,Not run,False,False,False,
OR-008,TP,TP,False,,,,,,,,,,660.0,not_run,,,Not run,Not run,Not run,False,False,False,
OR-009,TP,TP,False,,,,,,,,,,238781.5119,not_run,,,Not run,Not run,Not run,False,False,False,
OR-010,NRM,NRM,False,,,,,,,,,,4003445.21,not_run,,,Not run,Not run,Not run,False,False,False,
OR-011,NRM,NRM,False,,,,,,,,,,3552260.54,not_run,,,Not run,Not run,Not run,False,False,False,
OR-012,NRM,NRM,False,,,,,,,,,,83748.37,not_run,,,Not run,Not run,Not run,False,False,False,
OR-013,NRM,NRM,False,,,,,,,,,,532.3,not_run,,,Not run,Not run,Not run,False,False,False,
OR-014,NRM,NRM,False,,,,,,,,,,1794269.0,not_run,,,Not run,Not run,Not run,False,False,False,
OR-015,NRM,NRM,False,,,,,,,,,,29660.0,not_run,,,Not run,Not run,Not run,False,False,False,
OR-016,NRM,NRM,False,,,,,,,,,,1568955.0,not_run,,,Not run,Not run,Not run,False,False,False,
OR-017,NRM,NRM,False,,,,,,,,,,2015.08,not_run,,,Not run,Not run,Not run,False,False,False,
OR-018,NRM,NRM,False,,,,,,,,,,782819438.6,not_run,,,Not run,Not run,Not run,False,False,False,
OR-019,NRM,NRM,False,,,,,,,,,,7123134.69,not_run,,,Not run,Not run,Not run,False,False,False,
OR-020,NRM,NRM,False,,,,,,,,,,11258129.67,not_run,,,Not run,Not run,Not run,False,False,False,
OR-021,NRM,NRM,False,,,,,,,,,,6020981.48,not_run,,,Not run,Not run,Not run,False,False,False,
OR-022,NRM,NRM,False,,,,,,,,,,4049812.425,not_run,,,Not run,Not run,Not run,False,False,False,
OR-023,NRM,NRM,False,,,,,,,,,,63628.0,not_run,,,Not run,Not run,Not run,False,False,False,
OR-024,NRM,NRM,False,,,,,,,,,,1264095.5,not_run,,,Not run,Not run,Not run,False,False,False,
OR-025,NRM,NRM,False,,,,,,,,,,5486959.83,not_run,,,Not run,Not run,Not run,False,False,False,
OR-026,NRM,NRM,False,,,,,,,,,,8851.75,not_run,,,Not run,Not run,Not run,False,False,False,
OR-027,NRM,NRM,False,,,,,,,,,,784297054.1,not_run,,,Not run,Not run,Not run,False,False,False,
OR-028,NRM,NRM,False,,,,,,,,,,285816.0,not_run,,,Not run,Not run,Not run,False,False,False,
OR-029,NRM,NRM,False,,,,,,,,,,5090631.58,not_run,,,Not run,Not run,Not run,False,False,False,
OR-030,NRM,NRM,False,,,,,,,,,,34856.76,not_run,,,Not run,Not run,Not run,False,False,False,
OR-031,NRM,NRM,False,,,,,,,,,,67016511.28,not_run,,,Not run,Not run,Not run,False,False,False,
OR-032,NRM,NRM,False,,,,,,,,,,1240406.25,not_run,,,Not run,Not run,Not run,False,False,False,
OR-033,NRM,NRM,False,,,,,,,,,,195506188.0,not_run,,,Not run,Not run,Not run,False,False,False,
OR-034,NRM,NRM,False,,,,,,,,,,914600.25,not_run,,,Not run,Not run,Not run,False,False,False,
OR-035,RA,RA,False,,,,,,,,,,150660.0,not_run,,,Not run,Not run,Not run,False,False,False,
OR-036,RA,RA,False,,,,,,,,,,509925.0,not_run,,,Not run,Not run,Not run,False,False,False,
OR-037,RA,RA,False,,,,,,,,,,722376.0,not_run,,,Not run,Not run,Not run,False,False,False,
OR-038,RA,RA,False,,,,,,,,,,1314500.0,not_run,,,Not run,Not run,Not run,False,False,False,
OR-039,RA,RA,False,,,,,,,,,,429000.0,not_run,,,Not run,Not run,Not run,False,False,False,
OR-040,RA,RA,False,,,,,,,,,,74260.0,not_run,,,Not run,Not run,Not run,False,False,False,
OR-041,RA,RA,False,,,,,,,,,,3912.0,not_run,,,Not run,Not run,Not run,False,False,False,
OR-042,RA,RA,False,,,,,,,,,,81918.0,not_run,,,Not run,Not run,Not run,False,False,False,
OR-043,RA,RA,False,,,,,,,,,,13570.0,not_run,,,Not run,Not run,Not run,False,False,False,
OR-044,RA,RA,False,,,,,,,,,,8000.0,not_run,,,Not run,Not run,Not run,False,False,False,
OR-045,RA,RA,False,,,,,,,,,,885.0,not_run,,,Not run,Not run,Not run,False,False,False,
OR-046,RA,RA,False,,,,,,,,,,212.0,not_run,,,Not run,Not run,Not run,False,False,False,
OR-047,RA,RA,False,,,,,,,,,,5433.0,not_run,,,Not run,Not run,Not run,False,False,False,
OR-048,RA,RA,False,,,,,,,,,,635052.0,not_run,,,Not run,Not run,Not run,False,False,False,
OR-049,RA,RA,False,,,,,,,,,,85500.0,not_run,,,Not run,Not run,Not run,False,False,False,
OR-050,Mixture,Others,False,,,,,,,,,,80250.0,not_run,,,Not run,Not run,Not run,False,False,False,
OR-051,RA,RA,False,,,,,,,,,,594900.0,not_run,,,Not run,Not run,Not run,False,False,False,
OR-052,RA,RA,False,,,,,,,,,,30240.0,not_run,,,Not run,Not run,Not run,False,False,False,
OR-053,RA,RA,False,,,,,,,,,,41040.0,not_run,,,Not run,Not run,Not run,False,False,False,
OR-054,RA,RA,False,,,,,,,,,,98670.0,not_run,,,Not run,Not run,Not run,False,False,False,
OR-055,RA,RA,False,,,,,,,,,,27088640.0,not_run,,,Not run,Not run,Not run,False,False,False,
OR-056,RA,RA,False,,,,,,,,,,55642671.0,not_run,,,Not run,Not run,Not run,False,False,False,
OR-057,RA,RA,False,,,,,,,,,,12502.0,not_run,,,Not run,Not run,Not run,False,False,False,
OR-058,FLP,FLP,False,,,,,,,,,,35950.65,not_run,,,Not run,Not run,Not run,False,False,False,
OR-059,FLP,FLP,False,,,,,,,,,,1862205008487.07,not_run,,,Not run,Not run,Not run,False,False,False,
OR-060,FLP,FLP,False,,,,,,,,,,8643.2,not_run,,,Not run,Not run,Not run,False,False,False,
OR-061,FLP,FLP,False,,,,,,,,,,10199.96,not_run,,,Not run,Not run,Not run,False,False,False,
OR-062,FLP,FLP,False,,,,,,,,,,172612.46,not_run,,,Not run,Not run,Not run,False,False,False,
OR-063,FLP,FLP,False,,,,,,,,,,778095.44,not_run,,,Not run,Not run,Not run,False,False,False,
OR-064,FLP,FLP,False,,,,,,,,,,18461.11,not_run,,,Not run,Not run,Not run,False,False,False,
OR-065,FLP,FLP,False,,,,,,,,,,317318.5,not_run,,,Not run,Not run,Not run,False,False,False,
OR-066,FLP,FLP,False,,,,,,,,,,11396.51,not_run,,,Not run,Not run,Not run,False,False,False,
OR-067,AP,AP,False,,,,,,,,,,9000.0,not_run,,,Not run,Not run,Not run,False,False,False,
OR-068,AP,AP,False,,,,,,,,,,9089.0,not_run,,,Not run,Not run,Not run,False,False,False,
OR-069,AP,AP,False,,,,,,,,,,4903.0,not_run,,,Not run,Not run,Not run,False,False,False,
OR-070,AP,AP,False,,,,,,,,,,8809.0,not_run,,,Not run,Not run,Not run,False,False,False,
OR-071,Mixture,Others,False,,,,,,,,,,24877.39,not_run,,,Not run,Not run,Not run,False,False,False,
OR-072,Others,Others,False,,,,,,,,,,320.0,not_run,,,Not run,Not run,Not run,False,False,False,
OR-073,Mixture,Others,False,,,,,,,,,,1146.57,not_run,,,Not run,Not run,Not run,False,False,False,
OR-074,Others,Others,False,,,,,,,,,,25.0,not_run,,,Not run,Not run,Not run,False,False,False,
OR-075,Mixture,Others,False,,,,,,,,,,1514.0,not_run,,,Not run,Not run,Not run,False,False,False,
OR-076,FLP,FLP,False,,,,,,,,,,103090.0,not_run,,,Not run,Not run,Not run,False,False,False,
OR-077,Others,Others,False,,,,,,,,,,133.0,not_run,,,Not run,Not run,Not run,False,False,False,
OR-078,Mixture,Others,False,,,,,,,,,,152.76,not_run,,,Not run,Not run,Not run,False,False,False,
OR-079,FLP,FLP,False,,,,,,,,,,2965.0,not_run,,,Not run,Not run,Not run,False,False,False,
OR-080,Mixture,Others,False,,,,,,,,,,14300.0,not_run,,,Not run,Not run,Not run,False,False,False,
OR-081,Others,Others,False,,,,,,,,,,3.91,not_run,,,Not run,Not run,Not run,False,False,False,
OR-082,Others,Others,False,,,,,,,,,,199.0,not_run,,,Not run,Not run,Not run,False,False,False,
OR-083,Mixture,Others,False,,,,,,,,,,34.0,not_run,,,Not run,Not run,Not run,False,False,False,
OR-084,Others,Others,False,,,,,,,,,,22.85,not_run,,,Not run,Not run,Not run,False,False,False,
OR-085,Others,Others,False,,,,,,,,,,419.0,not_run,,,Not run,Not run,Not run,False,False,False,
OR-086,Mixture,Others,False,,,,,,,,,,4500.0,not_run,,,Not run,Not run,Not run,False,False,False,
OR-087,Mixture,Others,False,,,,,,,,,,6243055.96,not_run,,,Not run,Not run,Not run,False,False,False,
OR-088,FLP,FLP,False,,,,,,,,,,150992.5,not_run,,,Not run,Not run,Not run,False,False,False,
OR-089,FLP,FLP,False,,,,,,,,,,1555.5,not_run,,,Not run,Not run,Not run,False,False,False,
OR-090,Mixture,Others,False,,,,,,,,,,108657.9,not_run,,,Not run,Not run,Not run,False,False,False,
OR-091,Mixture,Others,False,,,,,,,,,,421.0,not_run,,,Not run,Not run,Not run,False,False,False,
OR-092,Mixture,Others,False,,,,,,,,,,3148.93,not_run,,,Not run,Not run,Not run,False,False,False,
OR-093,AP,AP,False,,,,,,,,,,1577.6,not_run,,,Not run,Not run,Not run,False,False,False,
OR-094,Mixture,Others,False,,,,,,,,,,0.6,not_run,,,Not run,Not run,Not run,False,False,False,
OR-095,Mixture,Others,False,,,,,,,,,,1344480.0,not_run,,,Not run,Not run,Not run,False,False,False,
OR-096,Mixture,Others,False,,,,,,,,,,5044.0,not_run,,,Not run,Not run,Not run,False,False,False,
OR-097,Mixture,Others,False,,,,,,,,,,6.0,not_run,,,Not run,Not run,Not run,False,False,False,
OR-098,Mixture,Others,False,,,,,,,,,,0.0,not_run,,,Not run,Not run,Not run,False,False,False,
OR-099,FLP,FLP,False,,,,,,,,,,10419.0,not_run,,,Not run,Not run,Not run,False,False,False,
OR-100,Others,Others,False,,,,,,,,,,1382200.722,not_run,,,Not run,Not run,Not run,False,False,False,
OR-101,Mixture,Others,False,,,,,,,,,,25820.15,not_run,,,Not run,Not run,Not run,False,False,False,
