problem_id,true_label,assigned_route,final_ok,solution_correct,final_objective,label_objective,execution_error_type,execution_error,pipeline_stage,seconds,old_objective_match,old_solved
OR-001,TP,TP,True,True,172752.82458839755,172752.8246,,,completed,65.582,True,True
OR-002,TP,TP,True,True,6464420.6996351,6464420.7,,,completed,35.245,True,True
OR-003,TP,TP,True,True,36778.51094544001,36778.51094,,,completed,42.869,True,True
OR-004,TP,TP,True,True,913520.1122996622,913520.1123,,,completed,38.362,True,True
OR-005,TP,TP,True,True,2710.9341837593297,2710.934184,,,completed,29.065,True,True
OR-006,TP,TP,True,True,6340.972286592268,6340.972287,,,completed,40.057,True,True
OR-007,TP,TP,True,True,10291.2770066575,10291.27701,,,completed,27.46,True,True
OR-008,TP,TP,True,True,660.0,660.0,,,completed,22.081,True,True
OR-009,TP,TP,True,True,238781.5119254966,238781.5119,,,completed,22.263,True,True
OR-010,NRM,NRM,True,True,4003445.2099999995,4003445.21,,,completed,41.239,True,True
OR-011,NRM,NRM,True,True,3552260.54,3552260.54,,,completed,10.052,True,True
OR-012,NRM,NRM,True,True,83748.37000000001,83748.37,,,completed,49.267,True,True
OR-013,NRM,NRM,False,False,,532.3,BadRequestError,"BadRequestError: Error code: 400 - {'error': {'message': ""This model's maximum context length is 1047576 tokens. However, your messages resulted in 2417338 tokens. Please reduce the length of the messages."", 'type': 'invalid_request_error', 'param': 'messages', 'code': 'context_length_exceeded'}}",formulation,6.946,False,False
OR-014,NRM,NRM,True,True,1794269.0,1794269.0,,,completed,60.566,True,True
OR-015,NRM,NRM,False,False,,29660.0,APITimeoutError,APITimeoutError: Request timed out.,formulation,363.006,False,False
OR-016,NRM,NRM,True,True,1568955.0,1568955.0,,,completed,38.695,True,True
OR-017,NRM,NRM,True,True,2015.08,2015.08,,,completed,35.137,True,True
OR-018,NRM,NRM,True,True,782819438.64,782819438.6,,,completed,8.634,True,True
OR-019,NRM,NRM,True,True,7123134.6899999995,7123134.69,,,completed,15.151,True,True
OR-020,NRM,NRM,True,True,11258129.67,11258129.67,,,completed,59.947,True,True
OR-021,NRM,NRM,True,True,6020981.48,6020981.48,,,completed,44.497,True,True
OR-022,NRM,NRM,True,True,4049812.4247,4049812.425,,,completed,11.597,True,True
OR-023,NRM,NRM,True,False,61648.0,63628.0,,,completed,16.458,True,True
OR-024,NRM,NRM,True,True,1264095.5,1264095.5,,,completed,22.251,True,True
OR-025,NRM,NRM,True,True,5486959.829999999,5486959.83,,,completed,34.506,True,True
OR-026,NRM,NRM,True,True,8851.75,8851.75,,,completed,43.55,True,True
OR-027,NRM,NRM,True,True,784297054.11,784297054.1,,,completed,15.04,True,True
OR-028,NRM,NRM,False,False,,285816.0,ModelOutputTruncated,ModelOutputTruncated: Model output is incomplete: finish_reason=length,formulation,175.198,True,True
OR-029,NRM,NRM,True,True,5090631.58,5090631.58,,,completed,22.436,True,True
OR-030,NRM,NRM,True,False,33651.32,34856.76,,,completed,42.113,True,True
OR-031,NRM,NRM,True,True,67016511.28,67016511.28,,,completed,29.819,True,True
OR-032,NRM,NRM,True,True,1240406.25,1240406.25,,,completed,15.272,True,True
OR-033,NRM,NRM,True,True,195506188.0,195506188.0,,,completed,7.231,True,True
OR-034,NRM,NRM,True,True,914600.2500000002,914600.25,,,completed,116.793,True,True
OR-035,RA,RA,True,True,150660.0,150660.0,,,completed,19.106,True,True
OR-036,RA,RA,True,True,509925.0,509925.0,,,completed,25.733,True,True
OR-037,RA,RA,True,True,722376.0,722376.0,,,completed,19.994,True,True
OR-038,RA,RA,True,True,1314500.0,1314500.0,,,completed,19.659,True,True
OR-039,RA,RA,True,True,429000.0,429000.0,,,completed,31.946,True,True
OR-040,RA,RA,True,True,74260.0,74260.0,,,completed,19.44,True,True
OR-041,RA,RA,True,True,3912.0,3912.0,,,completed,22.943,True,True
OR-042,RA,Others,True,True,81918.0,81918.0,,,completed,12.126,True,True
OR-043,RA,RA,True,True,13570.0,13570.0,,,completed,24.343,True,True
OR-044,RA,RA,True,True,8000.0,8000.0,,,completed,15.626,True,True
OR-045,RA,RA,True,True,885.0,885.0,,,completed,12.906,True,True
OR-046,RA,RA,True,True,212.0,212.0,,,completed,14.695,True,True
OR-047,RA,RA,True,True,5433.0,5433.0,,,completed,43.439,True,True
OR-048,RA,RA,True,True,635052.0,635052.0,,,completed,29.517,True,True
OR-049,RA,RA,True,True,85500.0,85500.0,,,completed,25.639,True,True
OR-050,Mixture,RA,True,True,80250.0,80250.0,,,completed,24.731,True,True
OR-051,RA,RA,True,True,594900.0,594900.0,,,completed,25.02,True,True
OR-052,RA,RA,True,True,30240.0,30240.0,,,completed,23.987,True,True
OR-053,RA,RA,True,True,41040.0,41040.0,,,completed,17.827,True,True
OR-054,RA,RA,True,True,98670.0,98670.0,,,completed,17.293,True,True
OR-055,RA,RA,True,True,27088640.0,27088640.0,,,completed,28.274,True,True
OR-056,RA,RA,True,True,55642671.0,55642671.0,,,completed,24.148,True,True
OR-057,RA,RA,True,True,12502.0,12502.0,,,completed,14.338,True,True
OR-058,FLP,FLP,True,True,35950.649999999994,35950.65,,,completed,30.915,True,True
OR-059,FLP,FLP,True,True,1862205008776.57,1862205008487.07,,,completed,47.402,True,True
OR-060,FLP,FLP,True,True,8643.2,8643.2,,,completed,40.644,True,True
OR-061,FLP,FLP,True,True,10199.960000000001,10199.96,,,completed,30.337,True,True
OR-062,FLP,FLP,True,True,172612.46,172612.46,,,completed,32.268,True,True
OR-063,FLP,FLP,True,True,778095.44,778095.44,,,completed,31.338,True,True
OR-064,FLP,FLP,True,True,18461.11,18461.11,,,completed,102.106,True,True
OR-065,FLP,FLP,True,True,317318.5,317318.5,,,completed,22.26,True,True
OR-066,FLP,FLP,True,True,11396.51,11396.51,,,completed,23.387,True,True
OR-067,AP,AP,True,True,9000.0,9000.0,,,completed,13.189,True,True
OR-068,AP,AP,True,True,9089.0,9089.0,,,completed,21.881,True,True
OR-069,AP,AP,True,True,4903.0,4903.0,,,completed,33.33,True,True
OR-070,AP,AP,True,True,8809.0,8809.0,,,completed,18.43,True,True
OR-071,Mixture,RA,True,True,24877.394636015328,24877.39,,,completed,95.527,False,True
OR-072,Others,Others,True,True,320.0,320.0,,,completed,12.834,True,True
OR-073,Mixture,Others,True,True,1146.5665024630541,1146.57,,,completed,25.012,True,True
OR-074,Others,Others,True,True,25.0,25.0,,,completed,18.484,True,True
OR-075,Mixture,Others,True,True,1514.0,1514.0,,,completed,15.289,True,True
OR-076,FLP,FLP,True,True,103090.0,103090.0,,,completed,38.425,True,True
OR-077,Others,Others,True,True,133.0,133.0,,,completed,8.706,True,True
OR-078,Mixture,Others,True,True,152.76,152.76,,,completed,12.214,True,True
OR-079,FLP,FLP,True,True,2965.0,2965.0,,,completed,30.463,True,True
OR-080,Mixture,Others,False,False,,14300.0,KeyError,"KeyError: ('1', 0)",solve,25.387,True,True
OR-081,Others,Others,True,True,3.910164341169253,3.91,,,completed,11.764,True,True
OR-082,Others,Others,True,True,199.0,199.0,,,completed,18.657,True,True
OR-083,Mixture,Others,False,False,,34.0,ValueError,"ValueError: Invalid time value for worker 'Worker', task 'A': ''",solve,13.176,False,False
OR-084,Others,Others,True,True,22.85,22.85,,,completed,13.581,True,True
OR-085,Others,Others,False,False,,419.0,ValueError,"ValueError: Invalid or missing distance value at (1,1): ''",solve,12.205,False,False
OR-086,Mixture,Others,True,True,4500.0,4500.0,,,completed,17.443,True,True
OR-087,Mixture,Others,True,False,495705.4,6243055.96,,,completed,14.833,False,True
OR-088,FLP,FLP,True,True,150992.5,150992.5,,,completed,95.58,True,True
OR-089,FLP,FLP,True,True,1555.4999999999993,1555.5,,,completed,55.348,True,True
OR-090,Mixture,Others,True,True,108657.90000000002,108657.9,,,completed,17.336,False,False
OR-091,Mixture,Others,True,True,421.0,421.0,,,completed,12.79,True,True
OR-092,Mixture,Others,True,True,3148.9299999999994,3148.93,,,completed,20.625,True,True
OR-093,AP,AP,True,True,1577.6,1577.6,,,completed,40.512,True,True
OR-094,Mixture,RA,True,False,410.4,0.6,,,completed,29.01,True,True
OR-095,Mixture,Others,True,True,1344480.0,1344480.0,,,completed,22.951,True,True
OR-096,Mixture,Others,True,True,5044.0,5044.0,,,completed,20.965,True,True
OR-097,Mixture,Others,False,False,,6.0,TypeError,"TypeError: must be real number, not NoneType",solve,21.631,True,True
OR-098,Mixture,Others,True,True,0.0,0.0,,,completed,30.936,True,True
OR-099,FLP,FLP,True,True,10419.0,10419.0,,,completed,42.383,True,True
OR-100,Others,RA,True,False,930862.0,1382200.722,,,completed,47.3,False,True
OR-101,Mixture,RA,True,False,38969.9203187251,25820.15,,,completed,81.081,False,True
