problem_id,true_label,TP,NRM,RA,FLP,AP,Others
OR-001,TP,True,True,True,True,True,True
OR-002,TP,True,True,True,True,True,True
OR-003,TP,True,True,True,True,True,True
OR-004,TP,True,True,True,True,True,True
OR-005,TP,True,False,True,True,True,False
OR-006,TP,True,True,False,True,False,True
OR-007,TP,True,True,True,True,True,True
OR-008,TP,True,True,True,True,True,True
OR-009,TP,True,True,True,True,True,True
OR-010,NRM,True,True,True,True,True,True
OR-011,NRM,False,True,True,True,True,True
OR-012,NRM,False,True,True,False,True,True
OR-013,NRM,False,True,False,False,False,False
OR-014,NRM,True,True,True,True,True,True
OR-015,NRM,True,True,True,True,True,True
OR-016,NRM,True,False,True,True,True,True
OR-017,NRM,True,True,True,False,False,False
OR-018,NRM,False,True,True,True,True,True
OR-019,NRM,True,True,True,True,True,True
OR-020,NRM,True,True,True,True,True,True
OR-021,NRM,True,True,True,True,True,True
OR-022,NRM,True,True,True,True,True,True
OR-023,NRM,False,True,False,False,False,True
OR-024,NRM,True,True,True,True,True,True
OR-025,NRM,True,True,True,True,True,True
OR-026,NRM,False,True,False,True,True,False
OR-027,NRM,True,True,True,True,True,True
OR-028,NRM,True,True,True,True,True,True
OR-029,NRM,True,True,True,True,True,True
OR-030,NRM,False,True,False,False,False,True
OR-031,NRM,True,True,True,True,True,True
OR-032,NRM,True,True,True,True,True,True
OR-033,NRM,True,True,True,True,False,True
OR-034,NRM,True,True,True,True,True,True
OR-035,RA,True,True,True,True,True,True
OR-036,RA,True,True,True,True,True,True
OR-037,RA,False,True,True,True,True,True
OR-038,RA,True,True,True,False,True,True
OR-039,RA,True,True,True,True,True,True
OR-040,RA,True,False,True,True,True,True
OR-041,RA,False,False,True,False,False,False
OR-042,RA,True,True,True,True,True,True
OR-043,RA,False,True,True,False,True,True
OR-044,RA,True,True,True,True,True,True
OR-045,RA,True,True,True,True,False,True
OR-046,RA,False,True,True,False,True,True
OR-047,RA,True,True,True,True,True,True
OR-048,RA,True,True,True,True,True,True
OR-049,RA,True,True,True,True,True,True
OR-050,Mixture,True,True,True,True,True,True
OR-051,RA,True,True,True,True,True,True
OR-052,RA,True,True,True,True,True,True
OR-053,RA,True,True,True,True,True,True
OR-054,RA,True,True,True,True,True,True
OR-055,RA,True,True,True,True,True,True
OR-056,RA,True,True,True,True,True,True
OR-057,RA,True,True,True,True,True,True
OR-058,FLP,True,False,True,True,True,True
OR-059,FLP,True,True,True,True,True,True
OR-060,FLP,True,True,True,True,True,True
OR-061,FLP,True,True,True,True,True,True
OR-062,FLP,True,True,True,True,True,False
OR-063,FLP,True,True,True,True,True,True
OR-064,FLP,False,True,True,True,True,True
OR-065,FLP,True,True,True,True,True,True
OR-066,FLP,True,True,True,True,True,True
OR-067,AP,True,True,True,True,True,True
OR-068,AP,True,True,True,True,True,True
OR-069,AP,True,True,True,True,True,True
OR-070,AP,True,True,True,True,True,True
OR-071,Mixture,False,True,True,False,True,True
OR-072,Others,True,False,True,True,True,True
OR-073,Mixture,False,True,False,True,True,True
OR-074,Others,True,True,True,False,True,True
OR-075,Mixture,True,True,True,True,True,True
OR-076,FLP,True,True,True,True,True,True
OR-077,Others,True,True,True,True,True,True
OR-078,Mixture,True,True,True,True,True,True
OR-079,FLP,True,True,True,True,True,True
OR-080,Mixture,False,False,False,False,False,False
OR-081,Others,True,True,True,True,True,True
OR-082,Others,True,True,True,True,True,True
OR-083,Mixture,True,True,True,True,False,True
OR-084,Others,True,True,False,True,True,True
OR-085,Others,True,True,True,True,True,True
OR-086,Mixture,True,True,True,True,True,True
OR-087,Mixture,False,True,False,True,False,False
OR-088,FLP,True,True,True,True,True,True
OR-089,FLP,True,True,True,True,True,True
OR-090,Mixture,False,True,True,False,True,True
OR-091,Mixture,True,True,True,True,True,True
OR-092,Mixture,True,False,True,True,True,True
OR-093,AP,True,True,True,True,True,True
OR-094,Mixture,True,True,True,True,True,True
OR-095,Mixture,True,True,True,True,True,True
OR-096,Mixture,True,True,True,True,True,True
OR-097,Mixture,False,False,True,False,False,True
OR-098,Mixture,True,False,False,True,False,True
OR-099,FLP,True,True,True,True,True,True
OR-100,Others,True,False,False,False,True,True
OR-101,Mixture,False,True,True,False,False,True
