problem_id,held_out_type,loto_variant,true_label,predicted_label,assigned_route,disabled_workflow_route,allowed_labels,route_allowed,final_ok,final_objective,label_objective,solution_correct,classification_correct,pipeline_stage,execution_error_type,execution_error,cache_source,cache_fingerprint
OR-001,TP,examples_and_route,TP,Others,Others,TP,"NRM,RA,FLP,AP,Mixture,Others",True,True,172752.82458839755,172752.8246,True,,completed,,,computed,1fcff3f3ce9e7ffec46dec9ab8aafc05bb657cbff57535ecfa7937e4db8db338
OR-002,TP,examples_and_route,TP,RA,RA,TP,"NRM,RA,FLP,AP,Mixture,Others",True,True,6464420.6996351,6464420.7,True,,completed,,,computed,01df77fb214c4fdfd8aacc869a0ea565fc2839d1d929329ba034dd8a5d07c36c
OR-003,TP,examples_and_route,TP,RA,RA,TP,"NRM,RA,FLP,AP,Mixture,Others",,False,,36778.51094,False,,code_generation,ValueError,ValueError: Legacy CSV observation has a ragged row,computed,cc95e5c29c357f5c167beba5923f7513b68756bcbcf992922afd43599b2fe536
OR-004,TP,examples_and_route,TP,Others,Others,TP,"NRM,RA,FLP,AP,Mixture,Others",True,True,913520.1122932937,913520.1123,True,,completed,,,computed,acd611b48f1a9e907e0f221a3b33b9de454454d91b60eed439e73a7802414403
OR-005,TP,examples_and_route,TP,Others,Others,TP,"NRM,RA,FLP,AP,Mixture,Others",,False,,2710.934184,False,,solve,ValueError,"ValueError: Supplier mismatch between supply_capacity.csv and transportation_costs.csv: {'supplier1', 'supply6', 'supply5', 'supply2', 'supply4', 'supply8', 'supplier3', 'supplier4', 'supply3', 'supply7', 'supplier5', 'supply1', 'supplier6', 'supplier8', 'supplier2', 'supplier7'}",computed,228ff93b3533f70b38419a797111268b51a0b2bce5c95f405aeb132e92435ac7
OR-006,TP,examples_and_route,TP,RA,RA,TP,"NRM,RA,FLP,AP,Mixture,Others",,False,,6340.972287,False,,code_generation,ValueError,ValueError: Legacy CSV observation has a ragged row,computed,fe83d9d5bbbd760480368ae0659a1e8696dce5c22214f9fa4cfded0dd34bd347
OR-007,TP,examples_and_route,TP,Others,Others,TP,"NRM,RA,FLP,AP,Mixture,Others",True,True,10291.277006657501,10291.27701,True,,completed,,,computed,b29a07c9d61ba2b7ed65bbe6516f2f93c7fb1fcbcfb21db53ae5e91f4bb6b238
OR-008,TP,examples_and_route,TP,Others,Others,TP,"NRM,RA,FLP,AP,Mixture,Others",True,True,660.0,660.0,True,,completed,,,computed,c087f1866c0058080f98396ee9b48e811b6ad3cc9e4b5c9c1cf9f2a4f551e852
OR-009,TP,examples_and_route,TP,Others,Others,TP,"NRM,RA,FLP,AP,Mixture,Others",True,True,238781.5119254966,238781.5119,True,,completed,,,computed,8051bb30515cbafffa2e90c2a47b7332f809f9bc5cb95597d339d74e318290fb
OR-010,NRM,examples_and_route,NRM,RA,RA,NRM,"TP,RA,FLP,AP,Mixture,Others",,False,,4003445.21,False,,code_generation,ValueError,ValueError: Legacy CSV observation has a ragged row,computed,c3b1fedbcb6fa5897f03e798edf451c80835f6c89b317bd6237778364fde056f
OR-011,NRM,examples_and_route,NRM,RA,RA,NRM,"TP,RA,FLP,AP,Mixture,Others",True,True,3552260.54,3552260.54,True,,completed,,,computed,55311d40b71d2b4fab174f650bf85fda5e9905f291d94fcdcffb6a9f4224e980
OR-012,NRM,examples_and_route,NRM,RA,RA,NRM,"TP,RA,FLP,AP,Mixture,Others",True,True,83748.37000000001,83748.37,True,,completed,,,computed,2650ae356bfc3df3ffe4c56a0dce7718802d4ed3735c45f92a19c4d5bd620efe
OR-013,NRM,examples_and_route,NRM,RA,RA,NRM,"TP,RA,FLP,AP,Mixture,Others",,False,,532.3,False,,formulation,BadRequestError,"BadRequestError: Error code: 400 - {'error': {'message': ""This model's maximum context length is 1047576 tokens. However, your messages resulted in 2033103 tokens. Please reduce the length of the messages."", 'type': 'invalid_request_error', 'param': 'messages', 'code': 'context_length_exceeded'}}",computed,97a328a28183c3b1c52b87a1dad3228ca96375affa7b1bd861b523203efa98e3
OR-014,NRM,examples_and_route,NRM,RA,RA,NRM,"TP,RA,FLP,AP,Mixture,Others",,False,,1794269.0,False,,code_generation,ValueError,ValueError: Legacy CSV observation has a ragged row,computed,282068f82d1f31e3aa1ec847cb181742fc03bb979c450a26bfc4f08b36a75646
OR-015,NRM,examples_and_route,NRM,RA,RA,NRM,"TP,RA,FLP,AP,Mixture,Others",True,True,29660.0,29660.0,True,,completed,,,computed,a63b324c7c4e5f55baeb1192b803748218ff4cad6a73e1653116d27cfa7cbd3a
OR-016,NRM,examples_and_route,NRM,RA,RA,NRM,"TP,RA,FLP,AP,Mixture,Others",True,True,1568955.0,1568955.0,True,,completed,,,computed,d6185dc2149f3f75089016f4c2a6146010cfcdafde815c082153c198487d1450
OR-017,NRM,examples_and_route,NRM,RA,RA,NRM,"TP,RA,FLP,AP,Mixture,Others",True,True,2015.08,2015.08,True,,completed,,,computed,5f539cb60e568b8f3ce67e2986c8f6c3e523e6f0058969cf94f229362efb13ba
OR-018,NRM,examples_and_route,NRM,RA,RA,NRM,"TP,RA,FLP,AP,Mixture,Others",True,True,782819438.64,782819438.6,True,,completed,,,computed,170dd9a624e739da740e137282287ddfbf724bd8264734b659bc41a592d10161
OR-019,NRM,examples_and_route,NRM,RA,RA,NRM,"TP,RA,FLP,AP,Mixture,Others",True,True,7123134.6899999995,7123134.69,True,,completed,,,computed,855ef366f183aa899dadff86236a37239876b78d58dca836978c0e20d92c4b62
OR-020,NRM,examples_and_route,NRM,RA,RA,NRM,"TP,RA,FLP,AP,Mixture,Others",True,True,11258129.67,11258129.67,True,,completed,,,computed,6c7e0e44c0e8b149343fa809cd4e0a59164bdbd9e86d00688f800dd8fb3024c7
OR-021,NRM,examples_and_route,NRM,RA,RA,NRM,"TP,RA,FLP,AP,Mixture,Others",,False,,6020981.48,False,,code_generation,ValueError,ValueError: Legacy CSV observation has a ragged row,computed,fc7fab289526700f45929a52261094300dc24eb2e5d2132cdd03c032ea8a12fc
OR-022,NRM,examples_and_route,NRM,RA,RA,NRM,"TP,RA,FLP,AP,Mixture,Others",True,True,4049812.4247,4049812.425,True,,completed,,,computed,c876c6d853cb6655165757d3f4d9a8998713d6ae9e6e9b14c8bee69da4d34d8c
OR-023,NRM,examples_and_route,NRM,RA,RA,NRM,"TP,RA,FLP,AP,Mixture,Others",True,True,61648.0,63628.0,False,,completed,,,computed,2d9b8ec900a12db51b60e6c4a742373630f78280b5eb6078f0ce041b7916a93f
OR-024,NRM,examples_and_route,NRM,RA,RA,NRM,"TP,RA,FLP,AP,Mixture,Others",True,True,1264095.5,1264095.5,True,,completed,,,computed,24027810e3727b0d9e05f72e523a1a0ea334fa175cc710f3fa3fd48d06b17201
OR-025,NRM,examples_and_route,NRM,RA,RA,NRM,"TP,RA,FLP,AP,Mixture,Others",True,True,5486959.829999999,5486959.83,True,,completed,,,computed,56f3c83e8d088a7cbc0ec9e795fa6fc816f86c7c0355cd20c74259c34682c9d1
OR-026,NRM,examples_and_route,NRM,RA,RA,NRM,"TP,RA,FLP,AP,Mixture,Others",True,True,8851.75,8851.75,True,,completed,,,computed,22fbfc26493211855406b6cd96c9a9391549b5a0a3a73643cc9fbb7216c97a8d
OR-027,NRM,examples_and_route,NRM,RA,RA,NRM,"TP,RA,FLP,AP,Mixture,Others",True,True,784297054.11,784297054.1,True,,completed,,,computed,0c85e79a83673e3797875d8eb4a1df47fd3261341912512f06229f5358068c71
OR-028,NRM,examples_and_route,NRM,RA,RA,NRM,"TP,RA,FLP,AP,Mixture,Others",True,True,285816.0,285816.0,True,,completed,,,computed,f42ee619b43ec60d33a754c1fe3890f8a54fa3766d25804944373b66b9262abd
OR-029,NRM,examples_and_route,NRM,RA,RA,NRM,"TP,RA,FLP,AP,Mixture,Others",True,True,5090631.58,5090631.58,True,,completed,,,computed,59a1044aaf7b78fc30b8b94b2b94ea9403c37dfb01f4a9bb6d08802e9f3a6c1a
OR-030,NRM,examples_and_route,NRM,RA,RA,NRM,"TP,RA,FLP,AP,Mixture,Others",True,True,14347.28,34856.76,False,,completed,,,computed,223123aad827361bb45c445681c50f2d5bb3e0f675daa507a9bd39ab37dbcc0d
OR-031,NRM,examples_and_route,NRM,RA,RA,NRM,"TP,RA,FLP,AP,Mixture,Others",True,True,67016511.28,67016511.28,True,,completed,,,computed,1c8f172174e9e4c3b26da7e2363f99f37ff523d57ea845429125108e3642ef4e
OR-032,NRM,examples_and_route,NRM,RA,RA,NRM,"TP,RA,FLP,AP,Mixture,Others",True,True,1240406.25,1240406.25,True,,completed,,,computed,eb9b23736bd46d90ca17d7033add582d85d78b796bc2502749bd08f2d0ffbec0
OR-033,NRM,examples_and_route,NRM,RA,RA,NRM,"TP,RA,FLP,AP,Mixture,Others",True,True,195506188.0,195506188.0,True,,completed,,,computed,17cf8a185e5035f680ed77dbc8d04c400b5e3b76e878e28cda793147126feef1
OR-034,NRM,examples_and_route,NRM,RA,RA,NRM,"TP,RA,FLP,AP,Mixture,Others",,False,,914600.25,False,,code_generation,ValueError,ValueError: Legacy CSV observation has a ragged row,computed,c76849c0d2fc1a7cccfabac50a57a15b2b5f195981c865e7225fddec0a76b831
OR-035,RA,examples_and_route,RA,Others,Others,RA,"TP,NRM,FLP,AP,Mixture,Others",True,True,150660.0,150660.0,True,,completed,,,computed,eda0c2535b5792f4ab414c6f5eb2b6b868af378cf54e7dc06d179785a7ccacfc
OR-036,RA,examples_and_route,RA,Others,Others,RA,"TP,NRM,FLP,AP,Mixture,Others",True,True,509925.0,509925.0,True,,completed,,,computed,212b644176d5ccb592f07f7c673354e02104c03db5d6cde341997792470286f4
OR-037,RA,examples_and_route,RA,Others,Others,RA,"TP,NRM,FLP,AP,Mixture,Others",True,True,722376.0,722376.0,True,,completed,,,computed,ef1361dd658a016a986d74dacaec80e7a7854d5f3f70228f27aae74d8abc72bf
OR-038,RA,examples_and_route,RA,Others,Others,RA,"TP,NRM,FLP,AP,Mixture,Others",True,True,1314500.0,1314500.0,True,,completed,,,computed,2b66d1e91098f9334b42349412474bb68a145fb098eecb9bed8578c7da690ba6
OR-039,RA,examples_and_route,RA,Others,Others,RA,"TP,NRM,FLP,AP,Mixture,Others",True,True,429000.0,429000.0,True,,completed,,,computed,78694a6c27c33f0bba02c5cf7f71e4df50f0a5c9a7949d732250ecad97caad20
OR-040,RA,examples_and_route,RA,Others,Others,RA,"TP,NRM,FLP,AP,Mixture,Others",True,True,74260.0,74260.0,True,,completed,,,computed,d07a3c6f745fba48240ee0384d966391353e5b84a0742e044ae0e0c0090153e2
OR-041,RA,examples_and_route,RA,Others,Others,RA,"TP,NRM,FLP,AP,Mixture,Others",True,True,4408.523076923077,3912.0,False,,completed,,,computed,d108589ecee58f6b680c794004a8fd4ac64622b2dd01848b4cd6df71c83c68d3
OR-042,RA,examples_and_route,RA,Others,Others,RA,"TP,NRM,FLP,AP,Mixture,Others",,False,,81918.0,False,,solve,ValueError,ValueError: The truth value of an array with more than one element is ambiguous. Use a.any() or a.all(),computed,477624f617e0825f2d3992387c6617019a8fa9613e452ea1b1fa41cd0caef1e1
OR-043,RA,examples_and_route,RA,Others,Others,RA,"TP,NRM,FLP,AP,Mixture,Others",True,True,13570.0,13570.0,True,,completed,,,computed,aa397539f26a76fe957d208fb93ca4a8e518d6df555ffe2641ae3d5e479c5675
OR-044,RA,examples_and_route,RA,Others,Others,RA,"TP,NRM,FLP,AP,Mixture,Others",True,True,8000.0,8000.0,True,,completed,,,computed,4d52fa01bc69bb3dd55172bd995775f69990a6c64d51c14a2f8940f03c3f5fe1
OR-045,RA,examples_and_route,RA,Others,Others,RA,"TP,NRM,FLP,AP,Mixture,Others",True,True,885.0,885.0,True,,completed,,,computed,81c3fc36b7a89512cbf0c697930366aeaa080051207538f851c501af2e43fc01
OR-046,RA,examples_and_route,RA,Others,Others,RA,"TP,NRM,FLP,AP,Mixture,Others",True,True,212.0,212.0,True,,completed,,,computed,4878243775c8fbaf226a38b4003b6002a547a971ad0e7fd31ab9c555f519a275
OR-047,RA,examples_and_route,RA,Mixture,Others,RA,"TP,NRM,FLP,AP,Mixture,Others",True,True,5433.0,5433.0,True,,completed,,,computed,7be72e9d0bbf67612c5cef1cc13a81ccf88b0dbc4ba51ac7296cb925b5fa573a
OR-048,RA,examples_and_route,RA,Others,Others,RA,"TP,NRM,FLP,AP,Mixture,Others",True,True,635052.0,635052.0,True,,completed,,,computed,df107e5260c38c1a7f92e171c427b9d0c98dc455d55628571b328d34a1470559
OR-049,RA,examples_and_route,RA,Others,Others,RA,"TP,NRM,FLP,AP,Mixture,Others",True,True,85500.0,85500.0,True,,completed,,,computed,13a318b28a9ac09ae1917aa2581b3d53eebd299544bbd5e1ae8b94112711dbe3
OR-051,RA,examples_and_route,RA,Others,Others,RA,"TP,NRM,FLP,AP,Mixture,Others",True,True,594900.0,594900.0,True,,completed,,,computed,40da7f2d1af5f17964be9a31f5cc876a30688f37d753fb79c12f4cfcdc13cfcd
OR-052,RA,examples_and_route,RA,Others,Others,RA,"TP,NRM,FLP,AP,Mixture,Others",True,True,30240.0,30240.0,True,,completed,,,computed,757b4e96692df947cd2acf6ea781356a67cc9f6e4ecaffff9331a39b66c149bc
OR-053,RA,examples_and_route,RA,Others,Others,RA,"TP,NRM,FLP,AP,Mixture,Others",True,True,41040.0,41040.0,True,,completed,,,computed,7014904ba13420d8ff3ff5ed2eb679f294afbcedccccdf51a31d2dd71e3ab1b4
OR-054,RA,examples_and_route,RA,Others,Others,RA,"TP,NRM,FLP,AP,Mixture,Others",True,True,98670.0,98670.0,True,,completed,,,computed,83607b419a321e5621040a6e87213003f4407647add961f978eeb2831fd41c35
OR-055,RA,examples_and_route,RA,Others,Others,RA,"TP,NRM,FLP,AP,Mixture,Others",True,True,27088640.0,27088640.0,True,,completed,,,computed,7c752ee6671a7272effcb89e8b6a92b4081724077d1cd7991c4644b681190bfd
OR-056,RA,examples_and_route,RA,Others,Others,RA,"TP,NRM,FLP,AP,Mixture,Others",True,True,55642671.0,55642671.0,True,,completed,,,computed,7702d9539da7f2222584c05f1ca66e3e88252ac029e0ec0b59129ee18cb36d8b
OR-057,RA,examples_and_route,RA,Others,Others,RA,"TP,NRM,FLP,AP,Mixture,Others",True,True,12502.0,12502.0,True,,completed,,,computed,a7339a22092bb218ac8cd2bc96f82609d4dd466a3726d056702a7507eabdfd21
OR-058,FLP,examples_and_route,FLP,Mixture,Others,FLP,"TP,NRM,RA,AP,Mixture,Others",True,True,35950.649999999994,35950.65,True,,completed,,,computed,a54b3a6e6e1e684f4dd5ad6c7038874ab27adc00c20deebf4474bd519ce61f86
OR-059,FLP,examples_and_route,FLP,Mixture,Others,FLP,"TP,NRM,RA,AP,Mixture,Others",True,True,1862205008776.57,1862205008487.07,True,,completed,,,computed,00fa7ccdd639a127da9aeffeedfbce26d59750173eae7e724699f71a876bd308
OR-060,FLP,examples_and_route,FLP,Mixture,Others,FLP,"TP,NRM,RA,AP,Mixture,Others",True,True,8643.2,8643.2,True,,completed,,,computed,d524aaba20f63a63b3fd833cc9a63e2f778e8501bd5c9352b4619879154c13fc
OR-061,FLP,examples_and_route,FLP,Mixture,Others,FLP,"TP,NRM,RA,AP,Mixture,Others",True,True,10199.960000000001,10199.96,True,,completed,,,computed,2c4ae10527fb4b7529f36b30fa8606e19ed97d98a8567e1eaa25dc78eb5969b6
OR-062,FLP,examples_and_route,FLP,Mixture,Others,FLP,"TP,NRM,RA,AP,Mixture,Others",True,True,172612.46,172612.46,True,,completed,,,computed,e3970e5c3d2764e9e4d931f68347e2e5178dfa97d02db0e6853b2110730a6145
OR-063,FLP,examples_and_route,FLP,Mixture,Others,FLP,"TP,NRM,RA,AP,Mixture,Others",True,True,778095.44,778095.44,True,,completed,,,computed,31ae261692c40e57bec8486c2dd305d230f8640119043a57379c6210d8a16e52
OR-064,FLP,examples_and_route,FLP,Mixture,Others,FLP,"TP,NRM,RA,AP,Mixture,Others",True,True,18461.11,18461.11,True,,completed,,,computed,7475c888393e5219ad2c7b76addb7c5d53ce4c16e62ac1ff48a8f415aaec2aaa
OR-065,FLP,examples_and_route,FLP,Mixture,Others,FLP,"TP,NRM,RA,AP,Mixture,Others",True,True,317318.5,317318.5,True,,completed,,,computed,000bcafd088a6af10f7f12e5186de1b903850600beaf39c734c6b2e396e7e6ea
OR-066,FLP,examples_and_route,FLP,Mixture,Others,FLP,"TP,NRM,RA,AP,Mixture,Others",True,True,11396.51,11396.51,True,,completed,,,computed,3e4a3cc1cb5d187910a29d3cd13576b9f52038cf36cc01ac79e65a1b4dd90344
OR-076,FLP,examples_and_route,FLP,Mixture,Others,FLP,"TP,NRM,RA,AP,Mixture,Others",True,True,103090.0,103090.0,True,,completed,,,computed,23c8b26abad7b92e7b43ffd74c63a235f93d0cf23fc5b7d762327b0d06774102
OR-079,FLP,examples_and_route,FLP,Mixture,Others,FLP,"TP,NRM,RA,AP,Mixture,Others",True,True,2965.0,2965.0,True,,completed,,,computed,7c1b75947c98f5892489fcc2e72f6742bea29c19229fac1182d04f2d32a6c9d2
OR-088,FLP,examples_and_route,FLP,Mixture,Others,FLP,"TP,NRM,RA,AP,Mixture,Others",True,True,150992.5,150992.5,True,,completed,,,computed,c41969a401b77ab4ddc6626d75768a68d533e459d8871b0fced8061c7b13d58e
OR-089,FLP,examples_and_route,FLP,Mixture,Others,FLP,"TP,NRM,RA,AP,Mixture,Others",True,True,1555.4999999999993,1555.5,True,,completed,,,computed,4660b163b03fe1e7df1892362abb8610b9a12d4d80aec4ce92ab9bda1e8f4196
OR-099,FLP,examples_and_route,FLP,Mixture,Others,FLP,"TP,NRM,RA,AP,Mixture,Others",True,True,10419.0,10419.0,True,,completed,,,computed,b30df38f1d1819ea33308682068f8b9af77450854e31979ba098b45253db0f30
OR-067,AP,examples_and_route,AP,Others,Others,AP,"TP,NRM,RA,FLP,Mixture,Others",True,True,9000.0,9000.0,True,,completed,,,computed,e468779286786bb0f2a9bfcffe6e167588fd9fd199b0d51fb8b6d0a1bd7d60b4
OR-068,AP,examples_and_route,AP,Others,Others,AP,"TP,NRM,RA,FLP,Mixture,Others",True,True,9089.0,9089.0,True,,completed,,,computed,5662c312f8afb4bd6532c59c505b7feed8bde079bea15c07e41617c21245c5b8
OR-069,AP,examples_and_route,AP,Others,Others,AP,"TP,NRM,RA,FLP,Mixture,Others",True,True,4903.0,4903.0,True,,completed,,,computed,7c788b36462c84ad5c76efadd73805214c01ba8b4d9bc27102548529bc9a2c99
OR-070,AP,examples_and_route,AP,Others,Others,AP,"TP,NRM,RA,FLP,Mixture,Others",True,True,8809.0,8809.0,True,,completed,,,computed,37d63197e958c6fc5f70a2e562bdbea924272b5ab545fb78a2fc3daaf512a267
OR-093,AP,examples_and_route,AP,Others,Others,AP,"TP,NRM,RA,FLP,Mixture,Others",True,True,1577.6,1577.6,True,,completed,,,computed,67e25ce7517541f0681f80c63754d901725625c6755cc731394827b5719e0458
OR-050,Mixture,examples_and_route,Mixture,RA,RA,Others,"TP,NRM,RA,FLP,AP",,False,,80250.0,False,,code_generation,ValueError,ValueError: Legacy CSV observation has a ragged row,computed,79d0e28fe5e16f95024a28378cf122d658fb590bb254f2ad853666fada5ec08a
OR-071,Mixture,examples_and_route,Mixture,RA,RA,Others,"TP,NRM,RA,FLP,AP",True,True,24877.394636015328,24877.39,True,,completed,,,computed,07db4f0ae6808fd56da040fabcfc886c6dc1b10424dc653105b23ccdc7ec431d
OR-073,Mixture,examples_and_route,Mixture,RA,RA,Others,"TP,NRM,RA,FLP,AP",True,True,2480.6953201970446,1146.57,False,,completed,,,computed,1fb559d2b9f3d8fcea7534ca420bafd666ec0e271594aa77f65625c0ce1bb557
OR-075,Mixture,examples_and_route,Mixture,RA,RA,Others,"TP,NRM,RA,FLP,AP",True,True,1514.0,1514.0,True,,completed,,,computed,a59a1f232d7030ad72bb7b00b07fcc7049b39048a6d69579ab5307d8d2895251
OR-078,Mixture,examples_and_route,Mixture,RA,RA,Others,"TP,NRM,RA,FLP,AP",True,True,152.76,152.76,True,,completed,,,computed,d64feedfb06845e6365fb946c581da26ac639a3a6c1d397fe624329abfd1a041
OR-080,Mixture,examples_and_route,Mixture,TP,TP,Others,"TP,NRM,RA,FLP,AP",True,True,15590.0,14300.0,False,,completed,,,computed,a8862ff5fa5803961616beec043a28bcacf36d461f114995defeff8bbf11c3d9
OR-083,Mixture,examples_and_route,Mixture,AP,AP,Others,"TP,NRM,RA,FLP,AP",True,True,34.0,34.0,True,,completed,,,computed,d7b303524415154c5162e9bb889ac76feb10a90f231481ceeae3010d3088705c
OR-086,Mixture,examples_and_route,Mixture,RA,RA,Others,"TP,NRM,RA,FLP,AP",True,True,4500.0,4500.0,True,,completed,,,computed,0bf156559e7b2e767de93a8492a040dbe726b129df6a2abfb74d5217adf753ae
OR-087,Mixture,examples_and_route,Mixture,RA,RA,Others,"TP,NRM,RA,FLP,AP",True,True,6243055.959999999,6243055.96,True,,completed,,,computed,cf9f096e5075e7f0a9eaea7a773eb0615b3787ab263f728e3e858bbfe1718b6d
OR-090,Mixture,examples_and_route,Mixture,RA,RA,Others,"TP,NRM,RA,FLP,AP",True,True,108657.90000000002,108657.9,True,,completed,,,computed,b83e3b8f1eea4fa8c7bd950b603eca289a23cf1a6f9b7c5737a35cb0d7789033
OR-091,Mixture,examples_and_route,Mixture,RA,RA,Others,"TP,NRM,RA,FLP,AP",True,True,421.0,421.0,True,,completed,,,computed,5c09dccc0189dc442da82ce720fb07ffd84b72e06de6748e4eb6f20d1e11266e
OR-092,Mixture,examples_and_route,Mixture,TP,TP,Others,"TP,NRM,RA,FLP,AP",True,True,3148.9299999999994,3148.93,True,,completed,,,computed,34068f6a911d370c10ff24e88814c6221db19b3f06be59284e7392b94f8b0024
OR-094,Mixture,examples_and_route,Mixture,RA,RA,Others,"TP,NRM,RA,FLP,AP",True,True,0.6000000000003638,0.6,True,,completed,,,computed,29abe2b9d57c5d368a8093ab8522092dbdf934df00778e42f03401161e713390
OR-095,Mixture,examples_and_route,Mixture,RA,RA,Others,"TP,NRM,RA,FLP,AP",,False,,1344480.0,False,,code_generation,ValueError,ValueError: Legacy CSV observation has a ragged row,computed,88a235a0963df8d98d250a094033ef2b027fc9035671e3025582085b287beb87
OR-096,Mixture,examples_and_route,Mixture,TP,TP,Others,"TP,NRM,RA,FLP,AP",,False,,5044.0,False,,solve,ValueError,ValueError: Population totals do not match specification.,computed,80ced6523f8869e06ae178af6e658f5edaceb31550cdcc1baff2ec110a2c6990
OR-097,Mixture,examples_and_route,Mixture,RA,RA,Others,"TP,NRM,RA,FLP,AP",True,True,6.0,6.0,True,,completed,,,computed,9114c36fcc5bcd007d4ab96a21bffc1b617c7e3d7fb5739991f3a41720b8fa0c
OR-098,Mixture,examples_and_route,Mixture,AP,AP,Others,"TP,NRM,RA,FLP,AP",True,True,300.0,0.0,False,,completed,,,computed,6fd4a90572527d5b204f39b5d3d30ed22cd636b5dbf29cae8f7ce25cd559e9f0
OR-101,Mixture,examples_and_route,Mixture,RA,RA,Others,"TP,NRM,RA,FLP,AP",,False,,25820.15,False,,code_generation,ValueError,ValueError: Legacy CSV observation has a ragged row,computed,ac992386701820f36512cd889567dba87c2c457ecd65652fb2687375ec4ba3ac
OR-072,Others,examples_and_route,Others,RA,RA,Others,"TP,NRM,RA,FLP,AP",True,True,320.0,320.0,True,,completed,,,computed,a24648a513a2370052dd2f344ecc7f5449d1fc7b16f4338cd6538f269991fe19
OR-074,Others,examples_and_route,Others,RA,RA,Others,"TP,NRM,RA,FLP,AP",True,True,25.0,25.0,True,,completed,,,computed,e876126c2789b1f2f6828bbcf55d35fab4db683cbacf4309b61ddcd6ea6f9337
OR-077,Others,examples_and_route,Others,RA,RA,Others,"TP,NRM,RA,FLP,AP",True,True,133.0,133.0,True,,completed,,,computed,24bd5bb8503d6f1c328529b707ce4fd932d0f6a191ab286c0c32f6b217fb9a78
OR-081,Others,examples_and_route,Others,RA,RA,Others,"TP,NRM,RA,FLP,AP",True,True,3.910164341169253,3.91,True,,completed,,,computed,acb9064b32748b9e36b1cd283240510d9eb001d9b0468483e175fd6d451caa84
OR-082,Others,examples_and_route,Others,TP,TP,Others,"TP,NRM,RA,FLP,AP",True,True,199.0,199.0,True,,completed,,,computed,bc0b1a53c10b886c35ad2c1530827ddd1afb19f4570de11f9e1b49949dd27803
OR-084,Others,examples_and_route,Others,AP,AP,Others,"TP,NRM,RA,FLP,AP",True,True,22.85,22.85,True,,completed,,,computed,a63d92d72d7570722181a8371810cb42deae80b628b5e001b036a6ee233b8991
OR-085,Others,examples_and_route,Others,AP,AP,Others,"TP,NRM,RA,FLP,AP",True,True,296.0,419.0,False,,completed,,,computed,163a70248673809ea8ab395c53ea5f16fe6f9a5155400ac590fb84086df9ec54
OR-100,Others,examples_and_route,Others,RA,RA,Others,"TP,NRM,RA,FLP,AP",True,True,1382045.0,1382200.722,False,,completed,,,computed,d3be6454214c10628253d3146a93f93172ec7dfcd3d09eef28d7daeee9f2d27c
