round,graph,node,old_label,neighbor_old_labels,new_label
0,A,x1,,,V
0,A,x2,,,V
0,A,C1,,,R
0,A,C2,,,R
0,C,x1,,,V
0,C,x2,,,V
0,C,C1,,,R
0,C,C2,,,R
0,C,C3,,,R
1,A,x1,V,"[""R"", ""R""]",a
1,A,x2,V,"[""R"", ""R""]",a
1,A,C1,R,"[""V"", ""V""]",b
1,A,C2,R,"[""V"", ""V""]",b
1,C,x1,V,"[""R"", ""R"", ""R""]",c
1,C,x2,V,"[""R"", ""R""]",a
1,C,C1,R,"[""V"", ""V""]",b
1,C,C2,R,"[""V"", ""V""]",b
1,C,C3,R,"[""V""]",d
2,A,x1,a,"[""b"", ""b""]",p
2,A,x2,a,"[""b"", ""b""]",p
2,A,C1,b,"[""a"", ""a""]",q
2,A,C2,b,"[""a"", ""a""]",q
2,C,x1,c,"[""b"", ""b"", ""d""]",r
2,C,x2,a,"[""b"", ""b""]",p
2,C,C1,b,"[""a"", ""c""]",s
2,C,C2,b,"[""a"", ""c""]",s
2,C,C3,d,"[""c""]",t
