problem_id,predicted_label,assigned_route
OR-001,TP,TP
OR-002,TP,TP
OR-003,TP,TP
OR-004,TP,TP
OR-005,TP,TP
OR-006,TP,TP
OR-007,TP,TP
OR-008,TP,TP
OR-009,TP,TP
OR-010,NRM,NRM
OR-011,NRM,NRM
OR-012,NRM,NRM
OR-013,NRM,NRM
OR-014,NRM,NRM
OR-015,NRM,NRM
OR-016,NRM,NRM
OR-017,NRM,NRM
OR-018,NRM,NRM
OR-019,NRM,NRM
OR-020,NRM,NRM
OR-021,NRM,NRM
OR-022,NRM,NRM
OR-023,NRM,NRM
OR-024,NRM,NRM
OR-025,NRM,NRM
OR-026,NRM,NRM
OR-027,NRM,NRM
OR-028,NRM,NRM
OR-029,NRM,NRM
OR-030,NRM,NRM
OR-031,NRM,NRM
OR-032,NRM,NRM
OR-033,NRM,NRM
OR-034,NRM,NRM
OR-035,RA,RA
OR-036,RA,RA
OR-037,RA,RA
OR-038,RA,RA
OR-039,RA,RA
OR-040,RA,RA
OR-041,RA,RA
OR-042,Others,Others
OR-043,RA,RA
OR-044,RA,RA
OR-045,RA,RA
OR-046,RA,RA
OR-047,RA,RA
OR-048,RA,RA
OR-049,RA,RA
OR-050,RA,RA
OR-051,RA,RA
OR-052,RA,RA
OR-053,RA,RA
OR-054,RA,RA
OR-055,RA,RA
OR-056,RA,RA
OR-057,RA,RA
OR-058,FLP,FLP
OR-059,FLP,FLP
OR-060,FLP,FLP
OR-061,FLP,FLP
OR-062,FLP,FLP
OR-063,FLP,FLP
OR-064,FLP,FLP
OR-065,FLP,FLP
OR-066,FLP,FLP
OR-067,AP,AP
OR-068,AP,AP
OR-069,AP,AP
OR-070,AP,AP
OR-071,RA,RA
OR-072,Others,Others
OR-073,Mixture,Others
OR-074,Others,Others
OR-075,Mixture,Others
OR-076,FLP,FLP
OR-077,Others,Others
OR-078,Mixture,Others
OR-079,FLP,FLP
OR-080,Mixture,Others
OR-081,Others,Others
OR-082,Others,Others
OR-083,Mixture,Others
OR-084,Others,Others
OR-085,Others,Others
OR-086,Mixture,Others
OR-087,Mixture,Others
OR-088,FLP,FLP
OR-089,FLP,FLP
OR-090,Mixture,Others
OR-091,Others,Others
OR-092,Mixture,Others
OR-093,AP,AP
OR-094,RA,RA
OR-095,Mixture,Others
OR-096,Mixture,Others
OR-097,Mixture,Others
OR-098,Others,Others
OR-099,FLP,FLP
OR-100,RA,RA
OR-101,RA,RA
