method,benchmark,assigned_route,total,objective_match,objective_accuracy,solved,solved_accuracy,failures,solved_objective_mismatch
Full,main,TP,9,9,1.0,9,1.0,0,0
Full,main,NRM,25,24,0.96,25,1.0,0,1
Full,main,RA,26,25,0.9615384615384616,26,1.0,0,1
Full,main,FLP,14,14,1.0,14,1.0,0,0
Full,main,AP,5,5,1.0,5,1.0,0,0
Full,main,Others,22,20,0.9090909090909091,22,1.0,0,2
Full,variants,TP,1,1,1.0,1,1.0,0,0
Full,variants,NRM,0,0,,0,,0,0
Full,variants,RA,2,2,1.0,2,1.0,0,0
Full,variants,FLP,5,5,1.0,5,1.0,0,0
Full,variants,AP,4,4,1.0,4,1.0,0,0
Full,variants,Others,24,23,0.9583333333333334,23,0.9583333333333334,1,0
Full,50pct-S1,TP,6,6,1.0,6,1.0,0,0
Full,50pct-S1,NRM,0,0,,0,,0,0
Full,50pct-S1,RA,12,12,1.0,12,1.0,0,0
Full,50pct-S1,FLP,7,6,0.8571428571428571,7,1.0,0,1
Full,50pct-S1,AP,4,4,1.0,4,1.0,0,0
Full,50pct-S1,Others,6,6,1.0,6,1.0,0,0
Full,50pct-S2,TP,6,6,1.0,6,1.0,0,0
Full,50pct-S2,NRM,0,0,,0,,0,0
Full,50pct-S2,RA,12,12,1.0,12,1.0,0,0
Full,50pct-S2,FLP,7,7,1.0,7,1.0,0,0
Full,50pct-S2,AP,4,4,1.0,4,1.0,0,0
Full,50pct-S2,Others,6,6,1.0,6,1.0,0,0
Full,50pct-S3,TP,6,6,1.0,6,1.0,0,0
Full,50pct-S3,NRM,0,0,,0,,0,0
Full,50pct-S3,RA,12,12,1.0,12,1.0,0,0
Full,50pct-S3,FLP,7,7,1.0,7,1.0,0,0
Full,50pct-S3,AP,4,4,1.0,4,1.0,0,0
Full,50pct-S3,Others,6,6,1.0,6,1.0,0,0
Full,100pct-S1,TP,6,6,1.0,6,1.0,0,0
Full,100pct-S1,NRM,0,0,,0,,0,0
Full,100pct-S1,RA,12,12,1.0,12,1.0,0,0
Full,100pct-S1,FLP,7,7,1.0,7,1.0,0,0
Full,100pct-S1,AP,4,4,1.0,4,1.0,0,0
Full,100pct-S1,Others,6,6,1.0,6,1.0,0,0
Full,100pct-S2,TP,6,6,1.0,6,1.0,0,0
Full,100pct-S2,NRM,0,0,,0,,0,0
Full,100pct-S2,RA,12,12,1.0,12,1.0,0,0
Full,100pct-S2,FLP,7,7,1.0,7,1.0,0,0
Full,100pct-S2,AP,4,4,1.0,4,1.0,0,0
Full,100pct-S2,Others,6,6,1.0,6,1.0,0,0
Full,100pct-S3,TP,6,6,1.0,6,1.0,0,0
Full,100pct-S3,NRM,0,0,,0,,0,0
Full,100pct-S3,RA,12,12,1.0,12,1.0,0,0
Full,100pct-S3,FLP,7,7,1.0,7,1.0,0,0
Full,100pct-S3,AP,4,4,1.0,4,1.0,0,0
Full,100pct-S3,Others,6,5,0.8333333333333334,5,0.8333333333333334,1,0
Full,200pct-S1,TP,6,6,1.0,6,1.0,0,0
Full,200pct-S1,NRM,0,0,,0,,0,0
Full,200pct-S1,RA,12,12,1.0,12,1.0,0,0
Full,200pct-S1,FLP,7,7,1.0,7,1.0,0,0
Full,200pct-S1,AP,4,4,1.0,4,1.0,0,0
Full,200pct-S1,Others,6,6,1.0,6,1.0,0,0
Full,200pct-S2,TP,6,6,1.0,6,1.0,0,0
Full,200pct-S2,NRM,0,0,,0,,0,0
Full,200pct-S2,RA,13,13,1.0,13,1.0,0,0
Full,200pct-S2,FLP,7,7,1.0,7,1.0,0,0
Full,200pct-S2,AP,4,4,1.0,4,1.0,0,0
Full,200pct-S2,Others,5,5,1.0,5,1.0,0,0
Full,200pct-S3,TP,6,6,1.0,6,1.0,0,0
Full,200pct-S3,NRM,0,0,,0,,0,0
Full,200pct-S3,RA,12,12,1.0,12,1.0,0,0
Full,200pct-S3,FLP,7,7,1.0,7,1.0,0,0
Full,200pct-S3,AP,4,4,1.0,4,1.0,0,0
Full,200pct-S3,Others,6,6,1.0,6,1.0,0,0
RAG Only,main,TP,9,8,0.8888888888888888,9,1.0,0,1
RAG Only,main,NRM,25,17,0.68,18,0.72,7,1
RAG Only,main,RA,26,23,0.8846153846153846,25,0.9615384615384616,1,2
RAG Only,main,FLP,14,13,0.9285714285714286,13,0.9285714285714286,1,0
RAG Only,main,AP,5,4,0.8,5,1.0,0,1
RAG Only,main,Others,22,20,0.9090909090909091,21,0.9545454545454546,1,1
Few-shot Only,main,TP,9,9,1.0,9,1.0,0,0
Few-shot Only,main,NRM,25,20,0.8,22,0.88,3,2
Few-shot Only,main,RA,26,23,0.8846153846153846,26,1.0,0,3
Few-shot Only,main,FLP,14,14,1.0,14,1.0,0,0
Few-shot Only,main,AP,5,5,1.0,5,1.0,0,0
Few-shot Only,main,Others,22,17,0.7727272727272727,18,0.8181818181818182,4,1
LOTO Examples And Route,main,TP,4,3,0.75,4,1.0,0,1
LOTO Examples And Route,main,NRM,0,0,,0,,0,0
LOTO Examples And Route,main,RA,45,37,0.8222222222222222,43,0.9555555555555556,2,6
LOTO Examples And Route,main,FLP,0,0,,0,,0,0
LOTO Examples And Route,main,AP,3,2,0.6666666666666666,3,1.0,0,1
LOTO Examples And Route,main,Others,49,47,0.9591836734693877,48,0.9795918367346939,1,1
