ArchiveAttachmentCount,ArchiveAccessCount,Time,ArchivePageCount,ArchiveRevisionCount,Requirement
18,21,2:00am - 2:30am,4,24,2
10,14,2:30am - 3:00am,19,2,3
9,3,3:00am - 3:30am,5,4,4
30,29,3:30am - 4:00am,28,25,6
17,5,4:00am - 4:30am,21,13,5
10,27,4:30am - 5:00am,25,12,4
30,5,5:00am - 5:30am,18,1,5
2,3,5:30am - 6:00am,13,9,6
30,2,6:00am - 6:30am,5,23,7
13,13,6:30am - 7:00am,8,28,8
3,22,7:00am - 7:30am,22,21,9
13,17,7:30am - 8:00am,6,16,9
13,3,8:00am - 8:30am,18,7,8
22,18,8:30am - 9:00am,9,16,8
26,20,9:00am - 9:30am,2,23,9
1,8,9:30am - 10:00am,19,24,9
7,21,10:00am - 10:30am,30,20,10
2,26,10:30am - 11:00am,15,4,12
24,10,11:00am - 11:30am,7,14,11
17,21,11:30am - 12:00pm,10,2,11
26,17,12:00pm - 12:30pm,25,21,12
29,5,12:30pm - 1:00pm,17,8,11
14,26,1:00pm - 1:30pm,9,24,10
5,15,1:30pm - 2:00pm,9,4,9
3,16,2:00pm - 2:30pm,24,18,8
19,29,2:30pm - 3:00pm,20,14,7
2,28,3:00pm - 3:30pm,2,9,6
2,6,3:30pm - 4:00pm,9,2,5
13,16,4:00pm - 4:30pm,24,26,5
24,1,4:30pm - 5:00pm,30,28,6
12,29,5:00pm - 5:30pm,29,18,7
13,12,5:30pm - 6:00pm,20,3,8
13,4,6:00pm - 6:30pm,18,3,9
26,29,6:30pm - 7:00pm,30,18,10
21,13,7:00pm - 7:30pm,1,2,9
1,12,7:30pm - 8:00pm,9,28,8
4,3,8:00pm - 8:30pm,17,20,7
4,28,8:30pm - 9:00pm,24,14,6
25,27,9:00pm - 9:30pm,13,18,5
1,29,9:30pm - 10:00pm,10,2,4
7,20,10:00pm - 10:30pm,1,4,4
17,19,10:30pm - 11:00pm,12,8,3
30,22,11:00pm - 11:30pm,20,3,3
21,28,11:30pm - 12:00am,10,6,3
20,11,12:00am - 12:30am,10,14,3
4,15,12:30am - 1:00am,2,21,4
25,25,1:00am - 1:30am,12,27,4
28,25,1:30am - 2:00am,9,7,4
