experiment,dataset,category,cases,classification_correct,solved,objective_match
Full ReAct v7,automatic,AP,5,5,5,5
Full ReAct v7,automatic,FLP,14,14,13,13
Full ReAct v7,automatic,NRM,25,25,25,25
Full ReAct v7,automatic,RA,22,22,22,22
Full ReAct v7,automatic,TP,9,9,9,9
Full ReAct v7,automatic,Others,8,7,6,5
Full ReAct v7,automatic,Mixture,18,12,16,15
Full ReAct v7,variants,AP,3,3,3,3
Full ReAct v7,variants,FLP,3,3,3,3
Full ReAct v7,variants,Others,13,12,12,12
Full ReAct v7,variants,Mixture,17,14,16,16
Full ReAct v7,columns/50pct-S1,AP,4,4,4,4
Full ReAct v7,columns/50pct-S1,FLP,7,7,6,6
Full ReAct v7,columns/50pct-S1,RA,11,11,11,11
Full ReAct v7,columns/50pct-S1,TP,6,6,5,5
Full ReAct v7,columns/50pct-S1,Others,3,3,3,3
Full ReAct v7,columns/50pct-S1,Mixture,4,2,4,4
Full ReAct v7,columns/50pct-S2,AP,4,4,4,4
Full ReAct v7,columns/50pct-S2,FLP,7,7,6,6
Full ReAct v7,columns/50pct-S2,RA,11,11,11,11
Full ReAct v7,columns/50pct-S2,TP,6,6,6,6
Full ReAct v7,columns/50pct-S2,Others,3,3,3,3
Full ReAct v7,columns/50pct-S2,Mixture,4,2,3,3
Full ReAct v7,columns/50pct-S3,AP,4,4,4,4
Full ReAct v7,columns/50pct-S3,FLP,7,7,6,6
Full ReAct v7,columns/50pct-S3,RA,11,11,11,11
Full ReAct v7,columns/50pct-S3,TP,6,6,5,5
Full ReAct v7,columns/50pct-S3,Others,3,3,3,3
Full ReAct v7,columns/50pct-S3,Mixture,4,2,4,4
Full ReAct v7,columns/100pct-S1,AP,4,4,4,4
Full ReAct v7,columns/100pct-S1,FLP,7,7,6,6
Full ReAct v7,columns/100pct-S1,RA,11,11,11,11
Full ReAct v7,columns/100pct-S1,TP,6,6,4,4
Full ReAct v7,columns/100pct-S1,Others,3,3,3,3
Full ReAct v7,columns/100pct-S1,Mixture,4,2,4,4
Full ReAct v7,columns/100pct-S2,AP,4,4,4,4
Full ReAct v7,columns/100pct-S2,FLP,7,7,6,5
Full ReAct v7,columns/100pct-S2,RA,11,11,11,10
Full ReAct v7,columns/100pct-S2,TP,6,6,5,5
Full ReAct v7,columns/100pct-S2,Others,3,3,3,3
Full ReAct v7,columns/100pct-S2,Mixture,4,2,3,3
Full ReAct v7,columns/100pct-S3,AP,4,4,4,4
Full ReAct v7,columns/100pct-S3,FLP,7,7,5,4
Full ReAct v7,columns/100pct-S3,RA,11,11,11,11
Full ReAct v7,columns/100pct-S3,TP,6,6,6,6
Full ReAct v7,columns/100pct-S3,Others,3,3,3,3
Full ReAct v7,columns/100pct-S3,Mixture,4,2,4,4
Full ReAct v7,columns/200pct-S1,AP,4,4,4,4
Full ReAct v7,columns/200pct-S1,FLP,7,7,5,5
Full ReAct v7,columns/200pct-S1,RA,11,11,11,11
Full ReAct v7,columns/200pct-S1,TP,6,6,6,6
Full ReAct v7,columns/200pct-S1,Others,3,3,3,3
Full ReAct v7,columns/200pct-S1,Mixture,4,2,3,3
Full ReAct v7,columns/200pct-S2,AP,4,4,4,4
Full ReAct v7,columns/200pct-S2,FLP,7,7,5,5
Full ReAct v7,columns/200pct-S2,RA,11,11,11,11
Full ReAct v7,columns/200pct-S2,TP,6,6,6,6
Full ReAct v7,columns/200pct-S2,Others,3,3,3,3
Full ReAct v7,columns/200pct-S2,Mixture,4,2,4,4
Full ReAct v7,columns/200pct-S3,AP,4,4,4,4
Full ReAct v7,columns/200pct-S3,FLP,7,7,6,4
Full ReAct v7,columns/200pct-S3,RA,11,11,11,11
Full ReAct v7,columns/200pct-S3,TP,6,6,6,6
Full ReAct v7,columns/200pct-S3,Others,3,3,3,3
Full ReAct v7,columns/200pct-S3,Mixture,4,2,3,3
RAG Only v7,automatic,AP,5,5,5,5
RAG Only v7,automatic,FLP,14,14,13,11
RAG Only v7,automatic,NRM,25,25,21,21
RAG Only v7,automatic,RA,22,22,19,18
RAG Only v7,automatic,TP,9,9,7,7
RAG Only v7,automatic,Others,8,7,8,7
RAG Only v7,automatic,Mixture,18,12,17,17
Few-shot Only direct model,automatic,AP,5,5,5,5
Few-shot Only direct model,automatic,FLP,14,14,12,12
Few-shot Only direct model,automatic,NRM,25,25,23,21
Few-shot Only direct model,automatic,RA,22,22,22,22
Few-shot Only direct model,automatic,TP,9,9,8,8
Few-shot Only direct model,automatic,Others,8,7,7,6
Few-shot Only direct model,automatic,Mixture,18,12,14,12
LOTO Examples And Route v7,automatic,AP,5,0,5,5
LOTO Examples And Route v7,automatic,FLP,14,0,13,13
LOTO Examples And Route v7,automatic,NRM,25,0,23,23
LOTO Examples And Route v7,automatic,RA,22,0,22,21
LOTO Examples And Route v7,automatic,TP,9,0,8,8
LOTO Examples And Route v7,automatic,Others,8,0,7,6
LOTO Examples And Route v7,automatic,Mixture,18,0,13,12
