instance,category,Ref01,Ref02,Ref03,Ref04,Ref05,Ref06,Ref07,Ref08,Ref09,Ref10,Ref11,Ref12,Ref13,Ref14,Ref15
TP/TP1,TP,0.0,0.19826116939329952,0.006695894800069753,0.02537564708725119,0.16079802160581833,0.25468012741671014,0.17569548212468183,0.1952172023607576,0.001313173009481543,0.1577593229640665,0.47477230079677096,0.46549480471145477,0.22366876444030528,0.005414351022802625,0.4653920081547978
TP/TP2,TP,0.0,0.20352255546482897,0.010466055795699605,0.039663547023526494,0.17328151155760257,0.26532057135811565,0.17512115128914885,0.20563468522589443,0.002052562412793198,0.16617792042330415,0.4813329311727324,0.4726878964312044,0.2296044084469637,0.008462931631118994,0.4721439631654465
TP/TP3,TP,0.0,0.20384356208180282,0.011891287353862351,0.045064792729652914,0.1767766952966369,0.2672612419124244,0.1733438113203841,0.24268133584853774,0.002332073317657048,0.16809954440415772,0.47972413881940384,0.47141002165186974,0.22996655275194997,0.009615384615384616,0.47069331607979925
TP/TP4,TP,0.0,0.20194517395039,0.00996815278536125,0.037776628030430234,0.17098528222033246,0.2628138724860839,0.17437145811572893,0.20343336780168375,0.0019549155987319726,0.1643989873053573,0.47830300022450206,0.469623028084179,0.22782488210065402,0.008060323502739513,0.46913417333090607
TP/TP5,TP,0.0,0.2062571618313475,0.014705882352941176,0.05573135358861717,0.18498501834898595,0.2733148994472453,0.17149858514250885,0.21437323142813605,0.0028840608108556473,0.17323973216880928,0.48090980491711427,0.47315121589306425,0.23268946049775863,0.011891287353862351,0.4720997259695288
TP/TP6,TP,0.0,0.20384356208180282,0.011891287353862351,0.045064792729652914,0.1767766952966369,0.2672612419124244,0.1733438113203841,0.24268133584853774,0.002332073317657048,0.16809954440415772,0.47972413881940384,0.47141002165186974,0.22996655275194997,0.009615384615384616,0.47069331607979925
TP/TP7,TP,0.0,0.21055872190307892,0.022518867455552247,0.08534047359147987,0.2060104810498419,0.2871258707099046,0.1641330410746532,0.22978625750451448,0.004416313253071939,0.18569533817705186,0.4989687166744827,0.4722372653841951,0.23754227473946876,0.018208926018230744,0.4702478122502097
TP/TP8,TP,0.0,0.21474567633252334,0.021349284482780957,0.08090806752142135,0.20640792704138894,0.29108771601168365,0.16975452382972228,0.23199784923395372,0.004186939160728605,0.18748257418745484,0.5012289127827401,0.4951017431935801,0.24226579637947251,0.017263192407718998,0.48211916630146795
TP/TP9,TP,0.0,0.21128856368212912,0.02711630722733202,0.1027635384150731,0.21706078553111482,0.29300451933655963,0.15811388300841897,0.23717082451262844,0.005317945372643963,0.19166296949998196,0.47238290019390455,0.4985415622798046,0.23836564731139803,0.02192645048267573,0.5155440953843952
NRM/NRM1,NRM,0.0,0.0,0.24253562503633297,0.09847982464479192,0.0,0.0,0.0,0.0,0.2497170344311094,0.0,0.0,0.0,0.0,0.24514516892273003,0.0
NRM/NRM2,NRM,0.0,0.0,0.24253562503633297,0.09847982464479191,0.0,0.0,0.0,0.0,0.24971703443110937,0.0,0.0,0.0,0.0,0.24514516892273003,0.0
NRM/NRM3,NRM,0.0,0.0,0.24253562503633297,0.09847982464479191,0.0,0.0,0.0,0.0,0.24971703443110937,0.0,0.0,0.0,0.0,0.24514516892273003,0.0
NRM/NRM4,NRM,0.0,0.0,0.242535625036333,0.09847982464479191,0.0,0.0,0.0,0.0,0.2497170344311094,0.0,0.0,0.0,0.0,0.24514516892273,0.0
NRM/NRM5,NRM,0.0,0.0,0.24253562503633297,0.09847982464479191,0.0,0.0,0.0,0.0,0.24971703443110937,0.0,0.0,0.0,0.0,0.24514516892273003,0.0
NRM/NRM6,NRM,0.0,0.0,0.24253562503633297,0.09847982464479191,0.0,0.0,0.0,0.0,0.24971703443110937,0.0,0.0,0.0,0.0,0.24514516892273003,0.0
NRM/NRM7,NRM,0.0,0.0,0.24253562503633294,0.09847982464479192,0.0,0.0,0.0,0.0,0.24971703443110937,0.0,0.0,0.0,0.0,0.24514516892273006,0.0
NRM/NRM8,NRM,0.0,0.0,0.24253562503633297,0.09847982464479191,0.0,0.0,0.0,0.0,0.24971703443110937,0.0,0.0,0.0,0.0,0.24514516892273003,0.0
NRM/NRM9,NRM,0.0,0.0,0.24253562503633297,0.09847982464479191,0.0,0.0,0.0,0.0,0.24971703443110937,0.0,0.0,0.0,0.0,0.24514516892273003,0.0
NRM/NRM10,NRM,0.0,0.0,0.24253562503633297,0.09847982464479191,0.0,0.0,0.0,0.0,0.24971703443110937,0.0,0.0,0.0,0.0,0.24514516892273003,0.0
NRM/NRM11,NRM,0.0,0.0,0.24253562503633297,0.09847982464479192,0.0,0.0,0.0,0.0,0.2497170344311094,0.0,0.0,0.0,0.0,0.24514516892273003,0.0
NRM/NRM12,NRM,0.0,0.0,0.242535625036333,0.09847982464479191,0.0,0.0,0.0,0.0,0.24971703443110937,0.0,0.0,0.0,0.0,0.24514516892273,0.0
NRM/NRM13,NRM,0.0,0.0,0.24253562503633297,0.09847982464479191,0.0,0.0,0.0,0.0,0.24971703443110937,0.0,0.0,0.0,0.0,0.24514516892273003,0.0
NRM/NRM14,NRM,0.0,0.0,0.242535625036333,0.09847982464479191,0.0,0.0,0.0,0.0,0.2497170344311094,0.0,0.0,0.0,0.0,0.24514516892273,0.0
NRM/NRM15,NRM,0.0,0.0,0.242535625036333,0.09847982464479191,0.0,0.0,0.0,0.0,0.2497170344311094,0.0,0.0,0.0,0.0,0.24514516892273,0.0
NRM/NRM16,NRM,0.0,0.0,0.24253562503633297,0.09847982464479192,0.0,0.0,0.0,0.0,0.24971703443110937,0.0,0.0,0.0,0.0,0.24514516892273003,0.0
NRM/NRM17,NRM,0.0,0.0,0.24253562503633297,0.09847982464479191,0.0,0.0,0.0,0.0,0.2497170344311094,0.0,0.0,0.0,0.0,0.24514516892273003,0.0
NRM/NRM18,NRM,0.0,0.0,0.242535625036333,0.09847982464479191,0.0,0.0,0.0,0.0,0.2497170344311094,0.0,0.0,0.0,0.0,0.24514516892273,0.0
NRM/NRM19,NRM,0.0,0.0,0.242535625036333,0.09847982464479191,0.0,0.0,0.0,0.0,0.2497170344311094,0.0,0.0,0.0,0.0,0.24514516892273,0.0
NRM/NRM20,NRM,0.0,0.0,0.242535625036333,0.09847982464479191,0.0,0.0,0.0,0.0,0.2497170344311094,0.0,0.0,0.0,0.0,0.24514516892273,0.0
NRM/NRM21,NRM,0.0,0.0,0.24253562503633297,0.09847982464479191,0.0,0.0,0.0,0.0,0.24971703443110937,0.0,0.0,0.0,0.0,0.24514516892273003,0.0
NRM/NRM22,NRM,0.0,0.0,0.24253562503633297,0.09847982464479191,0.0,0.0,0.0,0.0,0.24971703443110937,0.0,0.0,0.0,0.0,0.24514516892273003,0.0
NRM/NRM23,NRM,0.0,0.0,0.24253562503633297,0.09847982464479191,0.0,0.0,0.0,0.0,0.24971703443110937,0.0,0.0,0.0,0.0,0.24514516892273003,0.0
NRM/NRM24,NRM,0.0,0.0,0.24253562503633297,0.09847982464479191,0.0,0.0,0.0,0.0,0.24971703443110937,0.0,0.0,0.0,0.0,0.24514516892273003,0.0
NRM/NRM25,NRM,0.0,0.0,0.24253562503633297,0.09847982464479191,0.0,0.0,0.0,0.0,0.2497170344311094,0.0,0.0,0.0,0.0,0.24514516892273003,0.0
RA/RA1,RA,0.0,0.00940221768055752,0.48869723289550193,0.12085567520854229,0.02069802467478306,0.01825394197325151,0.0,0.017589938618257295,0.24966096360355886,0.014214817002999845,0.012907486152671892,0.013865505217345349,0.010607132087662173,0.4927356913584214,0.013163104752780526
RA/RA2,RA,0.0,0.0037766246379359577,0.48710707641158957,0.1075852411518139,0.008313854518071205,0.007332130497062387,0.0,0.007065417736802768,0.24999277164170322,0.0057097197641245104,0.0051845991950175046,0.005569410366826453,0.004260607203653965,0.4918581699297226,0.0052872744931103405
RA/RA3,RA,0.0,0.0037766246379359577,0.48710707641158957,0.1075852411518139,0.008313854518071205,0.007332130497062387,0.0,0.007065417736802768,0.24999277164170322,0.0057097197641245104,0.0051845991950175046,0.005569410366826453,0.004260607203653965,0.4918581699297226,0.0052872744931103405
RA/RA4,RA,0.0,0.00940221768055752,0.48869723289550193,0.12085567520854229,0.02069802467478306,0.01825394197325151,0.0,0.017589938618257295,0.24966096360355886,0.014214817002999845,0.012907486152671892,0.013865505217345349,0.010607132087662173,0.4927356913584214,0.013163104752780526
RA/RA5,RA,0.0,0.00940221768055752,0.48869723289550193,0.1208556752085423,0.02069802467478306,0.018253941973251513,0.0,0.0175899386182573,0.24966096360355888,0.014214817002999846,0.012907486152671892,0.01386550521734535,0.010607132087662173,0.49273569135842143,0.013163104752780526
RA/RA6,RA,0.0,0.00471866126788372,0.48749395831705294,0.10983193330249696,0.010387652219174006,0.00916104815925421,0.0,0.008827806894330607,0.24999929474855667,0.00713394527769889,0.00647783927618519,0.006958637275971639,0.005323367852764946,0.49212701476062365,0.006606125775037209
RA/RA7,RA,0.0,0.00471866126788372,0.48749395831705294,0.10983193330249696,0.010387652219174006,0.00916104815925421,0.0,0.008827806894330607,0.24999929474855667,0.00713394527769889,0.00647783927618519,0.006958637275971639,0.005323367852764946,0.49212701476062365,0.006606125775037209
RA/RA8,RA,0.0,0.00471866126788372,0.48749395831705294,0.10983193330249696,0.010387652219174006,0.00916104815925421,0.0,0.008827806894330607,0.24999929474855667,0.00713394527769889,0.00647783927618519,0.006958637275971639,0.005323367852764946,0.49212701476062365,0.006606125775037209
RA/RA9,RA,0.0,0.00471866126788372,0.48749395831705294,0.10983193330249696,0.010387652219174006,0.00916104815925421,0.0,0.008827806894330607,0.24999929474855667,0.00713394527769889,0.00647783927618519,0.006958637275971639,0.005323367852764946,0.49212701476062365,0.006606125775037209
RA/RA10,RA,0.0,0.00940221768055752,0.48869723289550193,0.12085567520854229,0.02069802467478306,0.01825394197325151,0.0,0.017589938618257295,0.24966096360355886,0.014214817002999845,0.012907486152671892,0.013865505217345349,0.010607132087662173,0.4927356913584214,0.013163104752780526
RA/RA11,RA,0.0,0.00940221768055752,0.48869723289550193,0.12085567520854229,0.02069802467478306,0.01825394197325151,0.0,0.017589938618257295,0.24966096360355886,0.014214817002999845,0.012907486152671892,0.013865505217345349,0.010607132087662173,0.4927356913584214,0.013163104752780526
RA/RA12,RA,0.0,0.00940221768055752,0.48869723289550193,0.12085567520854229,0.02069802467478306,0.01825394197325151,0.0,0.017589938618257295,0.24966096360355886,0.014214817002999845,0.012907486152671892,0.013865505217345349,0.010607132087662173,0.4927356913584214,0.013163104752780526
RA/RA13,RA,0.0,0.006285455689428364,0.4880302012740032,0.1135468618600563,0.013836790571342057,0.012202902265018136,0.0,0.011759010854794966,0.24995494728796153,0.009502715789110563,0.008628754941751004,0.009269198141984972,0.007090950347467495,0.49246578495698723,0.008799637965199709
RA/RA14,RA,0.0,0.00940221768055752,0.48869723289550193,0.1208556752085423,0.02069802467478306,0.018253941973251513,0.0,0.017589938618257295,0.24966096360355888,0.014214817002999845,0.012907486152671892,0.013865505217345349,0.010607132087662174,0.49273569135842143,0.013163104752780526
RA/RA15,RA,0.0,0.004718661267883721,0.48749395831705294,0.10983193330249696,0.010387652219174006,0.00916104815925421,0.0,0.008827806894330608,0.24999929474855667,0.00713394527769889,0.006477839276185191,0.006958637275971639,0.005323367852764947,0.4921270147606237,0.006606125775037209
Mixture/Mixture1,Mixture,0.0,0.005384998186297314,0.4935073447584606,0.11513743976650632,0.011854525083388062,0.010454708427140679,0.0,0.01007440912076181,0.2723649863318423,0.008141352006558035,0.007392595224159319,0.007941288213513604,0.006075097279654757,0.49811866547046246,0.007538997460816239
RA/RA17,RA,0.0,0.005241424183609591,0.48768777564732657,0.11107444871120754,0.011538461538461539,0.010175966581017657,0.0,0.0098058067569092,0.24999216834234944,0.007924288517503274,0.0071954949745652716,0.007729558794883114,0.005913123959890826,0.49225510536448114,0.007337993857053428
RA/RA18,RA,0.0,0.0037766246379359577,0.48710707641158957,0.10758524115181389,0.008313854518071205,0.007332130497062386,0.0,0.007065417736802768,0.2499927716417032,0.005709719764124511,0.005184599195017505,0.005569410366826452,0.004260607203653965,0.4918581699297226,0.0052872744931103405
RA/RA19,RA,0.0,0.004718661267883721,0.48749395831705294,0.10983193330249696,0.010387652219174006,0.00916104815925421,0.0,0.008827806894330608,0.24999929474855667,0.00713394527769889,0.006477839276185191,0.006958637275971639,0.005323367852764947,0.4921270147606237,0.006606125775037209
RA/RA20,RA,0.0,0.004718661267883721,0.48749395831705294,0.10983193330249696,0.010387652219174006,0.00916104815925421,0.0,0.008827806894330608,0.24999929474855667,0.00713394527769889,0.006477839276185191,0.006958637275971639,0.005323367852764947,0.4921270147606237,0.006606125775037209
RA/RA21,RA,0.0,0.00471866126788372,0.4874939583170529,0.10983193330249694,0.010387652219174006,0.00916104815925421,0.0,0.008827806894330608,0.2499992947485567,0.00713394527769889,0.00647783927618519,0.006958637275971639,0.005323367852764946,0.4921270147606236,0.006606125775037209
RA/RA22,RA,0.0,0.00471866126788372,0.4874939583170529,0.10983193330249694,0.010387652219174006,0.00916104815925421,0.0,0.008827806894330608,0.2499992947485567,0.00713394527769889,0.00647783927618519,0.006958637275971639,0.005323367852764946,0.4921270147606236,0.006606125775037209
RA/RA16,RA,0.0,0.006285455689428363,0.48803020127400315,0.1135468618600563,0.013836790571342055,0.012202902265018137,0.0,0.011759010854794966,0.24995494728796153,0.009502715789110562,0.008628754941751004,0.00926919814198497,0.007090950347467495,0.49246578495698723,0.008799637965199709
UFLP/UFLP1,UFLP,0.05551444896054094,0.4236592728681617,0.009709195467257717,0.052564641691397504,0.16654334688162284,0.2559863712383757,0.1981484809753043,0.19814848097530427,0.0019041298903397584,0.3488506207896542,0.2522266297457272,0.35701302807542445,0.27311549679956754,0.007850928662766597,0.23906487540417698
UFLP/UFLP2,UFLP,0.03965540710868494,0.4130292521057284,0.006605266199222559,0.03576026996359335,0.1586216284347398,0.25123304464427454,0.19498213414284163,0.19257494730157196,0.0012953992785504104,0.3311874493398586,0.25032301251406286,0.3567294995763073,0.2569311259710335,0.005341068052812256,0.2367519700543739
UFLP/UFLP3,UFLP,0.028594313179479844,0.40526179615255725,0.0050010003001000345,0.02707493012781798,0.1544092911691912,0.2485755937746867,0.18954384914393643,0.1895438491439364,0.0009807768506805174,0.32107744562076124,0.24913414385456717,0.356286536971186,0.24618298195866545,0.004043846550516413,0.23536358161167747
UFLP/UFLP5,UFLP,0.06551780229511989,0.42857142857142855,0.011458731212852642,0.06203645837318314,0.17034628596731172,0.25753937681885636,0.2004459314343183,0.2004459314343183,0.002247242079051936,0.35771637624087577,0.25214931660623663,0.35550944087606323,0.2820380374088831,0.009265616458263765,0.2392857142857143
UFLP/UFLP6,UFLP,0.06551780229511989,0.42857142857142855,0.011458731212852642,0.06203645837318314,0.17034628596731172,0.25753937681885636,0.2004459314343183,0.2004459314343183,0.002247242079051936,0.35771637624087577,0.25214931660623663,0.35550944087606323,0.2820380374088831,0.009265616458263765,0.2392857142857143
UFLP/UFLP7,UFLP,0.04807692307692308,0.4193139346887673,0.008408409924953906,0.04552231504557686,0.16346153846153846,0.2543991645254414,0.19611613513818404,0.19611613513818402,0.001649024857139508,0.34173494231732865,0.2518423241097845,0.35749209426334405,0.2660905781950872,0.006799103665255264,0.23848480035423641
UFLP/UFLP8,UFLP,0.014063962076158263,0.39227357593637574,0.002419392405984753,0.013098355611476431,0.1466340964006009,0.24260405889296352,0.18368959289129072,0.1833956895426646,0.00047448188804440197,0.3035968665365901,0.24548963690495496,0.3530700474497016,0.22986781276947454,0.0019563389418495625,0.23149953604318918
UFLP/UFLP9,UFLP,0.10008009612817945,0.4364357804719847,0.017503501050350125,0.09476225544736291,0.18014417303072303,0.25722170138424105,0.2551551815399144,0.20412414523193148,0.0034327189773818104,0.38146357071457415,0.24607728319377492,0.3419201443513801,0.3077287274483318,0.014153462926807447,0.2345842320036918
UFLP/UFLP10,UFLP,0.13103560459023977,0.9999999999999999,0.02291746242570528,0.12407291674636628,0.18344984642633572,0.24763401617197728,0.2004459314343183,0.20044593143431827,0.004494484158103872,0.3914632041881282,0.23113687355571688,0.316008391889834,0.3223291856101521,0.01853123291652753,0.22142857142857142
AP/AP2,AP,0.07692307692307691,0.20965696734438363,0.0,0.0,0.11538461538461539,0.19625078406248336,0.34320323649182205,0.147087101353638,0.0,0.1386750490563073,0.20044593143431827,0.28985845480811673,0.3252218177939954,0.0,0.18869127060994528
AP/AP3,AP,0.04385290096535146,0.20916500663351886,0.0,0.0,0.1315587028960544,0.22376032114448113,0.223606797749979,0.1677050983124842,0.0,0.14682003422210332,0.22854352508251652,0.3304894869294238,0.337099931231621,0.0,0.21514114968019088
AP/AP4,AP,0.024806946917841688,0.20283702113484398,0.0,0.0,0.1364382080481293,0.23205957931455523,0.20554804791094466,0.17392527130926086,0.0,0.14694160994998617,0.23702019202711702,0.34274732406736574,0.3337119062359573,0.0,0.22312072324832838
AP/AP5,AP,0.03809696588797296,0.207669652660466,0.0,0.0,0.1333393806079054,0.2267889692527968,0.21853931903038448,0.16997502591252123,0.0,0.1471720328021668,0.23163691497116448,0.3349627391766831,0.33678176227801804,0.0,0.2180531352934893
Mixture/Mixture2,Mixture,0.0,0.1899270033271299,0.0006124324570177712,0.002320954907161803,0.14076900498709152,0.23770499075527082,0.17676767768777055,0.17855320978562678,0.00012010788650350727,0.14429278336233248,0.4645674127131571,0.4542608271155562,0.21426655707733652,0.0004952175025236584,0.45487040093321673
Others/Other1,Others,0.0,0.0668153104781061,0.2572478777137633,0.23211917272131485,0.14708710135363806,0.1297186304156927,0.0,0.125,0.18498501834898592,0.10101525445522108,0.09172492321316786,0.09853292781642932,0.07537783614444091,0.2080125735844609,0.09354143466934854
Mixture/Mixture3,Mixture,0.049903060426748656,0.5327168627982017,0.02909264027473079,0.11025331109446772,0.3410042462494492,0.3929496653279933,0.2968661253879899,0.29686612538798984,0.005705536171645678,0.40698009764918847,0.36010315543185734,0.48473232378053593,0.345247089269106,0.023524528286477348,0.34456580061841136
Others/Other2,Others,0.0,0.0668153104781061,0.21437323142813605,0.23211917272131485,0.14708710135363806,0.1297186304156927,0.0,0.125,0.18498501834898592,0.10101525445522108,0.09172492321316786,0.09853292781642932,0.07537783614444091,0.2080125735844609,0.09354143466934854
Mixture/Mixture4,Mixture,0.21644561457239195,0.1948560976794567,0.002294256959920701,0.11675631387352307,0.007870749620814252,0.00694134870944348,0.0,0.006688850983855814,0.0004499408079935274,0.2945947290882014,0.004908274743027974,0.005272576569336938,0.21982732546667033,0.0018551534766330685,0.0050054777385548505
UFLP/UFLP4,UFLP,0.02408814494290606,0.3986088140384435,0.003009210241316085,0.01629157211246669,0.14797003322070867,0.24321922610065352,0.19301216174448904,0.18423888166519406,0.0005901546823451528,0.3084098216266819,0.2455571358942312,0.35269844488872676,0.23807191257589774,0.0024332700907619027,0.2316620636882248
Others/Other3,Others,0.20800726734430128,0.18965233505549534,0.0004330882823924709,0.10011860104216978,0.0014857661953164376,0.0013103226197313045,0.0,0.0012626584704258374,8.493560011644583e-05,0.28672737949687876,0.0009265380099541273,0.0009953074873861767,0.2139566894762553,0.0003501984506553298,0.0009448870785683041
Mixture/Mixture5,Mixture,0.0,0.000721285231262177,0.48551995849741364,0.1002309979426287,0.0015878359788555649,0.0014003397076042129,0.0,0.0013494011067615374,0.24980052957696633,0.0010904807692933892,0.0009901897032117259,0.0010636835347835553,0.000813719484148787,0.4906503099825474,0.0010097993237670477
UFLP/UFLP11,UFLP,0.03463387603554085,0.4124023471011741,0.007447486723198513,0.04031997011766194,0.16181401098572365,0.25429662334897574,0.18528399710067026,0.19541671569211314,0.0014605723126466308,0.33572740016278335,0.25265126854584974,0.3594263146397406,0.2557579927923078,0.00602209391889472,0.23908503800049308
Mixture/Mixture6,Mixture,0.0930431420683502,0.2403094235069262,0.09608685297499857,0.40819303368004833,0.4448348316029696,0.35100017392969524,0.04518369495357176,0.3298409731610738,0.01884418224304764,0.3633136984597863,0.26714075609810434,0.3098648900324534,0.2983523859439002,0.07769655381647415,0.2676008454730395
Others/Other4,Others,0.0,0.19933948649997452,0.00209694992411527,0.007946878322137458,0.15826496263726206,0.25921364386241047,0.18340821200123464,0.18952181906794244,0.0004112457146957949,0.1531567582237166,0.2553907431903751,0.40420476615109757,0.22488527020218946,0.0016956095197733876,0.2398609558868546
Others/Other5,Others,0.5678917400203857,0.26257524659082143,0.0266039421686262,0.18724050824859048,0.1216910871472255,0.13223535941762296,0.14219911474863028,0.1163447302488793,0.005217462317550729,0.2402752250703429,0.10976617489716187,0.1452079674941737,0.2494524874800128,0.021512148232941567,0.1077940486004425
Mixture/Mixture7,Mixture,0.2188330347224781,0.1116370145299681,0.006011432593228267,0.12041765613931335,0.020623008507877516,0.01818778393260438,0.016065671540517117,0.01752618713510958,0.0011789389268276388,0.1590420340686153,0.012860705353500292,0.013815252255047875,0.12594353792087667,0.004860889721462684,0.013115397511213036
Others/Other6,Others,0.2849548218024345,0.12321945027409395,0.001437610171084237,0.09884514016947138,0.007123870545060864,0.007456347626815067,0.057281344299405484,0.0055884238340883395,0.00028193855058838415,0.15129030290188694,0.0051259774706439,0.006607725147022075,0.1390102877036277,0.001162462424009456,0.0049287780109637585
Others/Other7,Others,0.2019507342855965,0.22472128538955258,0.04152628491426704,0.2351955493935955,0.14976708201541655,0.13806496640996738,0.029269400733780697,0.13038187599593218,0.008143974504033128,0.22228677102703362,0.10153174095249208,0.1137868992166893,0.18051251666374632,0.033578467092465786,0.10254686504168825
Mixture/Mixture8,Mixture,0.0,0.2405228464604173,0.05512173296280295,0.20889659773137678,0.37820467924447443,0.7743012998514169,0.14463547796997564,0.3053415646032819,0.010810261230783956,0.24675324675324675,0.39252520632281035,0.4592103957831116,0.2713463662707769,0.04457184889504182,0.374528432345507
Mixture/Mixture9,Mixture,0.08492077756084467,0.11572751247156891,0.14852213144650114,0.5092534540479525,0.16984155512168939,0.14978617237881953,0.0,0.14433756729740643,0.21360230027966975,0.1749635530559413,0.10591481821704044,0.11377602479771487,0.13055824196677338,0.14011213457945124,0.10801234497346433
UFLP/UFLP12,UFLP,0.022959948699082657,0.4005009394574071,0.0040155785387702226,0.021739952376686404,0.15153566141394553,0.24645647545444183,0.1873171623163388,0.18731716231633877,0.0007875197433674524,0.31457643480294795,0.2479066979039203,0.35529548734091304,0.24003256025808462,0.0032470270841633195,0.23404273649542226
UFLP/UFLP13,UFLP,0.2298230134180383,0.11975140187118119,0.003940674414288882,0.11733935795138731,0.013519000789296371,0.011922638020854703,0.017233412207224613,0.011488941471483074,0.0007728298359682625,0.1706020768859617,0.008430578194178919,0.009056312325574585,0.1350978014428416,0.0031864590443259175,0.008597536544597625
Mixture/Mixture10,Mixture,0.0,0.002833458777877834,0.24424475680220398,0.20376156493207961,0.006237570931884498,0.0055010204902972626,0.0,0.0053009159831830304,0.24996131575683547,0.0042837870150958576,0.0038898088921353407,0.00417851817545544,0.0031965726111665466,0.24650513757177922,0.003966842289028967
Mixture/Mixture11,Mixture,0.2059219418950932,0.20044593143431827,0.008574929257125443,0.1299867367239363,0.029417420270727603,0.025943726083138538,0.0,0.024999999999999998,0.001681681984990781,0.3030457633656632,0.01834498464263357,0.019706585563285865,0.2261335084333227,0.006933752452815363,0.01870828693386971
Mixture/Mixture12,Mixture,0.007956831933771476,0.1707825127659933,0.31485165746225574,0.19494325729098297,0.20488842229461554,0.24585493272384826,0.11157311356586719,0.20793171164547972,0.15044554242915412,0.1700833956270982,0.21637674580335955,0.28383542316801097,0.1926686588971131,0.31085472239651435,0.20981851568393467
AP/AP1,AP,0.022798037629377658,0.20194517395039,0.0,0.0,0.13678822577626598,0.232654903512271,0.20343336780168378,0.17437145811572893,0.0,0.14678481009406902,0.23762824214975262,0.3436266059152529,0.33297482768557124,0.0,0.22369311576043202
Mixture/Mixture13,Mixture,0.0,0.002805429583435375,0.24422891841601202,0.20369514678510034,0.006175867514893423,0.005446603191496829,0.0,0.0052484781619675566,0.24995999963630575,0.004241410856270589,0.0038513300511396997,0.0041371833590340395,0.0031649514152037347,0.2464927646823724,0.0039276014168095254
Mixture/Mixture14,Mixture,0.0,0.19776563209381584,0.0017625558387911755,0.006679614341651985,0.28772114904675167,0.4047115437920538,0.18242346496646844,0.18756215412045343,0.00034566563906896544,0.15157310979717598,0.2771513704225816,0.436709700452082,0.22310972297066817,0.001425215941027975,0.24446029522707793
Mixture/Mixture15,Mixture,0.0619593679775416,0.046303824430853,0.21934928671492324,0.09793621473218059,0.008994101803191523,0.007932052212547457,0.07898300659184014,0.007643516766952271,0.22365898141187984,0.02213387134619773,0.0056088079082180645,0.006025104686894203,0.05223775906801309,0.22117937640000104,0.005719884194399488
Mixture/Mixture16,Mixture,0.0,0.15684327856097383,0.1503456346589766,0.23342393773701425,0.23160388565418388,0.25079917150108444,0.07245108787574207,0.22097581802101326,0.11233619351027711,0.17857542788674627,0.2988607978030209,0.30268587522380824,0.17694308186444724,0.14166493013145418,0.29703406087967144
Mixture/Mixture17,Mixture,0.16679479781276257,0.3409544919128735,0.0,0.0,0.1667947978127626,0.2836912853519164,0.4266624476212083,0.21262248220325988,0.0,0.21478114142663013,0.28975560125180927,0.4190063138216767,0.38464854297939904,0.0,0.27276359353029883
UFLP/UFLP14,UFLP,0.031133467586669863,0.40730653998127836,0.005445085523362901,0.029479164414786135,0.15566733793334933,0.24946770699012533,0.19050019050028577,0.19050019050028574,0.0010678691283388083,0.32393099115543333,0.24962307636760794,0.3566402888720331,0.24889786384693213,0.004402937210477168,0.2358983710724904
Others/Other8,Others,0.0,0.29263659425065425,0.004136160094438778,0.015674938449116108,0.26203535333745087,0.4136799377209767,0.2677070309945695,0.27976590626459513,0.0008111677320341192,0.22608499367370888,0.387830055348237,0.582691458913705,0.33013860286589675,0.003344530239269396,0.36173492663759294
Mixture/Mixture18,Mixture,0.0,0.2313411532106232,0.0063986664316493976,0.02424923121505502,0.18439230612417618,0.2956452735204436,0.20707225465530538,0.38802728800273434,0.001254881730613515,0.18241529627742434,0.29588105959644784,0.42277388916841335,0.2609880192937276,0.005174009922977409,0.27960370413904634
