method,version,dataset,expected,recorded,classification_correct,solved,objective_match,objective_accuracy,repair_count,pipeline_retry_count,protocol_retry_count,http_retry_count,recorded_full_data_fallback_count,csvqa_evidence_unavailable_cases,classification_correct_percent,solved_percent,objective_match_percent
full,v4,automatic,101,62,61,60,60,0.594059405940594,0,0,0,0,13,0,60.396,59.406,59.406
full,v4,variants,36,0,0,0,0,0.0,0,0,0,0,0,0,0.0,0.0,0.0
full,v4,columns/50pct-S1,35,0,0,0,0,0.0,0,0,0,0,0,0,0.0,0.0,0.0
full,v4,columns/50pct-S2,35,0,0,0,0,0.0,0,0,0,0,0,0,0.0,0.0,0.0
full,v4,columns/50pct-S3,35,0,0,0,0,0.0,0,0,0,0,0,0,0.0,0.0,0.0
full,v4,columns/100pct-S1,35,0,0,0,0,0.0,0,0,0,0,0,0,0.0,0.0,0.0
full,v4,columns/100pct-S2,35,0,0,0,0,0.0,0,0,0,0,0,0,0.0,0.0,0.0
full,v4,columns/100pct-S3,35,0,0,0,0,0.0,0,0,0,0,0,0,0.0,0.0,0.0
full,v4,columns/200pct-S1,35,0,0,0,0,0.0,0,0,0,0,0,0,0.0,0.0,0.0
full,v4,columns/200pct-S2,35,0,0,0,0,0.0,0,0,0,0,0,0,0.0,0.0,0.0
full,v4,columns/200pct-S3,35,0,0,0,0,0.0,0,0,0,0,0,0,0.0,0.0,0.0
