dataset,expected,recorded,baseline_match,current_match,delta,complete,no_decline
automatic,101,101,94,92,-2,True,False
variants,36,36,34,30,-4,True,False
columns/50pct-S1,35,35,33,33,0,True,True
columns/50pct-S2,35,35,33,35,2,True,True
columns/50pct-S3,35,35,33,33,0,True,True
columns/100pct-S1,35,35,32,34,2,True,True
columns/100pct-S2,35,35,30,34,4,True,True
columns/100pct-S3,35,35,32,30,-2,True,False
columns/200pct-S1,35,35,32,33,1,True,True
columns/200pct-S2,35,35,33,33,0,True,True
columns/200pct-S3,35,35,31,30,-1,True,False
