dataset,problem_id,true_label,baseline_version,current_version,baseline_classification_correct,current_classification_correct,baseline_predicted_label,current_predicted_label,baseline_solved,current_solved,baseline_objective_match,current_objective_match,change,failure_stage,failure_type,cause_certainty,confirmed_cause,artifact_folder
automatic,OR-001,TP,v7,v13,True,True,TP,TP,True,True,True,True,unchanged,none,objective_matched,confirmed,,full_v13/automatic/attempts/OR-001
automatic,OR-002,TP,v7,v13,True,True,TP,TP,True,True,True,True,unchanged,none,objective_matched,confirmed,,full_v13/automatic/attempts/OR-002
automatic,OR-003,TP,v7,v13,True,True,TP,TP,True,True,True,True,unchanged,none,objective_matched,confirmed,,full_v13/automatic/attempts/OR-003
automatic,OR-004,TP,v7,v13,True,True,TP,TP,True,True,True,True,unchanged,none,objective_matched,confirmed,,full_v13/automatic/attempts/OR-004
automatic,OR-005,TP,v7,v13,True,True,TP,TP,True,True,True,True,unchanged,none,objective_matched,confirmed,,full_v13/automatic/attempts/OR-005
automatic,OR-006,TP,v7,v13,True,True,TP,TP,True,True,True,True,unchanged,none,objective_matched,confirmed,,full_v13/automatic/attempts/OR-006
automatic,OR-007,TP,v7,v13,True,True,TP,TP,True,True,True,True,unchanged,none,objective_matched,confirmed,,full_v13/automatic/attempts/OR-007
automatic,OR-008,TP,v7,v13,True,True,TP,TP,True,True,True,True,unchanged,none,objective_matched,confirmed,,full_v13/automatic/attempts/OR-008
automatic,OR-009,TP,v7,v13,True,True,TP,TP,True,True,True,True,unchanged,none,objective_matched,confirmed,,full_v13/automatic/attempts/OR-009
automatic,OR-010,NRM,v7,v13,True,True,NRM,NRM,True,True,True,True,unchanged,none,objective_matched,confirmed,,full_v13/automatic/attempts/OR-010
automatic,OR-011,NRM,v7,v13,True,True,NRM,NRM,True,True,True,True,unchanged,none,objective_matched,confirmed,,full_v13/automatic/attempts/OR-011
automatic,OR-012,NRM,v7,v13,True,True,NRM,NRM,True,True,True,True,unchanged,none,objective_matched,confirmed,,full_v13/automatic/attempts/OR-012
automatic,OR-013,NRM,v7,v13,True,True,NRM,NRM,True,True,True,True,unchanged,none,objective_matched,confirmed,,full_v13/automatic/attempts/OR-013
automatic,OR-014,NRM,v7,v13,True,True,NRM,NRM,True,True,True,True,unchanged,none,objective_matched,confirmed,,full_v13/automatic/attempts/OR-014
automatic,OR-015,NRM,v7,v13,True,True,NRM,NRM,True,True,True,True,unchanged,none,objective_matched,confirmed,,full_v13/automatic/attempts/OR-015
automatic,OR-016,NRM,v7,v13,True,True,NRM,NRM,True,True,True,True,unchanged,none,objective_matched,confirmed,,full_v13/automatic/attempts/OR-016
automatic,OR-017,NRM,v7,v13,True,True,NRM,NRM,True,True,True,True,unchanged,none,objective_matched,confirmed,,full_v13/automatic/attempts/OR-017
automatic,OR-018,NRM,v7,v13,True,True,NRM,NRM,True,True,True,True,unchanged,none,objective_matched,confirmed,,full_v13/automatic/attempts/OR-018
automatic,OR-019,NRM,v7,v13,True,True,NRM,NRM,True,True,True,True,unchanged,none,objective_matched,confirmed,,full_v13/automatic/attempts/OR-019
automatic,OR-020,NRM,v7,v13,True,True,NRM,NRM,True,True,True,True,unchanged,none,objective_matched,confirmed,,full_v13/automatic/attempts/OR-020
automatic,OR-021,NRM,v7,v13,True,True,NRM,NRM,True,True,True,True,unchanged,none,objective_matched,confirmed,,full_v13/automatic/attempts/OR-021
automatic,OR-022,NRM,v7,v13,True,True,NRM,NRM,True,True,True,True,unchanged,none,objective_matched,confirmed,,full_v13/automatic/attempts/OR-022
automatic,OR-023,NRM,v7,v13,True,True,NRM,NRM,True,True,True,True,unchanged,none,objective_matched,confirmed,,full_v13/automatic/attempts/OR-023
automatic,OR-024,NRM,v7,v13,True,True,NRM,NRM,True,True,True,True,unchanged,none,objective_matched,confirmed,,full_v13/automatic/attempts/OR-024
automatic,OR-025,NRM,v7,v13,True,True,NRM,NRM,True,True,True,True,unchanged,none,objective_matched,confirmed,,full_v13/automatic/attempts/OR-025
automatic,OR-026,NRM,v7,v13,True,True,NRM,NRM,True,True,True,True,unchanged,none,objective_matched,confirmed,,full_v13/automatic/attempts/OR-026
automatic,OR-027,NRM,v7,v13,True,True,NRM,NRM,True,True,True,True,unchanged,none,objective_matched,confirmed,,full_v13/automatic/attempts/OR-027
automatic,OR-028,NRM,v7,v13,True,True,NRM,NRM,True,False,True,False,regression,code_generation,unsupported_None_upper_bound,confirmed from generated addVars call and execution TypeError,"Generated addVars(products, lb=0, ub=None, vtype=GRB.INTEGER) passes an unsupported None bound despite existing shared guidance. No code repair or rerun applied.",full_v13/automatic/attempts/OR-028
automatic,OR-029,NRM,v7,v13,True,True,NRM,NRM,True,True,True,True,unchanged,none,objective_matched,confirmed,,full_v13/automatic/attempts/OR-029
automatic,OR-030,NRM,v7,v13,True,True,NRM,NRM,True,True,True,True,unchanged,none,objective_matched,confirmed,,full_v13/automatic/attempts/OR-030
automatic,OR-031,NRM,v7,v13,True,True,NRM,NRM,True,True,True,True,unchanged,none,objective_matched,confirmed,,full_v13/automatic/attempts/OR-031
automatic,OR-032,NRM,v7,v13,True,True,NRM,NRM,True,True,True,True,unchanged,none,objective_matched,confirmed,,full_v13/automatic/attempts/OR-032
automatic,OR-033,NRM,v7,v13,True,True,NRM,NRM,True,True,True,True,unchanged,none,objective_matched,confirmed,,full_v13/automatic/attempts/OR-033
automatic,OR-034,NRM,v7,v13,True,True,NRM,NRM,True,True,True,True,unchanged,none,objective_matched,confirmed,,full_v13/automatic/attempts/OR-034
automatic,OR-035,RA,v7,v13,True,True,RA,RA,True,True,True,True,unchanged,none,objective_matched,confirmed,,full_v13/automatic/attempts/OR-035
automatic,OR-036,RA,v7,v13,True,True,RA,RA,True,True,True,True,unchanged,none,objective_matched,confirmed,,full_v13/automatic/attempts/OR-036
automatic,OR-037,RA,v7,v13,True,True,RA,RA,True,True,True,True,unchanged,none,objective_matched,confirmed,,full_v13/automatic/attempts/OR-037
automatic,OR-038,RA,v7,v13,True,True,RA,RA,True,True,True,True,unchanged,none,objective_matched,confirmed,,full_v13/automatic/attempts/OR-038
automatic,OR-039,RA,v7,v13,True,True,RA,RA,True,True,True,True,unchanged,none,objective_matched,confirmed,,full_v13/automatic/attempts/OR-039
automatic,OR-040,RA,v7,v13,True,True,RA,RA,True,True,True,True,unchanged,none,objective_matched,confirmed,,full_v13/automatic/attempts/OR-040
automatic,OR-041,RA,v7,v13,True,True,RA,RA,True,True,True,True,unchanged,none,objective_matched,confirmed,,full_v13/automatic/attempts/OR-041
automatic,OR-042,RA,v7,v13,True,True,RA,RA,True,True,True,True,unchanged,none,objective_matched,confirmed,,full_v13/automatic/attempts/OR-042
automatic,OR-043,RA,v7,v13,True,True,RA,RA,True,True,True,True,unchanged,none,objective_matched,confirmed,,full_v13/automatic/attempts/OR-043
automatic,OR-044,RA,v7,v13,True,True,RA,RA,True,True,True,True,unchanged,none,objective_matched,confirmed,,full_v13/automatic/attempts/OR-044
automatic,OR-045,RA,v7,v13,True,True,RA,RA,True,True,True,True,unchanged,none,objective_matched,confirmed,,full_v13/automatic/attempts/OR-045
automatic,OR-046,RA,v7,v13,True,True,RA,RA,True,True,True,True,unchanged,none,objective_matched,confirmed,,full_v13/automatic/attempts/OR-046
automatic,OR-047,RA,v7,v13,True,True,RA,RA,True,True,True,True,unchanged,none,objective_matched,confirmed,,full_v13/automatic/attempts/OR-047
automatic,OR-048,RA,v7,v13,True,True,RA,RA,True,True,True,True,unchanged,none,objective_matched,confirmed,,full_v13/automatic/attempts/OR-048
automatic,OR-049,RA,v7,v13,True,True,RA,RA,True,True,True,True,unchanged,none,objective_matched,confirmed,,full_v13/automatic/attempts/OR-049
automatic,OR-050,Mixture,v7,v13,False,False,RA,RA,False,True,False,True,improvement,none,objective_matched,confirmed,,full_v13/automatic/attempts/OR-050
automatic,OR-051,RA,v7,v13,True,True,RA,RA,True,True,True,True,unchanged,none,objective_matched,confirmed,,full_v13/automatic/attempts/OR-051
automatic,OR-052,RA,v7,v13,True,True,RA,RA,True,True,True,True,unchanged,none,objective_matched,confirmed,,full_v13/automatic/attempts/OR-052
automatic,OR-053,RA,v7,v13,True,True,RA,RA,True,True,True,True,unchanged,none,objective_matched,confirmed,,full_v13/automatic/attempts/OR-053
automatic,OR-054,RA,v7,v13,True,True,RA,RA,True,True,True,True,unchanged,none,objective_matched,confirmed,,full_v13/automatic/attempts/OR-054
automatic,OR-055,RA,v7,v13,True,True,RA,RA,True,True,True,True,unchanged,none,objective_matched,confirmed,,full_v13/automatic/attempts/OR-055
automatic,OR-056,RA,v7,v13,True,True,RA,RA,True,True,True,True,unchanged,none,objective_matched,confirmed,,full_v13/automatic/attempts/OR-056
automatic,OR-057,RA,v7,v13,True,True,RA,RA,True,True,True,True,unchanged,none,objective_matched,confirmed,,full_v13/automatic/attempts/OR-057
automatic,OR-058,FLP,v7,v13,True,True,FLP,FLP,True,True,True,True,unchanged,none,objective_matched,confirmed,,full_v13/automatic/attempts/OR-058
automatic,OR-059,FLP,v7,v13,True,True,FLP,FLP,True,True,True,True,unchanged,none,objective_matched,confirmed,,full_v13/automatic/attempts/OR-059
automatic,OR-060,FLP,v7,v13,True,True,FLP,FLP,True,True,True,True,unchanged,none,objective_matched,confirmed,,full_v13/automatic/attempts/OR-060
automatic,OR-061,FLP,v7,v13,True,True,FLP,FLP,True,True,True,True,unchanged,none,objective_matched,confirmed,,full_v13/automatic/attempts/OR-061
automatic,OR-062,FLP,v7,v13,True,True,FLP,FLP,False,False,False,False,unchanged,data_extraction,missing_trusted_customer_city_mapping,confirmed incompatible source identifiers; intended mapping unresolved,Demand uses Customer_1 through Customer_5 while cost columns use city names. Full-source fallback still contains no trusted explicit customer-to-city mapping. The generated program rejects the mismatch instead of inventing a positional mapping.,full_v13/automatic/attempts/OR-062
automatic,OR-063,FLP,v7,v13,True,True,FLP,FLP,True,True,True,True,unchanged,none,objective_matched,confirmed,,full_v13/automatic/attempts/OR-063
automatic,OR-064,FLP,v7,v13,True,True,FLP,FLP,True,True,True,True,unchanged,none,objective_matched,confirmed,,full_v13/automatic/attempts/OR-064
automatic,OR-065,FLP,v7,v13,True,True,FLP,FLP,True,True,True,True,unchanged,none,objective_matched,confirmed,,full_v13/automatic/attempts/OR-065
automatic,OR-066,FLP,v7,v13,True,True,FLP,FLP,True,True,True,True,unchanged,none,objective_matched,confirmed,,full_v13/automatic/attempts/OR-066
automatic,OR-067,AP,v7,v13,True,True,AP,AP,True,True,True,True,unchanged,none,objective_matched,confirmed,,full_v13/automatic/attempts/OR-067
automatic,OR-068,AP,v7,v13,True,True,AP,AP,True,True,True,True,unchanged,none,objective_matched,confirmed,,full_v13/automatic/attempts/OR-068
automatic,OR-069,AP,v7,v13,True,True,AP,AP,True,True,True,True,unchanged,none,objective_matched,confirmed,,full_v13/automatic/attempts/OR-069
automatic,OR-070,AP,v7,v13,True,True,AP,AP,True,True,True,True,unchanged,none,objective_matched,confirmed,,full_v13/automatic/attempts/OR-070
automatic,OR-071,Mixture,v7,v13,False,False,RA,RA,True,True,True,True,unchanged,none,objective_matched,confirmed,,full_v13/automatic/attempts/OR-071
automatic,OR-072,Others,v7,v13,True,True,Others,Others,True,True,True,True,unchanged,none,objective_matched,confirmed,,full_v13/automatic/attempts/OR-072
automatic,OR-073,Mixture,v7,v13,True,True,Mixture,Mixture,True,True,True,True,unchanged,none,objective_matched,confirmed,,full_v13/automatic/attempts/OR-073
automatic,OR-074,Others,v7,v13,True,True,Others,Others,False,True,False,True,improvement,none,objective_matched,confirmed,,full_v13/automatic/attempts/OR-074
automatic,OR-075,Mixture,v7,v13,True,True,Mixture,Mixture,True,True,True,True,unchanged,none,objective_matched,confirmed,,full_v13/automatic/attempts/OR-075
automatic,OR-076,FLP,v7,v13,True,True,FLP,FLP,True,True,True,True,unchanged,none,objective_matched,confirmed,,full_v13/automatic/attempts/OR-076
automatic,OR-077,Others,v7,v13,True,True,Others,Others,True,True,True,True,unchanged,none,objective_matched,confirmed,,full_v13/automatic/attempts/OR-077
automatic,OR-078,Mixture,v7,v13,True,True,Mixture,Mixture,True,True,True,True,unchanged,none,objective_matched,confirmed,,full_v13/automatic/attempts/OR-078
automatic,OR-079,FLP,v7,v13,True,True,FLP,FLP,True,True,True,True,unchanged,none,objective_matched,confirmed,,full_v13/automatic/attempts/OR-079
automatic,OR-080,Mixture,v7,v13,True,True,Mixture,Mixture,True,True,True,False,regression,mathematical_modeling,extra_minimum_down_time_period,confirmed against original query and saved model/code; isolated objective impact untested,"The query permits restart at t+2 after shutdown at t. The model and generated code additionally force y_(t+2)<=1-s_t, preventing that restart. The initial load ramp boundary is separately ambiguous and is not claimed as a confirmed defect.",full_v13/automatic/attempts/OR-080
automatic,OR-081,Others,v7,v13,True,True,Others,Others,True,True,True,True,unchanged,none,objective_matched,confirmed,,full_v13/automatic/attempts/OR-081
automatic,OR-082,Others,v7,v13,True,True,Others,Others,True,True,True,True,unchanged,none,objective_matched,confirmed,,full_v13/automatic/attempts/OR-082
automatic,OR-083,Mixture,v7,v13,True,True,Mixture,Mixture,True,True,True,True,unchanged,none,objective_matched,confirmed,,full_v13/automatic/attempts/OR-083
automatic,OR-084,Others,v7,v13,True,True,Others,Others,False,True,False,True,improvement,none,objective_matched,confirmed,,full_v13/automatic/attempts/OR-084
automatic,OR-085,Others,v7,v13,True,True,Others,Others,True,True,True,True,unchanged,none,objective_matched,confirmed,,full_v13/automatic/attempts/OR-085
automatic,OR-086,Mixture,v7,v13,True,True,Mixture,Mixture,True,False,True,False,regression,mathematical_modeling,output_truncated_after_valid_observation,confirmed saved API completion and CSVQA trace,ModelOutputTruncated during formulation after a completed CSVQA Observation; the response degenerates into a long repeated EM SPACE sequence and reaches the unchanged token limit. No truncation retry or output repair applied.,full_v13/automatic/attempts/OR-086
automatic,OR-087,Mixture,v7,v13,True,True,Mixture,Mixture,True,False,False,False,unchanged,mathematical_modeling,output_truncated_after_valid_observation,confirmed saved API completion and CSVQA trace,ModelOutputTruncated during formulation after a completed CSVQA Observation; the response degenerates into a long repeated EM SPACE sequence and reaches the unchanged token limit. No truncation retry or output repair applied.,full_v13/automatic/attempts/OR-087
automatic,OR-088,FLP,v7,v13,True,True,FLP,FLP,True,True,True,True,unchanged,none,objective_matched,confirmed,,full_v13/automatic/attempts/OR-088
automatic,OR-089,FLP,v7,v13,True,True,FLP,FLP,True,True,True,True,unchanged,none,objective_matched,confirmed,,full_v13/automatic/attempts/OR-089
automatic,OR-090,Mixture,v7,v13,True,True,Mixture,Mixture,True,False,True,False,regression,mathematical_modeling,output_truncated_after_valid_observation,confirmed saved API completion and CSVQA trace,ModelOutputTruncated during formulation after a completed CSVQA Observation; the response degenerates into a long repeated EM SPACE sequence and reaches the unchanged token limit. No truncation retry or output repair applied.,full_v13/automatic/attempts/OR-090
automatic,OR-091,Mixture,v7,v13,False,False,Others,Others,True,True,True,True,unchanged,none,objective_matched,confirmed,,full_v13/automatic/attempts/OR-091
automatic,OR-092,Mixture,v7,v13,True,True,Mixture,Mixture,True,True,True,False,regression,mathematical_modeling,per_truck_capacity_applied_to_total_route_cargo,"confirmed from original query, saved model and generated variable bound","The question permits several integer trips on a route, each of capacity Q. The model declares aggregate route cargo x_ij in [0,Q] and the program sets ub=Q in addition to x_ij<=Q*t_ij, incorrectly limiting all trips on each route to one truckload.",full_v13/automatic/attempts/OR-092
automatic,OR-093,AP,v7,v13,True,True,AP,AP,True,True,True,True,unchanged,none,objective_matched,confirmed,,full_v13/automatic/attempts/OR-093
automatic,OR-094,Mixture,v7,v13,False,False,RA,RA,True,True,True,True,unchanged,none,objective_matched,confirmed,,full_v13/automatic/attempts/OR-094
automatic,OR-095,Mixture,v7,v13,True,True,Mixture,Mixture,True,True,True,True,unchanged,none,objective_matched,confirmed,,full_v13/automatic/attempts/OR-095
automatic,OR-096,Mixture,v7,v13,True,True,Mixture,Mixture,True,True,True,True,unchanged,none,objective_matched,confirmed,,full_v13/automatic/attempts/OR-096
automatic,OR-097,Mixture,v7,v13,True,True,Mixture,Mixture,False,False,False,False,unchanged,mathematical_modeling,output_truncated_after_valid_observation,confirmed saved API completion and CSVQA trace,ModelOutputTruncated during formulation after a completed CSVQA Observation; the response degenerates into a long repeated EM SPACE sequence and reaches the unchanged token limit. No truncation retry or output repair applied.,full_v13/automatic/attempts/OR-097
automatic,OR-098,Mixture,v7,v13,False,True,Others,Mixture,True,True,True,True,unchanged,none,objective_matched,confirmed,,full_v13/automatic/attempts/OR-098
automatic,OR-099,FLP,v7,v13,True,True,FLP,FLP,True,True,True,True,unchanged,none,objective_matched,confirmed,,full_v13/automatic/attempts/OR-099
automatic,OR-100,Others,v7,v13,False,False,RA,RA,True,True,False,False,unchanged,classification_and_mathematical_modeling,route_disagreement_and_ambiguous_integrality,classification disagreement confirmed; production integrality interpretation unresolved,Classification selects RA instead of the reference Others label. The question does not explicitly specify integrality and the generated model makes all component quantities integer. No answer-driven domain or replacement route is introduced.,full_v13/automatic/attempts/OR-100
automatic,OR-101,Mixture,v7,v13,False,False,RA,RA,True,True,True,True,unchanged,none,objective_matched,confirmed,,full_v13/automatic/attempts/OR-101
columns/100pct-S1,100pct-S1/OR-001,AP,v7,v13,True,True,AP,AP,True,True,True,True,unchanged,none,objective_matched,confirmed,,full_v13/columns/100pct-S1/attempts/100pct-S1%2FOR-001
columns/100pct-S1,100pct-S1/OR-002,AP,v7,v13,True,True,AP,AP,True,True,True,True,unchanged,none,objective_matched,confirmed,,full_v13/columns/100pct-S1/attempts/100pct-S1%2FOR-002
columns/100pct-S1,100pct-S1/OR-003,AP,v7,v13,True,True,AP,AP,True,True,True,True,unchanged,none,objective_matched,confirmed,,full_v13/columns/100pct-S1/attempts/100pct-S1%2FOR-003
columns/100pct-S1,100pct-S1/OR-004,AP,v7,v13,True,True,AP,AP,True,True,True,True,unchanged,none,objective_matched,confirmed,,full_v13/columns/100pct-S1/attempts/100pct-S1%2FOR-004
columns/100pct-S1,100pct-S1/OR-005,RA,v7,v13,True,True,RA,RA,True,True,True,True,unchanged,none,objective_matched,confirmed,,full_v13/columns/100pct-S1/attempts/100pct-S1%2FOR-005
columns/100pct-S1,100pct-S1/OR-006,RA,v7,v13,True,True,RA,RA,True,True,True,True,unchanged,none,objective_matched,confirmed,,full_v13/columns/100pct-S1/attempts/100pct-S1%2FOR-006
columns/100pct-S1,100pct-S1/OR-007,RA,v7,v13,True,True,RA,RA,True,True,True,True,unchanged,none,objective_matched,confirmed,,full_v13/columns/100pct-S1/attempts/100pct-S1%2FOR-007
columns/100pct-S1,100pct-S1/OR-008,RA,v7,v13,True,True,RA,RA,True,True,True,True,unchanged,none,objective_matched,confirmed,,full_v13/columns/100pct-S1/attempts/100pct-S1%2FOR-008
columns/100pct-S1,100pct-S1/OR-009,RA,v7,v13,True,True,RA,RA,True,True,True,True,unchanged,none,objective_matched,confirmed,,full_v13/columns/100pct-S1/attempts/100pct-S1%2FOR-009
columns/100pct-S1,100pct-S1/OR-010,RA,v7,v13,True,True,RA,RA,True,True,True,True,unchanged,none,objective_matched,confirmed,,full_v13/columns/100pct-S1/attempts/100pct-S1%2FOR-010
columns/100pct-S1,100pct-S1/OR-011,RA,v7,v13,True,True,RA,RA,True,True,True,True,unchanged,none,objective_matched,confirmed,,full_v13/columns/100pct-S1/attempts/100pct-S1%2FOR-011
columns/100pct-S1,100pct-S1/OR-012,RA,v7,v13,True,True,RA,RA,True,True,True,True,unchanged,none,objective_matched,confirmed,,full_v13/columns/100pct-S1/attempts/100pct-S1%2FOR-012
columns/100pct-S1,100pct-S1/OR-013,RA,v7,v13,True,True,RA,RA,True,True,True,True,unchanged,none,objective_matched,confirmed,,full_v13/columns/100pct-S1/attempts/100pct-S1%2FOR-013
columns/100pct-S1,100pct-S1/OR-014,RA,v7,v13,True,True,RA,RA,True,True,True,True,unchanged,none,objective_matched,confirmed,,full_v13/columns/100pct-S1/attempts/100pct-S1%2FOR-014
columns/100pct-S1,100pct-S1/OR-015,RA,v7,v13,True,True,RA,RA,True,True,True,True,unchanged,none,objective_matched,confirmed,,full_v13/columns/100pct-S1/attempts/100pct-S1%2FOR-015
columns/100pct-S1,100pct-S1/OR-016,TP,v7,v13,True,True,TP,TP,True,True,True,True,unchanged,none,objective_matched,confirmed,,full_v13/columns/100pct-S1/attempts/100pct-S1%2FOR-016
columns/100pct-S1,100pct-S1/OR-017,TP,v7,v13,True,True,TP,TP,True,True,True,True,unchanged,none,objective_matched,confirmed,,full_v13/columns/100pct-S1/attempts/100pct-S1%2FOR-017
columns/100pct-S1,100pct-S1/OR-018,TP,v7,v13,True,True,TP,TP,False,True,False,True,improvement,none,objective_matched,confirmed,,full_v13/columns/100pct-S1/attempts/100pct-S1%2FOR-018
columns/100pct-S1,100pct-S1/OR-019,TP,v7,v13,True,True,TP,TP,False,True,False,True,improvement,none,objective_matched,confirmed,,full_v13/columns/100pct-S1/attempts/100pct-S1%2FOR-019
columns/100pct-S1,100pct-S1/OR-020,TP,v7,v13,True,True,TP,TP,True,True,True,True,unchanged,none,objective_matched,confirmed,,full_v13/columns/100pct-S1/attempts/100pct-S1%2FOR-020
columns/100pct-S1,100pct-S1/OR-021,TP,v7,v13,True,True,TP,TP,True,True,True,True,unchanged,none,objective_matched,confirmed,,full_v13/columns/100pct-S1/attempts/100pct-S1%2FOR-021
columns/100pct-S1,100pct-S1/OR-022,FLP,v7,v13,True,True,FLP,FLP,True,True,True,True,unchanged,none,objective_matched,confirmed,,full_v13/columns/100pct-S1/attempts/100pct-S1%2FOR-022
columns/100pct-S1,100pct-S1/OR-023,FLP,v7,v13,True,True,FLP,FLP,False,True,False,False,unchanged,mathematical_modeling_or_code_generation,unsupported_positional_customer_city_mapping,positional assumption confirmed from saved code; correct crosswalk unresolved,The generated program aligns customer IDs with an alphabetically ordered list of city columns using zip. There is no source evidence for this alignment; the numerical objective does not match. No answer-driven mapping is added.,full_v13/columns/100pct-S1/attempts/100pct-S1%2FOR-023
columns/100pct-S1,100pct-S1/OR-024,FLP,v7,v13,True,True,FLP,FLP,True,True,True,True,unchanged,none,objective_matched,confirmed,,full_v13/columns/100pct-S1/attempts/100pct-S1%2FOR-024
columns/100pct-S1,100pct-S1/OR-025,FLP,v7,v13,True,True,FLP,FLP,True,True,True,True,unchanged,none,objective_matched,confirmed,,full_v13/columns/100pct-S1/attempts/100pct-S1%2FOR-025
columns/100pct-S1,100pct-S1/OR-026,FLP,v7,v13,True,True,FLP,FLP,True,True,True,True,unchanged,none,objective_matched,confirmed,,full_v13/columns/100pct-S1/attempts/100pct-S1%2FOR-026
columns/100pct-S1,100pct-S1/OR-027,FLP,v7,v13,True,True,FLP,FLP,True,True,True,True,unchanged,none,objective_matched,confirmed,,full_v13/columns/100pct-S1/attempts/100pct-S1%2FOR-027
columns/100pct-S1,100pct-S1/OR-028,FLP,v7,v13,True,True,FLP,FLP,True,True,True,True,unchanged,none,objective_matched,confirmed,,full_v13/columns/100pct-S1/attempts/100pct-S1%2FOR-028
columns/100pct-S1,100pct-S1/OR-029,Mixture,v7,v13,False,False,RA,RA,True,True,True,True,unchanged,none,objective_matched,confirmed,,full_v13/columns/100pct-S1/attempts/100pct-S1%2FOR-029
columns/100pct-S1,100pct-S1/OR-030,Mixture,v7,v13,True,True,Mixture,Mixture,True,True,True,True,unchanged,none,objective_matched,confirmed,,full_v13/columns/100pct-S1/attempts/100pct-S1%2FOR-030
columns/100pct-S1,100pct-S1/OR-031,Mixture,v7,v13,True,True,Mixture,Mixture,True,True,True,True,unchanged,none,objective_matched,confirmed,,full_v13/columns/100pct-S1/attempts/100pct-S1%2FOR-031
columns/100pct-S1,100pct-S1/OR-032,Mixture,v7,v13,False,False,Others,Others,True,True,True,True,unchanged,none,objective_matched,confirmed,,full_v13/columns/100pct-S1/attempts/100pct-S1%2FOR-032
columns/100pct-S1,100pct-S1/OR-033,Others,v7,v13,True,True,Others,Others,True,True,True,True,unchanged,none,objective_matched,confirmed,,full_v13/columns/100pct-S1/attempts/100pct-S1%2FOR-033
columns/100pct-S1,100pct-S1/OR-034,Others,v7,v13,True,True,Others,Others,True,True,True,True,unchanged,none,objective_matched,confirmed,,full_v13/columns/100pct-S1/attempts/100pct-S1%2FOR-034
columns/100pct-S1,100pct-S1/OR-035,Others,v7,v13,True,True,Others,Others,True,True,True,True,unchanged,none,objective_matched,confirmed,,full_v13/columns/100pct-S1/attempts/100pct-S1%2FOR-035
columns/100pct-S2,100pct-S2/OR-001,AP,v7,v13,True,True,AP,AP,True,True,True,True,unchanged,none,objective_matched,confirmed,,full_v13/columns/100pct-S2/attempts/100pct-S2%2FOR-001
columns/100pct-S2,100pct-S2/OR-002,AP,v7,v13,True,True,AP,AP,True,True,True,True,unchanged,none,objective_matched,confirmed,,full_v13/columns/100pct-S2/attempts/100pct-S2%2FOR-002
columns/100pct-S2,100pct-S2/OR-003,AP,v7,v13,True,True,AP,AP,True,True,True,True,unchanged,none,objective_matched,confirmed,,full_v13/columns/100pct-S2/attempts/100pct-S2%2FOR-003
columns/100pct-S2,100pct-S2/OR-004,AP,v7,v13,True,True,AP,AP,True,True,True,True,unchanged,none,objective_matched,confirmed,,full_v13/columns/100pct-S2/attempts/100pct-S2%2FOR-004
columns/100pct-S2,100pct-S2/OR-005,RA,v7,v13,True,True,RA,RA,True,True,True,True,unchanged,none,objective_matched,confirmed,,full_v13/columns/100pct-S2/attempts/100pct-S2%2FOR-005
columns/100pct-S2,100pct-S2/OR-006,RA,v7,v13,True,True,RA,RA,True,True,True,True,unchanged,none,objective_matched,confirmed,,full_v13/columns/100pct-S2/attempts/100pct-S2%2FOR-006
columns/100pct-S2,100pct-S2/OR-007,RA,v7,v13,True,True,RA,RA,True,True,True,True,unchanged,none,objective_matched,confirmed,,full_v13/columns/100pct-S2/attempts/100pct-S2%2FOR-007
columns/100pct-S2,100pct-S2/OR-008,RA,v7,v13,True,True,RA,RA,True,True,True,True,unchanged,none,objective_matched,confirmed,,full_v13/columns/100pct-S2/attempts/100pct-S2%2FOR-008
columns/100pct-S2,100pct-S2/OR-009,RA,v7,v13,True,True,RA,RA,True,True,False,True,improvement,none,objective_matched,confirmed,,full_v13/columns/100pct-S2/attempts/100pct-S2%2FOR-009
columns/100pct-S2,100pct-S2/OR-010,RA,v7,v13,True,True,RA,RA,True,True,True,True,unchanged,none,objective_matched,confirmed,,full_v13/columns/100pct-S2/attempts/100pct-S2%2FOR-010
columns/100pct-S2,100pct-S2/OR-011,RA,v7,v13,True,True,RA,RA,True,True,True,True,unchanged,none,objective_matched,confirmed,,full_v13/columns/100pct-S2/attempts/100pct-S2%2FOR-011
columns/100pct-S2,100pct-S2/OR-012,RA,v7,v13,True,True,RA,RA,True,True,True,True,unchanged,none,objective_matched,confirmed,,full_v13/columns/100pct-S2/attempts/100pct-S2%2FOR-012
columns/100pct-S2,100pct-S2/OR-013,RA,v7,v13,True,True,RA,RA,True,True,True,True,unchanged,none,objective_matched,confirmed,,full_v13/columns/100pct-S2/attempts/100pct-S2%2FOR-013
columns/100pct-S2,100pct-S2/OR-014,RA,v7,v13,True,True,RA,RA,True,True,True,True,unchanged,none,objective_matched,confirmed,,full_v13/columns/100pct-S2/attempts/100pct-S2%2FOR-014
columns/100pct-S2,100pct-S2/OR-015,RA,v7,v13,True,True,RA,RA,True,True,True,True,unchanged,none,objective_matched,confirmed,,full_v13/columns/100pct-S2/attempts/100pct-S2%2FOR-015
columns/100pct-S2,100pct-S2/OR-016,TP,v7,v13,True,True,TP,TP,True,True,True,True,unchanged,none,objective_matched,confirmed,,full_v13/columns/100pct-S2/attempts/100pct-S2%2FOR-016
columns/100pct-S2,100pct-S2/OR-017,TP,v7,v13,True,True,TP,TP,True,True,True,True,unchanged,none,objective_matched,confirmed,,full_v13/columns/100pct-S2/attempts/100pct-S2%2FOR-017
columns/100pct-S2,100pct-S2/OR-018,TP,v7,v13,True,True,TP,TP,True,True,True,True,unchanged,none,objective_matched,confirmed,,full_v13/columns/100pct-S2/attempts/100pct-S2%2FOR-018
columns/100pct-S2,100pct-S2/OR-019,TP,v7,v13,True,True,TP,TP,True,True,True,True,unchanged,none,objective_matched,confirmed,,full_v13/columns/100pct-S2/attempts/100pct-S2%2FOR-019
columns/100pct-S2,100pct-S2/OR-020,TP,v7,v13,True,True,TP,TP,True,True,True,True,unchanged,none,objective_matched,confirmed,,full_v13/columns/100pct-S2/attempts/100pct-S2%2FOR-020
columns/100pct-S2,100pct-S2/OR-021,TP,v7,v13,True,True,TP,TP,False,True,False,True,improvement,none,objective_matched,confirmed,,full_v13/columns/100pct-S2/attempts/100pct-S2%2FOR-021
columns/100pct-S2,100pct-S2/OR-022,FLP,v7,v13,True,True,FLP,FLP,True,True,True,True,unchanged,none,objective_matched,confirmed,,full_v13/columns/100pct-S2/attempts/100pct-S2%2FOR-022
columns/100pct-S2,100pct-S2/OR-023,FLP,v7,v13,True,True,FLP,FLP,False,False,False,False,unchanged,data_extraction,missing_trusted_customer_city_mapping,confirmed source identifier mismatch; intended mapping unresolved,The raw demand source uses Customer_1 through Customer_5 and transportation costs use city names. No trusted explicit crosswalk is supplied; generated code fails while matching or validating these identifiers. Full-source fallback does not create a mapping.,full_v13/columns/100pct-S2/attempts/100pct-S2%2FOR-023
columns/100pct-S2,100pct-S2/OR-024,FLP,v7,v13,True,True,FLP,FLP,True,True,True,True,unchanged,none,objective_matched,confirmed,,full_v13/columns/100pct-S2/attempts/100pct-S2%2FOR-024
columns/100pct-S2,100pct-S2/OR-025,FLP,v7,v13,True,True,FLP,FLP,True,True,True,True,unchanged,none,objective_matched,confirmed,,full_v13/columns/100pct-S2/attempts/100pct-S2%2FOR-025
columns/100pct-S2,100pct-S2/OR-026,FLP,v7,v13,True,True,FLP,FLP,True,True,True,True,unchanged,none,objective_matched,confirmed,,full_v13/columns/100pct-S2/attempts/100pct-S2%2FOR-026
columns/100pct-S2,100pct-S2/OR-027,FLP,v7,v13,True,True,FLP,FLP,True,True,True,True,unchanged,none,objective_matched,confirmed,,full_v13/columns/100pct-S2/attempts/100pct-S2%2FOR-027
columns/100pct-S2,100pct-S2/OR-028,FLP,v7,v13,True,True,FLP,FLP,True,True,False,True,improvement,none,objective_matched,confirmed,,full_v13/columns/100pct-S2/attempts/100pct-S2%2FOR-028
columns/100pct-S2,100pct-S2/OR-029,Mixture,v7,v13,False,False,RA,RA,False,True,False,True,improvement,none,objective_matched,confirmed,,full_v13/columns/100pct-S2/attempts/100pct-S2%2FOR-029
columns/100pct-S2,100pct-S2/OR-030,Mixture,v7,v13,True,True,Mixture,Mixture,True,True,True,True,unchanged,none,objective_matched,confirmed,,full_v13/columns/100pct-S2/attempts/100pct-S2%2FOR-030
columns/100pct-S2,100pct-S2/OR-031,Mixture,v7,v13,True,True,Mixture,Mixture,True,True,True,True,unchanged,none,objective_matched,confirmed,,full_v13/columns/100pct-S2/attempts/100pct-S2%2FOR-031
columns/100pct-S2,100pct-S2/OR-032,Mixture,v7,v13,False,False,Others,Others,True,True,True,True,unchanged,none,objective_matched,confirmed,,full_v13/columns/100pct-S2/attempts/100pct-S2%2FOR-032
columns/100pct-S2,100pct-S2/OR-033,Others,v7,v13,True,True,Others,Others,True,True,True,True,unchanged,none,objective_matched,confirmed,,full_v13/columns/100pct-S2/attempts/100pct-S2%2FOR-033
columns/100pct-S2,100pct-S2/OR-034,Others,v7,v13,True,True,Others,Others,True,True,True,True,unchanged,none,objective_matched,confirmed,,full_v13/columns/100pct-S2/attempts/100pct-S2%2FOR-034
columns/100pct-S2,100pct-S2/OR-035,Others,v7,v13,True,True,Others,Others,True,True,True,True,unchanged,none,objective_matched,confirmed,,full_v13/columns/100pct-S2/attempts/100pct-S2%2FOR-035
columns/100pct-S3,100pct-S3/OR-001,AP,v7,v13,True,True,AP,AP,True,True,True,True,unchanged,none,objective_matched,confirmed,,full_v13/columns/100pct-S3/attempts/100pct-S3%2FOR-001
columns/100pct-S3,100pct-S3/OR-002,AP,v7,v13,True,True,AP,AP,True,True,True,True,unchanged,none,objective_matched,confirmed,,full_v13/columns/100pct-S3/attempts/100pct-S3%2FOR-002
columns/100pct-S3,100pct-S3/OR-003,AP,v7,v13,True,True,AP,AP,True,True,True,True,unchanged,none,objective_matched,confirmed,,full_v13/columns/100pct-S3/attempts/100pct-S3%2FOR-003
columns/100pct-S3,100pct-S3/OR-004,AP,v7,v13,True,True,AP,AP,True,True,True,True,unchanged,none,objective_matched,confirmed,,full_v13/columns/100pct-S3/attempts/100pct-S3%2FOR-004
columns/100pct-S3,100pct-S3/OR-005,RA,v7,v13,True,True,RA,RA,True,True,True,True,unchanged,none,objective_matched,confirmed,,full_v13/columns/100pct-S3/attempts/100pct-S3%2FOR-005
columns/100pct-S3,100pct-S3/OR-006,RA,v7,v13,True,True,RA,RA,True,True,True,True,unchanged,none,objective_matched,confirmed,,full_v13/columns/100pct-S3/attempts/100pct-S3%2FOR-006
columns/100pct-S3,100pct-S3/OR-007,RA,v7,v13,True,True,RA,RA,True,True,True,True,unchanged,none,objective_matched,confirmed,,full_v13/columns/100pct-S3/attempts/100pct-S3%2FOR-007
columns/100pct-S3,100pct-S3/OR-008,RA,v7,v13,True,True,RA,RA,True,False,True,False,regression,code_generation,unsupported_None_upper_bound,confirmed addVars call and execution TypeError,Generated addVars passes ub=None despite shared API guidance; Gurobi raises TypeError. No post-generation repair or outcome retry is applied.,full_v13/columns/100pct-S3/attempts/100pct-S3%2FOR-008
columns/100pct-S3,100pct-S3/OR-009,RA,v7,v13,True,True,RA,RA,True,True,True,True,unchanged,none,objective_matched,confirmed,,full_v13/columns/100pct-S3/attempts/100pct-S3%2FOR-009
columns/100pct-S3,100pct-S3/OR-010,RA,v7,v13,True,True,RA,RA,True,True,True,True,unchanged,none,objective_matched,confirmed,,full_v13/columns/100pct-S3/attempts/100pct-S3%2FOR-010
columns/100pct-S3,100pct-S3/OR-011,RA,v7,v13,True,True,RA,RA,True,True,True,True,unchanged,none,objective_matched,confirmed,,full_v13/columns/100pct-S3/attempts/100pct-S3%2FOR-011
columns/100pct-S3,100pct-S3/OR-012,RA,v7,v13,True,True,RA,RA,True,True,True,True,unchanged,none,objective_matched,confirmed,,full_v13/columns/100pct-S3/attempts/100pct-S3%2FOR-012
columns/100pct-S3,100pct-S3/OR-013,RA,v7,v13,True,True,RA,RA,True,True,True,True,unchanged,none,objective_matched,confirmed,,full_v13/columns/100pct-S3/attempts/100pct-S3%2FOR-013
columns/100pct-S3,100pct-S3/OR-014,RA,v7,v13,True,True,RA,RA,True,True,True,True,unchanged,none,objective_matched,confirmed,,full_v13/columns/100pct-S3/attempts/100pct-S3%2FOR-014
columns/100pct-S3,100pct-S3/OR-015,RA,v7,v13,True,True,RA,RA,True,True,True,True,unchanged,none,objective_matched,confirmed,,full_v13/columns/100pct-S3/attempts/100pct-S3%2FOR-015
columns/100pct-S3,100pct-S3/OR-016,TP,v7,v13,True,True,TP,TP,True,True,True,True,unchanged,none,objective_matched,confirmed,,full_v13/columns/100pct-S3/attempts/100pct-S3%2FOR-016
columns/100pct-S3,100pct-S3/OR-017,TP,v7,v13,True,True,TP,TP,True,True,True,True,unchanged,none,objective_matched,confirmed,,full_v13/columns/100pct-S3/attempts/100pct-S3%2FOR-017
columns/100pct-S3,100pct-S3/OR-018,TP,v7,v13,True,True,TP,TP,True,True,True,True,unchanged,none,objective_matched,confirmed,,full_v13/columns/100pct-S3/attempts/100pct-S3%2FOR-018
columns/100pct-S3,100pct-S3/OR-019,TP,v7,v13,True,True,TP,TP,True,True,True,True,unchanged,none,objective_matched,confirmed,,full_v13/columns/100pct-S3/attempts/100pct-S3%2FOR-019
columns/100pct-S3,100pct-S3/OR-020,TP,v7,v13,True,True,TP,TP,True,True,True,True,unchanged,none,objective_matched,confirmed,,full_v13/columns/100pct-S3/attempts/100pct-S3%2FOR-020
columns/100pct-S3,100pct-S3/OR-021,TP,v7,v13,True,True,TP,TP,True,True,True,True,unchanged,none,objective_matched,confirmed,,full_v13/columns/100pct-S3/attempts/100pct-S3%2FOR-021
columns/100pct-S3,100pct-S3/OR-022,FLP,v7,v13,True,True,FLP,FLP,True,True,True,True,unchanged,none,objective_matched,confirmed,,full_v13/columns/100pct-S3/attempts/100pct-S3%2FOR-022
columns/100pct-S3,100pct-S3/OR-023,FLP,v7,v13,True,True,FLP,FLP,False,False,False,False,unchanged,data_extraction,missing_trusted_customer_city_mapping,confirmed source identifier mismatch; intended mapping unresolved,The raw demand source uses Customer_1 through Customer_5 and transportation costs use city names. No trusted explicit crosswalk is supplied; generated code fails while matching or validating these identifiers. Full-source fallback does not create a mapping.,full_v13/columns/100pct-S3/attempts/100pct-S3%2FOR-023
columns/100pct-S3,100pct-S3/OR-024,FLP,v7,v13,True,True,FLP,FLP,True,True,True,True,unchanged,none,objective_matched,confirmed,,full_v13/columns/100pct-S3/attempts/100pct-S3%2FOR-024
columns/100pct-S3,100pct-S3/OR-025,FLP,v7,v13,True,True,FLP,FLP,True,True,False,False,unchanged,mathematical_modeling,missing_activity_activation_link,confirmed saved model and code; conflicting common instruction also identified,"The query defines operational suppliers through binary open variables. Both model and code omit all links between shipments and opening, allowing positive supply with all open variables zero. The common prefix only permits activation-conditioned bounds when the query explicitly makes bounds conditional; that wording conflicts with the separate requirement to retain logical open/activity links even without a physical capacity field.",full_v13/columns/100pct-S3/attempts/100pct-S3%2FOR-025
columns/100pct-S3,100pct-S3/OR-026,FLP,v7,v13,True,True,FLP,FLP,False,True,False,True,improvement,none,objective_matched,confirmed,,full_v13/columns/100pct-S3/attempts/100pct-S3%2FOR-026
columns/100pct-S3,100pct-S3/OR-027,FLP,v7,v13,True,True,FLP,FLP,True,True,True,True,unchanged,none,objective_matched,confirmed,,full_v13/columns/100pct-S3/attempts/100pct-S3%2FOR-027
columns/100pct-S3,100pct-S3/OR-028,FLP,v7,v13,True,True,FLP,FLP,True,True,True,False,regression,mathematical_modeling_or_code_generation,objective_mismatch_with_matrix_axis_assumption,axis assignment confirmed in code; intended orientation unresolved without explicit source distinction,"The generated code treats W-labeled rows as stores and W-labeled columns as warehouses. Both source axes reuse the same labels, so the intended semantic orientation is not proven by identifier equality. The optimal numeric objective differs; no answer-driven transposition is applied.",full_v13/columns/100pct-S3/attempts/100pct-S3%2FOR-028
columns/100pct-S3,100pct-S3/OR-029,Mixture,v7,v13,False,False,RA,RA,True,True,True,True,unchanged,none,objective_matched,confirmed,,full_v13/columns/100pct-S3/attempts/100pct-S3%2FOR-029
columns/100pct-S3,100pct-S3/OR-030,Mixture,v7,v13,True,True,Mixture,Mixture,True,True,True,True,unchanged,none,objective_matched,confirmed,,full_v13/columns/100pct-S3/attempts/100pct-S3%2FOR-030
columns/100pct-S3,100pct-S3/OR-031,Mixture,v7,v13,True,True,Mixture,Mixture,True,True,True,True,unchanged,none,objective_matched,confirmed,,full_v13/columns/100pct-S3/attempts/100pct-S3%2FOR-031
columns/100pct-S3,100pct-S3/OR-032,Mixture,v7,v13,False,False,Others,Others,True,True,True,True,unchanged,none,objective_matched,confirmed,,full_v13/columns/100pct-S3/attempts/100pct-S3%2FOR-032
columns/100pct-S3,100pct-S3/OR-033,Others,v7,v13,True,True,Others,Others,True,True,True,True,unchanged,none,objective_matched,confirmed,,full_v13/columns/100pct-S3/attempts/100pct-S3%2FOR-033
columns/100pct-S3,100pct-S3/OR-034,Others,v7,v13,True,True,Others,Others,True,True,True,True,unchanged,none,objective_matched,confirmed,,full_v13/columns/100pct-S3/attempts/100pct-S3%2FOR-034
columns/100pct-S3,100pct-S3/OR-035,Others,v7,v13,True,True,Others,Others,True,False,True,False,regression,mathematical_modeling,output_truncated_after_valid_observation,confirmed saved API completion and CSVQA trace,ModelOutputTruncated during formulation after a completed CSVQA Observation. Repeated EM SPACE consumes the unchanged token budget; no truncation retry or repair.,full_v13/columns/100pct-S3/attempts/100pct-S3%2FOR-035
columns/200pct-S1,200pct-S1/OR-001,AP,v7,v13,True,True,AP,AP,True,True,True,True,unchanged,none,objective_matched,confirmed,,full_v13/columns/200pct-S1/attempts/200pct-S1%2FOR-001
columns/200pct-S1,200pct-S1/OR-002,AP,v7,v13,True,True,AP,AP,True,True,True,True,unchanged,none,objective_matched,confirmed,,full_v13/columns/200pct-S1/attempts/200pct-S1%2FOR-002
columns/200pct-S1,200pct-S1/OR-003,AP,v7,v13,True,True,AP,AP,True,True,True,True,unchanged,none,objective_matched,confirmed,,full_v13/columns/200pct-S1/attempts/200pct-S1%2FOR-003
columns/200pct-S1,200pct-S1/OR-004,AP,v7,v13,True,True,AP,AP,True,True,True,True,unchanged,none,objective_matched,confirmed,,full_v13/columns/200pct-S1/attempts/200pct-S1%2FOR-004
columns/200pct-S1,200pct-S1/OR-005,RA,v7,v13,True,True,RA,RA,True,True,True,True,unchanged,none,objective_matched,confirmed,,full_v13/columns/200pct-S1/attempts/200pct-S1%2FOR-005
columns/200pct-S1,200pct-S1/OR-006,RA,v7,v13,True,True,RA,RA,True,True,True,True,unchanged,none,objective_matched,confirmed,,full_v13/columns/200pct-S1/attempts/200pct-S1%2FOR-006
columns/200pct-S1,200pct-S1/OR-007,RA,v7,v13,True,True,RA,RA,True,True,True,True,unchanged,none,objective_matched,confirmed,,full_v13/columns/200pct-S1/attempts/200pct-S1%2FOR-007
columns/200pct-S1,200pct-S1/OR-008,RA,v7,v13,True,True,RA,RA,True,True,True,True,unchanged,none,objective_matched,confirmed,,full_v13/columns/200pct-S1/attempts/200pct-S1%2FOR-008
columns/200pct-S1,200pct-S1/OR-009,RA,v7,v13,True,True,RA,RA,True,True,True,True,unchanged,none,objective_matched,confirmed,,full_v13/columns/200pct-S1/attempts/200pct-S1%2FOR-009
columns/200pct-S1,200pct-S1/OR-010,RA,v7,v13,True,True,RA,RA,True,True,True,True,unchanged,none,objective_matched,confirmed,,full_v13/columns/200pct-S1/attempts/200pct-S1%2FOR-010
columns/200pct-S1,200pct-S1/OR-011,RA,v7,v13,True,True,RA,RA,True,True,True,True,unchanged,none,objective_matched,confirmed,,full_v13/columns/200pct-S1/attempts/200pct-S1%2FOR-011
columns/200pct-S1,200pct-S1/OR-012,RA,v7,v13,True,True,RA,RA,True,True,True,True,unchanged,none,objective_matched,confirmed,,full_v13/columns/200pct-S1/attempts/200pct-S1%2FOR-012
columns/200pct-S1,200pct-S1/OR-013,RA,v7,v13,True,True,RA,RA,True,True,True,True,unchanged,none,objective_matched,confirmed,,full_v13/columns/200pct-S1/attempts/200pct-S1%2FOR-013
columns/200pct-S1,200pct-S1/OR-014,RA,v7,v13,True,True,RA,RA,True,True,True,True,unchanged,none,objective_matched,confirmed,,full_v13/columns/200pct-S1/attempts/200pct-S1%2FOR-014
columns/200pct-S1,200pct-S1/OR-015,RA,v7,v13,True,True,RA,RA,True,True,True,True,unchanged,none,objective_matched,confirmed,,full_v13/columns/200pct-S1/attempts/200pct-S1%2FOR-015
columns/200pct-S1,200pct-S1/OR-016,TP,v7,v13,True,True,TP,TP,True,True,True,True,unchanged,none,objective_matched,confirmed,,full_v13/columns/200pct-S1/attempts/200pct-S1%2FOR-016
columns/200pct-S1,200pct-S1/OR-017,TP,v7,v13,True,True,TP,TP,True,True,True,True,unchanged,none,objective_matched,confirmed,,full_v13/columns/200pct-S1/attempts/200pct-S1%2FOR-017
columns/200pct-S1,200pct-S1/OR-018,TP,v7,v13,True,True,TP,TP,True,True,True,True,unchanged,none,objective_matched,confirmed,,full_v13/columns/200pct-S1/attempts/200pct-S1%2FOR-018
columns/200pct-S1,200pct-S1/OR-019,TP,v7,v13,True,True,TP,TP,True,True,True,True,unchanged,none,objective_matched,confirmed,,full_v13/columns/200pct-S1/attempts/200pct-S1%2FOR-019
columns/200pct-S1,200pct-S1/OR-020,TP,v7,v13,True,True,TP,TP,True,True,True,True,unchanged,none,objective_matched,confirmed,,full_v13/columns/200pct-S1/attempts/200pct-S1%2FOR-020
columns/200pct-S1,200pct-S1/OR-021,TP,v7,v13,True,True,TP,TP,True,True,True,True,unchanged,none,objective_matched,confirmed,,full_v13/columns/200pct-S1/attempts/200pct-S1%2FOR-021
columns/200pct-S1,200pct-S1/OR-022,FLP,v7,v13,True,True,FLP,FLP,True,True,True,True,unchanged,none,objective_matched,confirmed,,full_v13/columns/200pct-S1/attempts/200pct-S1%2FOR-022
columns/200pct-S1,200pct-S1/OR-023,FLP,v7,v13,True,True,FLP,FLP,False,False,False,False,unchanged,data_extraction,missing_trusted_customer_city_mapping,confirmed source identifier mismatch; intended mapping unresolved,The raw demand source uses Customer_1 through Customer_5 and transportation costs use city names. No trusted explicit crosswalk is supplied; generated code fails while matching or validating these identifiers. Full-source fallback does not create a mapping.,full_v13/columns/200pct-S1/attempts/200pct-S1%2FOR-023
columns/200pct-S1,200pct-S1/OR-024,FLP,v7,v13,True,True,FLP,FLP,True,True,True,True,unchanged,none,objective_matched,confirmed,,full_v13/columns/200pct-S1/attempts/200pct-S1%2FOR-024
columns/200pct-S1,200pct-S1/OR-025,FLP,v7,v13,True,True,FLP,FLP,True,True,True,False,regression,mathematical_modeling,missing_activity_activation_link,confirmed saved model and code; conflicting common instruction also identified,"The query defines operational suppliers through binary open variables. Both model and code omit all links between shipments and opening, allowing positive supply with all open variables zero. The common prefix only permits activation-conditioned bounds when the query explicitly makes bounds conditional; that wording conflicts with the separate requirement to retain logical open/activity links even without a physical capacity field.",full_v13/columns/200pct-S1/attempts/200pct-S1%2FOR-025
columns/200pct-S1,200pct-S1/OR-026,FLP,v7,v13,True,True,FLP,FLP,False,True,False,True,improvement,none,objective_matched,confirmed,,full_v13/columns/200pct-S1/attempts/200pct-S1%2FOR-026
columns/200pct-S1,200pct-S1/OR-027,FLP,v7,v13,True,True,FLP,FLP,True,True,True,True,unchanged,none,objective_matched,confirmed,,full_v13/columns/200pct-S1/attempts/200pct-S1%2FOR-027
columns/200pct-S1,200pct-S1/OR-028,FLP,v7,v13,True,True,FLP,FLP,True,True,True,True,unchanged,none,objective_matched,confirmed,,full_v13/columns/200pct-S1/attempts/200pct-S1%2FOR-028
columns/200pct-S1,200pct-S1/OR-029,Mixture,v7,v13,False,False,RA,RA,False,True,False,True,improvement,none,objective_matched,confirmed,,full_v13/columns/200pct-S1/attempts/200pct-S1%2FOR-029
columns/200pct-S1,200pct-S1/OR-030,Mixture,v7,v13,True,True,Mixture,Mixture,True,True,True,True,unchanged,none,objective_matched,confirmed,,full_v13/columns/200pct-S1/attempts/200pct-S1%2FOR-030
columns/200pct-S1,200pct-S1/OR-031,Mixture,v7,v13,True,True,Mixture,Mixture,True,True,True,True,unchanged,none,objective_matched,confirmed,,full_v13/columns/200pct-S1/attempts/200pct-S1%2FOR-031
columns/200pct-S1,200pct-S1/OR-032,Mixture,v7,v13,False,False,Others,Others,True,True,True,True,unchanged,none,objective_matched,confirmed,,full_v13/columns/200pct-S1/attempts/200pct-S1%2FOR-032
columns/200pct-S1,200pct-S1/OR-033,Others,v7,v13,True,True,Others,Others,True,True,True,True,unchanged,none,objective_matched,confirmed,,full_v13/columns/200pct-S1/attempts/200pct-S1%2FOR-033
columns/200pct-S1,200pct-S1/OR-034,Others,v7,v13,True,True,Others,Others,True,True,True,True,unchanged,none,objective_matched,confirmed,,full_v13/columns/200pct-S1/attempts/200pct-S1%2FOR-034
columns/200pct-S1,200pct-S1/OR-035,Others,v7,v13,True,True,Others,Others,True,True,True,True,unchanged,none,objective_matched,confirmed,,full_v13/columns/200pct-S1/attempts/200pct-S1%2FOR-035
columns/200pct-S2,200pct-S2/OR-001,AP,v7,v13,True,True,AP,AP,True,True,True,True,unchanged,none,objective_matched,confirmed,,full_v13/columns/200pct-S2/attempts/200pct-S2%2FOR-001
columns/200pct-S2,200pct-S2/OR-002,AP,v7,v13,True,True,AP,AP,True,True,True,True,unchanged,none,objective_matched,confirmed,,full_v13/columns/200pct-S2/attempts/200pct-S2%2FOR-002
columns/200pct-S2,200pct-S2/OR-003,AP,v7,v13,True,True,AP,AP,True,True,True,True,unchanged,none,objective_matched,confirmed,,full_v13/columns/200pct-S2/attempts/200pct-S2%2FOR-003
columns/200pct-S2,200pct-S2/OR-004,AP,v7,v13,True,True,AP,AP,True,True,True,True,unchanged,none,objective_matched,confirmed,,full_v13/columns/200pct-S2/attempts/200pct-S2%2FOR-004
columns/200pct-S2,200pct-S2/OR-005,RA,v7,v13,True,True,RA,RA,True,True,True,True,unchanged,none,objective_matched,confirmed,,full_v13/columns/200pct-S2/attempts/200pct-S2%2FOR-005
columns/200pct-S2,200pct-S2/OR-006,RA,v7,v13,True,True,RA,RA,True,True,True,True,unchanged,none,objective_matched,confirmed,,full_v13/columns/200pct-S2/attempts/200pct-S2%2FOR-006
columns/200pct-S2,200pct-S2/OR-007,RA,v7,v13,True,True,RA,RA,True,True,True,True,unchanged,none,objective_matched,confirmed,,full_v13/columns/200pct-S2/attempts/200pct-S2%2FOR-007
columns/200pct-S2,200pct-S2/OR-008,RA,v7,v13,True,True,RA,RA,True,True,True,True,unchanged,none,objective_matched,confirmed,,full_v13/columns/200pct-S2/attempts/200pct-S2%2FOR-008
columns/200pct-S2,200pct-S2/OR-009,RA,v7,v13,True,True,RA,RA,True,True,True,True,unchanged,none,objective_matched,confirmed,,full_v13/columns/200pct-S2/attempts/200pct-S2%2FOR-009
columns/200pct-S2,200pct-S2/OR-010,RA,v7,v13,True,True,RA,RA,True,True,True,True,unchanged,none,objective_matched,confirmed,,full_v13/columns/200pct-S2/attempts/200pct-S2%2FOR-010
columns/200pct-S2,200pct-S2/OR-011,RA,v7,v13,True,True,RA,RA,True,True,True,True,unchanged,none,objective_matched,confirmed,,full_v13/columns/200pct-S2/attempts/200pct-S2%2FOR-011
columns/200pct-S2,200pct-S2/OR-012,RA,v7,v13,True,True,RA,RA,True,True,True,True,unchanged,none,objective_matched,confirmed,,full_v13/columns/200pct-S2/attempts/200pct-S2%2FOR-012
columns/200pct-S2,200pct-S2/OR-013,RA,v7,v13,True,True,RA,RA,True,True,True,True,unchanged,none,objective_matched,confirmed,,full_v13/columns/200pct-S2/attempts/200pct-S2%2FOR-013
columns/200pct-S2,200pct-S2/OR-014,RA,v7,v13,True,True,RA,RA,True,True,True,True,unchanged,none,objective_matched,confirmed,,full_v13/columns/200pct-S2/attempts/200pct-S2%2FOR-014
columns/200pct-S2,200pct-S2/OR-015,RA,v7,v13,True,True,RA,RA,True,True,True,True,unchanged,none,objective_matched,confirmed,,full_v13/columns/200pct-S2/attempts/200pct-S2%2FOR-015
columns/200pct-S2,200pct-S2/OR-016,TP,v7,v13,True,True,TP,TP,True,True,True,True,unchanged,none,objective_matched,confirmed,,full_v13/columns/200pct-S2/attempts/200pct-S2%2FOR-016
columns/200pct-S2,200pct-S2/OR-017,TP,v7,v13,True,True,TP,TP,True,True,True,True,unchanged,none,objective_matched,confirmed,,full_v13/columns/200pct-S2/attempts/200pct-S2%2FOR-017
columns/200pct-S2,200pct-S2/OR-018,TP,v7,v13,True,True,TP,TP,True,True,True,True,unchanged,none,objective_matched,confirmed,,full_v13/columns/200pct-S2/attempts/200pct-S2%2FOR-018
columns/200pct-S2,200pct-S2/OR-019,TP,v7,v13,True,True,TP,TP,True,True,True,True,unchanged,none,objective_matched,confirmed,,full_v13/columns/200pct-S2/attempts/200pct-S2%2FOR-019
columns/200pct-S2,200pct-S2/OR-020,TP,v7,v13,True,True,TP,TP,True,True,True,True,unchanged,none,objective_matched,confirmed,,full_v13/columns/200pct-S2/attempts/200pct-S2%2FOR-020
columns/200pct-S2,200pct-S2/OR-021,TP,v7,v13,True,True,TP,TP,True,True,True,True,unchanged,none,objective_matched,confirmed,,full_v13/columns/200pct-S2/attempts/200pct-S2%2FOR-021
columns/200pct-S2,200pct-S2/OR-022,FLP,v7,v13,True,True,FLP,FLP,True,True,True,True,unchanged,none,objective_matched,confirmed,,full_v13/columns/200pct-S2/attempts/200pct-S2%2FOR-022
columns/200pct-S2,200pct-S2/OR-023,FLP,v7,v13,True,True,FLP,FLP,False,False,False,False,unchanged,data_extraction,missing_trusted_customer_city_mapping,confirmed source identifier mismatch; intended mapping unresolved,Customer IDs and city cost-column names have no trusted explicit crosswalk in the supplied sources. The generated program fails while matching or validating them. Raw-source fallback does not invent a mapping.,full_v13/columns/200pct-S2/attempts/200pct-S2%2FOR-023
columns/200pct-S2,200pct-S2/OR-024,FLP,v7,v13,True,True,FLP,FLP,True,True,True,True,unchanged,none,objective_matched,confirmed,,full_v13/columns/200pct-S2/attempts/200pct-S2%2FOR-024
columns/200pct-S2,200pct-S2/OR-025,FLP,v7,v13,True,True,FLP,FLP,True,True,True,False,regression,mathematical_modeling,missing_activity_activation_link,confirmed saved model and code; conflicting common instruction also identified,"The query defines operational suppliers through binary open variables. Both model and code omit all links between shipments and opening, allowing positive supply with all open variables zero. The common prefix only permits activation-conditioned bounds when the query explicitly makes bounds conditional; that wording conflicts with the separate requirement to retain logical open/activity links even without a physical capacity field.",full_v13/columns/200pct-S2/attempts/200pct-S2%2FOR-025
columns/200pct-S2,200pct-S2/OR-026,FLP,v7,v13,True,True,FLP,FLP,False,True,False,True,improvement,none,objective_matched,confirmed,,full_v13/columns/200pct-S2/attempts/200pct-S2%2FOR-026
columns/200pct-S2,200pct-S2/OR-027,FLP,v7,v13,True,True,FLP,FLP,True,True,True,True,unchanged,none,objective_matched,confirmed,,full_v13/columns/200pct-S2/attempts/200pct-S2%2FOR-027
columns/200pct-S2,200pct-S2/OR-028,FLP,v7,v13,True,True,FLP,FLP,True,True,True,True,unchanged,none,objective_matched,confirmed,,full_v13/columns/200pct-S2/attempts/200pct-S2%2FOR-028
columns/200pct-S2,200pct-S2/OR-029,Mixture,v7,v13,False,False,RA,RA,True,True,True,True,unchanged,none,objective_matched,confirmed,,full_v13/columns/200pct-S2/attempts/200pct-S2%2FOR-029
columns/200pct-S2,200pct-S2/OR-030,Mixture,v7,v13,True,True,Mixture,Mixture,True,True,True,True,unchanged,none,objective_matched,confirmed,,full_v13/columns/200pct-S2/attempts/200pct-S2%2FOR-030
columns/200pct-S2,200pct-S2/OR-031,Mixture,v7,v13,True,True,Mixture,Mixture,True,True,True,True,unchanged,none,objective_matched,confirmed,,full_v13/columns/200pct-S2/attempts/200pct-S2%2FOR-031
columns/200pct-S2,200pct-S2/OR-032,Mixture,v7,v13,False,False,Others,Others,True,True,True,True,unchanged,none,objective_matched,confirmed,,full_v13/columns/200pct-S2/attempts/200pct-S2%2FOR-032
columns/200pct-S2,200pct-S2/OR-033,Others,v7,v13,True,True,Others,Others,True,True,True,True,unchanged,none,objective_matched,confirmed,,full_v13/columns/200pct-S2/attempts/200pct-S2%2FOR-033
columns/200pct-S2,200pct-S2/OR-034,Others,v7,v13,True,True,Others,Others,True,True,True,True,unchanged,none,objective_matched,confirmed,,full_v13/columns/200pct-S2/attempts/200pct-S2%2FOR-034
columns/200pct-S2,200pct-S2/OR-035,Others,v7,v13,True,True,Others,Others,True,True,True,True,unchanged,none,objective_matched,confirmed,,full_v13/columns/200pct-S2/attempts/200pct-S2%2FOR-035
columns/200pct-S3,200pct-S3/OR-001,AP,v7,v13,True,True,AP,AP,True,True,True,True,unchanged,none,objective_matched,confirmed,,full_v13/columns/200pct-S3/attempts/200pct-S3%2FOR-001
columns/200pct-S3,200pct-S3/OR-002,AP,v7,v13,True,True,AP,AP,True,True,True,True,unchanged,none,objective_matched,confirmed,,full_v13/columns/200pct-S3/attempts/200pct-S3%2FOR-002
columns/200pct-S3,200pct-S3/OR-003,AP,v7,v13,True,True,AP,AP,True,True,True,True,unchanged,none,objective_matched,confirmed,,full_v13/columns/200pct-S3/attempts/200pct-S3%2FOR-003
columns/200pct-S3,200pct-S3/OR-004,AP,v7,v13,True,True,AP,AP,True,True,True,True,unchanged,none,objective_matched,confirmed,,full_v13/columns/200pct-S3/attempts/200pct-S3%2FOR-004
columns/200pct-S3,200pct-S3/OR-005,RA,v7,v13,True,True,RA,RA,True,True,True,True,unchanged,none,objective_matched,confirmed,,full_v13/columns/200pct-S3/attempts/200pct-S3%2FOR-005
columns/200pct-S3,200pct-S3/OR-006,RA,v7,v13,True,True,RA,RA,True,True,True,True,unchanged,none,objective_matched,confirmed,,full_v13/columns/200pct-S3/attempts/200pct-S3%2FOR-006
columns/200pct-S3,200pct-S3/OR-007,RA,v7,v13,True,True,RA,RA,True,True,True,True,unchanged,none,objective_matched,confirmed,,full_v13/columns/200pct-S3/attempts/200pct-S3%2FOR-007
columns/200pct-S3,200pct-S3/OR-008,RA,v7,v13,True,True,RA,RA,True,True,True,True,unchanged,none,objective_matched,confirmed,,full_v13/columns/200pct-S3/attempts/200pct-S3%2FOR-008
columns/200pct-S3,200pct-S3/OR-009,RA,v7,v13,True,True,RA,RA,True,True,True,True,unchanged,none,objective_matched,confirmed,,full_v13/columns/200pct-S3/attempts/200pct-S3%2FOR-009
columns/200pct-S3,200pct-S3/OR-010,RA,v7,v13,True,True,RA,RA,True,True,True,True,unchanged,none,objective_matched,confirmed,,full_v13/columns/200pct-S3/attempts/200pct-S3%2FOR-010
columns/200pct-S3,200pct-S3/OR-011,RA,v7,v13,True,True,RA,RA,True,True,True,True,unchanged,none,objective_matched,confirmed,,full_v13/columns/200pct-S3/attempts/200pct-S3%2FOR-011
columns/200pct-S3,200pct-S3/OR-012,RA,v7,v13,True,True,RA,RA,True,True,True,True,unchanged,none,objective_matched,confirmed,,full_v13/columns/200pct-S3/attempts/200pct-S3%2FOR-012
columns/200pct-S3,200pct-S3/OR-013,RA,v7,v13,True,True,RA,RA,True,True,True,True,unchanged,none,objective_matched,confirmed,,full_v13/columns/200pct-S3/attempts/200pct-S3%2FOR-013
columns/200pct-S3,200pct-S3/OR-014,RA,v7,v13,True,True,RA,RA,True,True,True,True,unchanged,none,objective_matched,confirmed,,full_v13/columns/200pct-S3/attempts/200pct-S3%2FOR-014
columns/200pct-S3,200pct-S3/OR-015,RA,v7,v13,True,True,RA,RA,True,True,True,True,unchanged,none,objective_matched,confirmed,,full_v13/columns/200pct-S3/attempts/200pct-S3%2FOR-015
columns/200pct-S3,200pct-S3/OR-016,TP,v7,v13,True,True,TP,TP,True,True,True,True,unchanged,none,objective_matched,confirmed,,full_v13/columns/200pct-S3/attempts/200pct-S3%2FOR-016
columns/200pct-S3,200pct-S3/OR-017,TP,v7,v13,True,True,TP,TP,True,True,True,True,unchanged,none,objective_matched,confirmed,,full_v13/columns/200pct-S3/attempts/200pct-S3%2FOR-017
columns/200pct-S3,200pct-S3/OR-018,TP,v7,v13,True,True,TP,TP,True,True,True,True,unchanged,none,objective_matched,confirmed,,full_v13/columns/200pct-S3/attempts/200pct-S3%2FOR-018
columns/200pct-S3,200pct-S3/OR-019,TP,v7,v13,True,True,TP,TP,True,True,True,True,unchanged,none,objective_matched,confirmed,,full_v13/columns/200pct-S3/attempts/200pct-S3%2FOR-019
columns/200pct-S3,200pct-S3/OR-020,TP,v7,v13,True,True,TP,TP,True,True,True,True,unchanged,none,objective_matched,confirmed,,full_v13/columns/200pct-S3/attempts/200pct-S3%2FOR-020
columns/200pct-S3,200pct-S3/OR-021,TP,v7,v13,True,True,TP,TP,True,True,True,True,unchanged,none,objective_matched,confirmed,,full_v13/columns/200pct-S3/attempts/200pct-S3%2FOR-021
columns/200pct-S3,200pct-S3/OR-022,FLP,v7,v13,True,True,FLP,FLP,True,True,True,True,unchanged,none,objective_matched,confirmed,,full_v13/columns/200pct-S3/attempts/200pct-S3%2FOR-022
columns/200pct-S3,200pct-S3/OR-023,FLP,v7,v13,True,True,FLP,FLP,True,True,False,False,unchanged,code_generation,fabricated_missing_coefficients,confirmed saved generated program; missing source crosswalk remains unresolved,"Demand uses Customer IDs while transportation costs use city names. Generated code catches absent cost-column lookup and substitutes 1,000,000,000; it also sets missing fixed costs to zero. These are unsupported generated coefficient defaults. The program reaches an optimum but fails Objective Match; no framework repair or outcome retry is applied.",full_v13/columns/200pct-S3/attempts/200pct-S3%2FOR-023
columns/200pct-S3,200pct-S3/OR-024,FLP,v7,v13,True,True,FLP,FLP,True,True,True,True,unchanged,none,objective_matched,confirmed,,full_v13/columns/200pct-S3/attempts/200pct-S3%2FOR-024
columns/200pct-S3,200pct-S3/OR-025,FLP,v7,v13,True,True,FLP,FLP,True,True,True,True,unchanged,none,objective_matched,confirmed,,full_v13/columns/200pct-S3/attempts/200pct-S3%2FOR-025
columns/200pct-S3,200pct-S3/OR-026,FLP,v7,v13,True,True,FLP,FLP,False,True,False,True,improvement,none,objective_matched,confirmed,,full_v13/columns/200pct-S3/attempts/200pct-S3%2FOR-026
columns/200pct-S3,200pct-S3/OR-027,FLP,v7,v13,True,True,FLP,FLP,True,True,True,True,unchanged,none,objective_matched,confirmed,,full_v13/columns/200pct-S3/attempts/200pct-S3%2FOR-027
columns/200pct-S3,200pct-S3/OR-028,FLP,v7,v13,True,True,FLP,FLP,True,True,False,False,unchanged,mathematical_modeling_or_code_generation,objective_mismatch,unresolved; solver optimality does not prove formulation correctness,,full_v13/columns/200pct-S3/attempts/200pct-S3%2FOR-028
columns/200pct-S3,200pct-S3/OR-029,Mixture,v7,v13,False,False,RA,RA,False,False,False,False,unchanged,code_generation,api_credit_balance_exhausted,confirmed API 429 insufficient_quota/credit_balance_exhausted response,"The API reports no credits remaining at code generation, after successful classification, CSVQA and mathematical formulation. The failed case remains in the denominator. Existing transport retries are logged; no pipeline rerun applied.",full_v13/columns/200pct-S3/attempts/200pct-S3%2FOR-029
columns/200pct-S3,200pct-S3/OR-030,Mixture,v7,v13,True,True,Mixture,Mixture,True,True,True,True,unchanged,none,objective_matched,confirmed,,full_v13/columns/200pct-S3/attempts/200pct-S3%2FOR-030
columns/200pct-S3,200pct-S3/OR-031,Mixture,v7,v13,True,True,Mixture,Mixture,True,True,True,True,unchanged,none,objective_matched,confirmed,,full_v13/columns/200pct-S3/attempts/200pct-S3%2FOR-031
columns/200pct-S3,200pct-S3/OR-032,Mixture,v7,v13,False,False,Others,Others,True,True,True,True,unchanged,none,objective_matched,confirmed,,full_v13/columns/200pct-S3/attempts/200pct-S3%2FOR-032
columns/200pct-S3,200pct-S3/OR-033,Others,v7,v13,True,True,Others,Others,True,True,True,True,unchanged,none,objective_matched,confirmed,,full_v13/columns/200pct-S3/attempts/200pct-S3%2FOR-033
columns/200pct-S3,200pct-S3/OR-034,Others,v7,v13,True,False,Others,,True,False,True,False,regression,classification,api_credit_balance_exhausted,confirmed API 429 insufficient_quota/credit_balance_exhausted response,The API reports no credits remaining. Failure occurs before classification/CSVQA. The failed case remains in the denominator. Existing transport retries are logged; no pipeline rerun applied.,full_v13/columns/200pct-S3/attempts/200pct-S3%2FOR-034
columns/200pct-S3,200pct-S3/OR-035,Others,v7,v13,True,False,Others,,True,False,True,False,regression,classification,api_credit_balance_exhausted,confirmed API 429 insufficient_quota/credit_balance_exhausted response,The API reports no credits remaining. Failure occurs before classification/CSVQA. The failed case remains in the denominator. Existing transport retries are logged; no pipeline rerun applied.,full_v13/columns/200pct-S3/attempts/200pct-S3%2FOR-035
columns/50pct-S1,50pct-S1/OR-001,AP,v7,v13,True,True,AP,AP,True,True,True,True,unchanged,none,objective_matched,confirmed,,full_v13/columns/50pct-S1/attempts/50pct-S1%2FOR-001
columns/50pct-S1,50pct-S1/OR-002,AP,v7,v13,True,True,AP,AP,True,True,True,True,unchanged,none,objective_matched,confirmed,,full_v13/columns/50pct-S1/attempts/50pct-S1%2FOR-002
columns/50pct-S1,50pct-S1/OR-003,AP,v7,v13,True,True,AP,AP,True,True,True,True,unchanged,none,objective_matched,confirmed,,full_v13/columns/50pct-S1/attempts/50pct-S1%2FOR-003
columns/50pct-S1,50pct-S1/OR-004,AP,v7,v13,True,True,AP,AP,True,True,True,True,unchanged,none,objective_matched,confirmed,,full_v13/columns/50pct-S1/attempts/50pct-S1%2FOR-004
columns/50pct-S1,50pct-S1/OR-005,RA,v7,v13,True,True,RA,RA,True,True,True,True,unchanged,none,objective_matched,confirmed,,full_v13/columns/50pct-S1/attempts/50pct-S1%2FOR-005
columns/50pct-S1,50pct-S1/OR-006,RA,v7,v13,True,True,RA,RA,True,True,True,True,unchanged,none,objective_matched,confirmed,,full_v13/columns/50pct-S1/attempts/50pct-S1%2FOR-006
columns/50pct-S1,50pct-S1/OR-007,RA,v7,v13,True,True,RA,RA,True,True,True,True,unchanged,none,objective_matched,confirmed,,full_v13/columns/50pct-S1/attempts/50pct-S1%2FOR-007
columns/50pct-S1,50pct-S1/OR-008,RA,v7,v13,True,True,RA,RA,True,True,True,True,unchanged,none,objective_matched,confirmed,,full_v13/columns/50pct-S1/attempts/50pct-S1%2FOR-008
columns/50pct-S1,50pct-S1/OR-009,RA,v7,v13,True,True,RA,RA,True,True,True,True,unchanged,none,objective_matched,confirmed,,full_v13/columns/50pct-S1/attempts/50pct-S1%2FOR-009
columns/50pct-S1,50pct-S1/OR-010,RA,v7,v13,True,True,RA,RA,True,True,True,True,unchanged,none,objective_matched,confirmed,,full_v13/columns/50pct-S1/attempts/50pct-S1%2FOR-010
columns/50pct-S1,50pct-S1/OR-011,RA,v7,v13,True,True,RA,RA,True,True,True,True,unchanged,none,objective_matched,confirmed,,full_v13/columns/50pct-S1/attempts/50pct-S1%2FOR-011
columns/50pct-S1,50pct-S1/OR-012,RA,v7,v13,True,True,RA,RA,True,True,True,True,unchanged,none,objective_matched,confirmed,,full_v13/columns/50pct-S1/attempts/50pct-S1%2FOR-012
columns/50pct-S1,50pct-S1/OR-013,RA,v7,v13,True,True,RA,RA,True,True,True,True,unchanged,none,objective_matched,confirmed,,full_v13/columns/50pct-S1/attempts/50pct-S1%2FOR-013
columns/50pct-S1,50pct-S1/OR-014,RA,v7,v13,True,True,RA,RA,True,True,True,True,unchanged,none,objective_matched,confirmed,,full_v13/columns/50pct-S1/attempts/50pct-S1%2FOR-014
columns/50pct-S1,50pct-S1/OR-015,RA,v7,v13,True,True,RA,RA,True,True,True,True,unchanged,none,objective_matched,confirmed,,full_v13/columns/50pct-S1/attempts/50pct-S1%2FOR-015
columns/50pct-S1,50pct-S1/OR-016,TP,v7,v13,True,True,TP,TP,True,True,True,True,unchanged,none,objective_matched,confirmed,,full_v13/columns/50pct-S1/attempts/50pct-S1%2FOR-016
columns/50pct-S1,50pct-S1/OR-017,TP,v7,v13,True,True,TP,TP,True,True,True,True,unchanged,none,objective_matched,confirmed,,full_v13/columns/50pct-S1/attempts/50pct-S1%2FOR-017
columns/50pct-S1,50pct-S1/OR-018,TP,v7,v13,True,True,TP,TP,True,True,True,True,unchanged,none,objective_matched,confirmed,,full_v13/columns/50pct-S1/attempts/50pct-S1%2FOR-018
columns/50pct-S1,50pct-S1/OR-019,TP,v7,v13,True,True,TP,TP,True,True,True,True,unchanged,none,objective_matched,confirmed,,full_v13/columns/50pct-S1/attempts/50pct-S1%2FOR-019
columns/50pct-S1,50pct-S1/OR-020,TP,v7,v13,True,True,TP,TP,True,True,True,True,unchanged,none,objective_matched,confirmed,,full_v13/columns/50pct-S1/attempts/50pct-S1%2FOR-020
columns/50pct-S1,50pct-S1/OR-021,TP,v7,v13,True,True,TP,TP,False,True,False,True,improvement,none,objective_matched,confirmed,,full_v13/columns/50pct-S1/attempts/50pct-S1%2FOR-021
columns/50pct-S1,50pct-S1/OR-022,FLP,v7,v13,True,True,FLP,FLP,True,True,True,True,unchanged,none,objective_matched,confirmed,,full_v13/columns/50pct-S1/attempts/50pct-S1%2FOR-022
columns/50pct-S1,50pct-S1/OR-023,FLP,v7,v13,True,True,FLP,FLP,True,False,True,False,regression,data_extraction,missing_trusted_customer_city_mapping,confirmed source identifier mismatch; intended mapping unresolved,The raw demand source uses Customer_1 through Customer_5 and transportation costs use city names. No trusted explicit crosswalk is supplied; generated code fails while matching or validating these identifiers. Full-source fallback does not create a mapping.,full_v13/columns/50pct-S1/attempts/50pct-S1%2FOR-023
columns/50pct-S1,50pct-S1/OR-024,FLP,v7,v13,True,True,FLP,FLP,True,True,True,True,unchanged,none,objective_matched,confirmed,,full_v13/columns/50pct-S1/attempts/50pct-S1%2FOR-024
columns/50pct-S1,50pct-S1/OR-025,FLP,v7,v13,True,True,FLP,FLP,True,True,True,True,unchanged,none,objective_matched,confirmed,,full_v13/columns/50pct-S1/attempts/50pct-S1%2FOR-025
columns/50pct-S1,50pct-S1/OR-026,FLP,v7,v13,True,True,FLP,FLP,True,True,True,True,unchanged,none,objective_matched,confirmed,,full_v13/columns/50pct-S1/attempts/50pct-S1%2FOR-026
columns/50pct-S1,50pct-S1/OR-027,FLP,v7,v13,True,True,FLP,FLP,True,True,True,True,unchanged,none,objective_matched,confirmed,,full_v13/columns/50pct-S1/attempts/50pct-S1%2FOR-027
columns/50pct-S1,50pct-S1/OR-028,FLP,v7,v13,True,True,FLP,FLP,False,True,False,False,unchanged,mathematical_modeling_or_code_generation,objective_mismatch_with_matrix_axis_assumption,axis assignment confirmed in code; intended orientation unresolved without explicit source distinction,"The generated code treats W-labeled rows as stores and W-labeled columns as warehouses. Both source axes reuse the same labels, so the intended semantic orientation is not proven by identifier equality. The optimal numeric objective differs; no answer-driven transposition is applied.",full_v13/columns/50pct-S1/attempts/50pct-S1%2FOR-028
columns/50pct-S1,50pct-S1/OR-029,Mixture,v7,v13,False,False,RA,RA,True,True,True,True,unchanged,none,objective_matched,confirmed,,full_v13/columns/50pct-S1/attempts/50pct-S1%2FOR-029
columns/50pct-S1,50pct-S1/OR-030,Mixture,v7,v13,True,True,Mixture,Mixture,True,True,True,True,unchanged,none,objective_matched,confirmed,,full_v13/columns/50pct-S1/attempts/50pct-S1%2FOR-030
columns/50pct-S1,50pct-S1/OR-031,Mixture,v7,v13,True,False,Mixture,RA,True,True,True,True,unchanged,none,objective_matched,confirmed,,full_v13/columns/50pct-S1/attempts/50pct-S1%2FOR-031
columns/50pct-S1,50pct-S1/OR-032,Mixture,v7,v13,False,False,Others,Others,True,True,True,True,unchanged,none,objective_matched,confirmed,,full_v13/columns/50pct-S1/attempts/50pct-S1%2FOR-032
columns/50pct-S1,50pct-S1/OR-033,Others,v7,v13,True,True,Others,Others,True,True,True,True,unchanged,none,objective_matched,confirmed,,full_v13/columns/50pct-S1/attempts/50pct-S1%2FOR-033
columns/50pct-S1,50pct-S1/OR-034,Others,v7,v13,True,True,Others,Others,True,True,True,True,unchanged,none,objective_matched,confirmed,,full_v13/columns/50pct-S1/attempts/50pct-S1%2FOR-034
columns/50pct-S1,50pct-S1/OR-035,Others,v7,v13,True,True,Others,Others,True,True,True,True,unchanged,none,objective_matched,confirmed,,full_v13/columns/50pct-S1/attempts/50pct-S1%2FOR-035
columns/50pct-S2,50pct-S2/OR-001,AP,v7,v13,True,True,AP,AP,True,True,True,True,unchanged,none,objective_matched,confirmed,,full_v13/columns/50pct-S2/attempts/50pct-S2%2FOR-001
columns/50pct-S2,50pct-S2/OR-002,AP,v7,v13,True,True,AP,AP,True,True,True,True,unchanged,none,objective_matched,confirmed,,full_v13/columns/50pct-S2/attempts/50pct-S2%2FOR-002
columns/50pct-S2,50pct-S2/OR-003,AP,v7,v13,True,True,AP,AP,True,True,True,True,unchanged,none,objective_matched,confirmed,,full_v13/columns/50pct-S2/attempts/50pct-S2%2FOR-003
columns/50pct-S2,50pct-S2/OR-004,AP,v7,v13,True,True,AP,AP,True,True,True,True,unchanged,none,objective_matched,confirmed,,full_v13/columns/50pct-S2/attempts/50pct-S2%2FOR-004
columns/50pct-S2,50pct-S2/OR-005,RA,v7,v13,True,True,RA,RA,True,True,True,True,unchanged,none,objective_matched,confirmed,,full_v13/columns/50pct-S2/attempts/50pct-S2%2FOR-005
columns/50pct-S2,50pct-S2/OR-006,RA,v7,v13,True,True,RA,RA,True,True,True,True,unchanged,none,objective_matched,confirmed,,full_v13/columns/50pct-S2/attempts/50pct-S2%2FOR-006
columns/50pct-S2,50pct-S2/OR-007,RA,v7,v13,True,True,RA,RA,True,True,True,True,unchanged,none,objective_matched,confirmed,,full_v13/columns/50pct-S2/attempts/50pct-S2%2FOR-007
columns/50pct-S2,50pct-S2/OR-008,RA,v7,v13,True,True,RA,RA,True,True,True,True,unchanged,none,objective_matched,confirmed,,full_v13/columns/50pct-S2/attempts/50pct-S2%2FOR-008
columns/50pct-S2,50pct-S2/OR-009,RA,v7,v13,True,True,RA,RA,True,True,True,True,unchanged,none,objective_matched,confirmed,,full_v13/columns/50pct-S2/attempts/50pct-S2%2FOR-009
columns/50pct-S2,50pct-S2/OR-010,RA,v7,v13,True,True,RA,RA,True,True,True,True,unchanged,none,objective_matched,confirmed,,full_v13/columns/50pct-S2/attempts/50pct-S2%2FOR-010
columns/50pct-S2,50pct-S2/OR-011,RA,v7,v13,True,True,RA,RA,True,True,True,True,unchanged,none,objective_matched,confirmed,,full_v13/columns/50pct-S2/attempts/50pct-S2%2FOR-011
columns/50pct-S2,50pct-S2/OR-012,RA,v7,v13,True,True,RA,RA,True,True,True,True,unchanged,none,objective_matched,confirmed,,full_v13/columns/50pct-S2/attempts/50pct-S2%2FOR-012
columns/50pct-S2,50pct-S2/OR-013,RA,v7,v13,True,True,RA,RA,True,True,True,True,unchanged,none,objective_matched,confirmed,,full_v13/columns/50pct-S2/attempts/50pct-S2%2FOR-013
columns/50pct-S2,50pct-S2/OR-014,RA,v7,v13,True,True,RA,RA,True,True,True,True,unchanged,none,objective_matched,confirmed,,full_v13/columns/50pct-S2/attempts/50pct-S2%2FOR-014
columns/50pct-S2,50pct-S2/OR-015,RA,v7,v13,True,True,RA,RA,True,True,True,True,unchanged,none,objective_matched,confirmed,,full_v13/columns/50pct-S2/attempts/50pct-S2%2FOR-015
columns/50pct-S2,50pct-S2/OR-016,TP,v7,v13,True,True,TP,TP,True,True,True,True,unchanged,none,objective_matched,confirmed,,full_v13/columns/50pct-S2/attempts/50pct-S2%2FOR-016
columns/50pct-S2,50pct-S2/OR-017,TP,v7,v13,True,True,TP,TP,True,True,True,True,unchanged,none,objective_matched,confirmed,,full_v13/columns/50pct-S2/attempts/50pct-S2%2FOR-017
columns/50pct-S2,50pct-S2/OR-018,TP,v7,v13,True,True,TP,TP,True,True,True,True,unchanged,none,objective_matched,confirmed,,full_v13/columns/50pct-S2/attempts/50pct-S2%2FOR-018
columns/50pct-S2,50pct-S2/OR-019,TP,v7,v13,True,True,TP,TP,True,True,True,True,unchanged,none,objective_matched,confirmed,,full_v13/columns/50pct-S2/attempts/50pct-S2%2FOR-019
columns/50pct-S2,50pct-S2/OR-020,TP,v7,v13,True,True,TP,TP,True,True,True,True,unchanged,none,objective_matched,confirmed,,full_v13/columns/50pct-S2/attempts/50pct-S2%2FOR-020
columns/50pct-S2,50pct-S2/OR-021,TP,v7,v13,True,True,TP,TP,True,True,True,True,unchanged,none,objective_matched,confirmed,,full_v13/columns/50pct-S2/attempts/50pct-S2%2FOR-021
columns/50pct-S2,50pct-S2/OR-022,FLP,v7,v13,True,True,FLP,FLP,True,True,True,True,unchanged,none,objective_matched,confirmed,,full_v13/columns/50pct-S2/attempts/50pct-S2%2FOR-022
columns/50pct-S2,50pct-S2/OR-023,FLP,v7,v13,True,True,FLP,FLP,False,True,False,True,improvement,none,objective_matched,confirmed,,full_v13/columns/50pct-S2/attempts/50pct-S2%2FOR-023
columns/50pct-S2,50pct-S2/OR-024,FLP,v7,v13,True,True,FLP,FLP,True,True,True,True,unchanged,none,objective_matched,confirmed,,full_v13/columns/50pct-S2/attempts/50pct-S2%2FOR-024
columns/50pct-S2,50pct-S2/OR-025,FLP,v7,v13,True,True,FLP,FLP,True,True,True,True,unchanged,none,objective_matched,confirmed,,full_v13/columns/50pct-S2/attempts/50pct-S2%2FOR-025
columns/50pct-S2,50pct-S2/OR-026,FLP,v7,v13,True,True,FLP,FLP,True,True,True,True,unchanged,none,objective_matched,confirmed,,full_v13/columns/50pct-S2/attempts/50pct-S2%2FOR-026
columns/50pct-S2,50pct-S2/OR-027,FLP,v7,v13,True,True,FLP,FLP,True,True,True,True,unchanged,none,objective_matched,confirmed,,full_v13/columns/50pct-S2/attempts/50pct-S2%2FOR-027
columns/50pct-S2,50pct-S2/OR-028,FLP,v7,v13,True,True,FLP,FLP,True,True,True,True,unchanged,none,objective_matched,confirmed,,full_v13/columns/50pct-S2/attempts/50pct-S2%2FOR-028
columns/50pct-S2,50pct-S2/OR-029,Mixture,v7,v13,False,False,RA,RA,False,True,False,True,improvement,none,objective_matched,confirmed,,full_v13/columns/50pct-S2/attempts/50pct-S2%2FOR-029
columns/50pct-S2,50pct-S2/OR-030,Mixture,v7,v13,True,True,Mixture,Mixture,True,True,True,True,unchanged,none,objective_matched,confirmed,,full_v13/columns/50pct-S2/attempts/50pct-S2%2FOR-030
columns/50pct-S2,50pct-S2/OR-031,Mixture,v7,v13,True,True,Mixture,Mixture,True,True,True,True,unchanged,none,objective_matched,confirmed,,full_v13/columns/50pct-S2/attempts/50pct-S2%2FOR-031
columns/50pct-S2,50pct-S2/OR-032,Mixture,v7,v13,False,False,Others,Others,True,True,True,True,unchanged,none,objective_matched,confirmed,,full_v13/columns/50pct-S2/attempts/50pct-S2%2FOR-032
columns/50pct-S2,50pct-S2/OR-033,Others,v7,v13,True,True,Others,Others,True,True,True,True,unchanged,none,objective_matched,confirmed,,full_v13/columns/50pct-S2/attempts/50pct-S2%2FOR-033
columns/50pct-S2,50pct-S2/OR-034,Others,v7,v13,True,True,Others,Others,True,True,True,True,unchanged,none,objective_matched,confirmed,,full_v13/columns/50pct-S2/attempts/50pct-S2%2FOR-034
columns/50pct-S2,50pct-S2/OR-035,Others,v7,v13,True,True,Others,Others,True,True,True,True,unchanged,none,objective_matched,confirmed,,full_v13/columns/50pct-S2/attempts/50pct-S2%2FOR-035
columns/50pct-S3,50pct-S3/OR-001,AP,v7,v13,True,True,AP,AP,True,True,True,True,unchanged,none,objective_matched,confirmed,,full_v13/columns/50pct-S3/attempts/50pct-S3%2FOR-001
columns/50pct-S3,50pct-S3/OR-002,AP,v7,v13,True,True,AP,AP,True,True,True,True,unchanged,none,objective_matched,confirmed,,full_v13/columns/50pct-S3/attempts/50pct-S3%2FOR-002
columns/50pct-S3,50pct-S3/OR-003,AP,v7,v13,True,True,AP,AP,True,True,True,True,unchanged,none,objective_matched,confirmed,,full_v13/columns/50pct-S3/attempts/50pct-S3%2FOR-003
columns/50pct-S3,50pct-S3/OR-004,AP,v7,v13,True,True,AP,AP,True,True,True,True,unchanged,none,objective_matched,confirmed,,full_v13/columns/50pct-S3/attempts/50pct-S3%2FOR-004
columns/50pct-S3,50pct-S3/OR-005,RA,v7,v13,True,True,RA,RA,True,True,True,True,unchanged,none,objective_matched,confirmed,,full_v13/columns/50pct-S3/attempts/50pct-S3%2FOR-005
columns/50pct-S3,50pct-S3/OR-006,RA,v7,v13,True,True,RA,RA,True,True,True,True,unchanged,none,objective_matched,confirmed,,full_v13/columns/50pct-S3/attempts/50pct-S3%2FOR-006
columns/50pct-S3,50pct-S3/OR-007,RA,v7,v13,True,True,RA,RA,True,True,True,True,unchanged,none,objective_matched,confirmed,,full_v13/columns/50pct-S3/attempts/50pct-S3%2FOR-007
columns/50pct-S3,50pct-S3/OR-008,RA,v7,v13,True,True,RA,RA,True,True,True,True,unchanged,none,objective_matched,confirmed,,full_v13/columns/50pct-S3/attempts/50pct-S3%2FOR-008
columns/50pct-S3,50pct-S3/OR-009,RA,v7,v13,True,True,RA,RA,True,True,True,False,regression,mathematical_modeling,ambiguous_development_quantity_domain,continuous domain confirmed; intended integrality unresolved from source question,Generated development quantities are continuous. The question refers both to a number of properties and to development scale per day without an explicit integer domain. The objective differs; no reference-driven domain conversion is applied.,full_v13/columns/50pct-S3/attempts/50pct-S3%2FOR-009
columns/50pct-S3,50pct-S3/OR-010,RA,v7,v13,True,True,RA,RA,True,True,True,True,unchanged,none,objective_matched,confirmed,,full_v13/columns/50pct-S3/attempts/50pct-S3%2FOR-010
columns/50pct-S3,50pct-S3/OR-011,RA,v7,v13,True,True,RA,RA,True,True,True,True,unchanged,none,objective_matched,confirmed,,full_v13/columns/50pct-S3/attempts/50pct-S3%2FOR-011
columns/50pct-S3,50pct-S3/OR-012,RA,v7,v13,True,True,RA,RA,True,True,True,True,unchanged,none,objective_matched,confirmed,,full_v13/columns/50pct-S3/attempts/50pct-S3%2FOR-012
columns/50pct-S3,50pct-S3/OR-013,RA,v7,v13,True,True,RA,RA,True,True,True,True,unchanged,none,objective_matched,confirmed,,full_v13/columns/50pct-S3/attempts/50pct-S3%2FOR-013
columns/50pct-S3,50pct-S3/OR-014,RA,v7,v13,True,True,RA,RA,True,True,True,True,unchanged,none,objective_matched,confirmed,,full_v13/columns/50pct-S3/attempts/50pct-S3%2FOR-014
columns/50pct-S3,50pct-S3/OR-015,RA,v7,v13,True,True,RA,RA,True,True,True,True,unchanged,none,objective_matched,confirmed,,full_v13/columns/50pct-S3/attempts/50pct-S3%2FOR-015
columns/50pct-S3,50pct-S3/OR-016,TP,v7,v13,True,True,TP,TP,True,True,True,True,unchanged,none,objective_matched,confirmed,,full_v13/columns/50pct-S3/attempts/50pct-S3%2FOR-016
columns/50pct-S3,50pct-S3/OR-017,TP,v7,v13,True,True,TP,TP,True,True,True,True,unchanged,none,objective_matched,confirmed,,full_v13/columns/50pct-S3/attempts/50pct-S3%2FOR-017
columns/50pct-S3,50pct-S3/OR-018,TP,v7,v13,True,True,TP,TP,True,True,True,True,unchanged,none,objective_matched,confirmed,,full_v13/columns/50pct-S3/attempts/50pct-S3%2FOR-018
columns/50pct-S3,50pct-S3/OR-019,TP,v7,v13,True,True,TP,TP,True,True,True,True,unchanged,none,objective_matched,confirmed,,full_v13/columns/50pct-S3/attempts/50pct-S3%2FOR-019
columns/50pct-S3,50pct-S3/OR-020,TP,v7,v13,True,True,TP,TP,True,True,True,True,unchanged,none,objective_matched,confirmed,,full_v13/columns/50pct-S3/attempts/50pct-S3%2FOR-020
columns/50pct-S3,50pct-S3/OR-021,TP,v7,v13,True,True,TP,TP,False,True,False,True,improvement,none,objective_matched,confirmed,,full_v13/columns/50pct-S3/attempts/50pct-S3%2FOR-021
columns/50pct-S3,50pct-S3/OR-022,FLP,v7,v13,True,True,FLP,FLP,True,True,True,True,unchanged,none,objective_matched,confirmed,,full_v13/columns/50pct-S3/attempts/50pct-S3%2FOR-022
columns/50pct-S3,50pct-S3/OR-023,FLP,v7,v13,True,True,FLP,FLP,True,False,True,False,regression,data_extraction,missing_trusted_customer_city_mapping,confirmed source identifier mismatch; intended mapping unresolved,The raw demand source uses Customer_1 through Customer_5 and transportation costs use city names. No trusted explicit crosswalk is supplied; generated code fails while matching or validating these identifiers. Full-source fallback does not create a mapping.,full_v13/columns/50pct-S3/attempts/50pct-S3%2FOR-023
columns/50pct-S3,50pct-S3/OR-024,FLP,v7,v13,True,True,FLP,FLP,True,True,True,True,unchanged,none,objective_matched,confirmed,,full_v13/columns/50pct-S3/attempts/50pct-S3%2FOR-024
columns/50pct-S3,50pct-S3/OR-025,FLP,v7,v13,True,True,FLP,FLP,True,True,True,True,unchanged,none,objective_matched,confirmed,,full_v13/columns/50pct-S3/attempts/50pct-S3%2FOR-025
columns/50pct-S3,50pct-S3/OR-026,FLP,v7,v13,True,True,FLP,FLP,False,True,False,True,improvement,none,objective_matched,confirmed,,full_v13/columns/50pct-S3/attempts/50pct-S3%2FOR-026
columns/50pct-S3,50pct-S3/OR-027,FLP,v7,v13,True,True,FLP,FLP,True,True,True,True,unchanged,none,objective_matched,confirmed,,full_v13/columns/50pct-S3/attempts/50pct-S3%2FOR-027
columns/50pct-S3,50pct-S3/OR-028,FLP,v7,v13,True,True,FLP,FLP,True,True,True,True,unchanged,none,objective_matched,confirmed,,full_v13/columns/50pct-S3/attempts/50pct-S3%2FOR-028
columns/50pct-S3,50pct-S3/OR-029,Mixture,v7,v13,False,False,RA,RA,True,True,True,True,unchanged,none,objective_matched,confirmed,,full_v13/columns/50pct-S3/attempts/50pct-S3%2FOR-029
columns/50pct-S3,50pct-S3/OR-030,Mixture,v7,v13,True,True,Mixture,Mixture,True,True,True,True,unchanged,none,objective_matched,confirmed,,full_v13/columns/50pct-S3/attempts/50pct-S3%2FOR-030
columns/50pct-S3,50pct-S3/OR-031,Mixture,v7,v13,True,True,Mixture,Mixture,True,True,True,True,unchanged,none,objective_matched,confirmed,,full_v13/columns/50pct-S3/attempts/50pct-S3%2FOR-031
columns/50pct-S3,50pct-S3/OR-032,Mixture,v7,v13,False,False,Others,Others,True,True,True,True,unchanged,none,objective_matched,confirmed,,full_v13/columns/50pct-S3/attempts/50pct-S3%2FOR-032
columns/50pct-S3,50pct-S3/OR-033,Others,v7,v13,True,True,Others,Others,True,True,True,True,unchanged,none,objective_matched,confirmed,,full_v13/columns/50pct-S3/attempts/50pct-S3%2FOR-033
columns/50pct-S3,50pct-S3/OR-034,Others,v7,v13,True,True,Others,Others,True,True,True,True,unchanged,none,objective_matched,confirmed,,full_v13/columns/50pct-S3/attempts/50pct-S3%2FOR-034
columns/50pct-S3,50pct-S3/OR-035,Others,v7,v13,True,True,Others,Others,True,True,True,True,unchanged,none,objective_matched,confirmed,,full_v13/columns/50pct-S3/attempts/50pct-S3%2FOR-035
variants,Variant1,Mixture,v7,v13,True,True,Mixture,Mixture,False,True,False,True,improvement,none,objective_matched,confirmed,,full_v13/variants/attempts/Variant1
variants,Variant10,Others,v7,v13,True,True,Others,Others,True,True,True,True,unchanged,none,objective_matched,confirmed,,full_v13/variants/attempts/Variant10
variants,Variant11,Mixture,v7,v13,True,False,Mixture,Others,True,True,True,True,unchanged,none,objective_matched,confirmed,,full_v13/variants/attempts/Variant11
variants,Variant12,Mixture,v7,v13,True,True,Mixture,Mixture,True,True,True,True,unchanged,none,objective_matched,confirmed,,full_v13/variants/attempts/Variant12
variants,Variant13,Others,v7,v13,True,True,Others,Others,True,False,True,False,regression,mathematical_modeling,output_truncated_after_valid_observation,confirmed saved API completion and CSVQA trace,ModelOutputTruncated during formulation after a completed CSVQA Observation. A repeated EM SPACE sequence consumes the unchanged output token budget. No truncation retry or repair is applied.,full_v13/variants/attempts/Variant13
variants,Variant14,Others,v7,v13,True,True,Others,Others,True,False,True,False,regression,mathematical_modeling,output_truncated_after_valid_observation,confirmed saved API completion and CSVQA trace,ModelOutputTruncated during formulation after a completed CSVQA Observation. A repeated EM SPACE sequence consumes the unchanged output token budget. No truncation retry or repair is applied.,full_v13/variants/attempts/Variant14
variants,Variant15,Mixture,v7,v13,False,False,AP,AP,True,True,True,True,unchanged,none,objective_matched,confirmed,,full_v13/variants/attempts/Variant15
variants,Variant16,Others,v7,v13,True,True,Others,Others,False,True,False,True,improvement,none,objective_matched,confirmed,,full_v13/variants/attempts/Variant16
variants,Variant17,FLP,v7,v13,True,True,FLP,FLP,True,True,True,True,unchanged,none,objective_matched,confirmed,,full_v13/variants/attempts/Variant17
variants,Variant18,Others,v7,v13,True,True,Others,Others,True,True,True,True,unchanged,none,objective_matched,confirmed,,full_v13/variants/attempts/Variant18
variants,Variant19,Others,v7,v13,True,True,Others,Others,True,True,True,True,unchanged,none,objective_matched,confirmed,,full_v13/variants/attempts/Variant19
variants,Variant2,Mixture,v7,v13,True,True,Mixture,Mixture,True,True,True,True,unchanged,none,objective_matched,confirmed,,full_v13/variants/attempts/Variant2
variants,Variant20,Others,v7,v13,True,True,Others,Others,True,False,True,False,regression,mathematical_modeling,output_truncated_after_valid_observation,confirmed saved API completion and CSVQA trace,ModelOutputTruncated during formulation after a completed CSVQA Observation. A repeated EM SPACE sequence consumes the unchanged output token budget. No truncation retry or repair is applied.,full_v13/variants/attempts/Variant20
variants,Variant21,Others,v7,v13,True,True,Others,Others,True,False,True,False,regression,mathematical_modeling,output_truncated_after_valid_observation,confirmed saved API completion and CSVQA trace,ModelOutputTruncated during formulation after a completed CSVQA Observation. A repeated EM SPACE sequence consumes the unchanged output token budget. No truncation retry or repair is applied.,full_v13/variants/attempts/Variant21
variants,Variant22,Others,v7,v13,True,False,Others,RA,True,True,True,True,unchanged,none,objective_matched,confirmed,,full_v13/variants/attempts/Variant22
variants,Variant23,Mixture,v7,v13,True,True,Mixture,Mixture,True,True,True,True,unchanged,none,objective_matched,confirmed,,full_v13/variants/attempts/Variant23
variants,Variant24,FLP,v7,v13,True,True,FLP,FLP,True,True,True,True,unchanged,none,objective_matched,confirmed,,full_v13/variants/attempts/Variant24
variants,Variant25,AP,v7,v13,True,True,AP,AP,True,True,True,True,unchanged,none,objective_matched,confirmed,,full_v13/variants/attempts/Variant25
variants,Variant26,AP,v7,v13,True,True,AP,AP,True,True,True,True,unchanged,none,objective_matched,confirmed,,full_v13/variants/attempts/Variant26
variants,Variant27,AP,v7,v13,True,True,AP,AP,True,True,True,True,unchanged,none,objective_matched,confirmed,,full_v13/variants/attempts/Variant27
variants,Variant28,Mixture,v7,v13,True,True,Mixture,Mixture,True,True,True,True,unchanged,none,objective_matched,confirmed,,full_v13/variants/attempts/Variant28
variants,Variant29,Mixture,v7,v13,True,True,Mixture,Mixture,True,True,True,True,unchanged,none,objective_matched,confirmed,,full_v13/variants/attempts/Variant29
variants,Variant3,Others,v7,v13,True,True,Others,Others,True,True,True,True,unchanged,none,objective_matched,confirmed,,full_v13/variants/attempts/Variant3
variants,Variant30,Mixture,v7,v13,True,True,Mixture,Mixture,True,True,True,True,unchanged,none,objective_matched,confirmed,,full_v13/variants/attempts/Variant30
variants,Variant31,Mixture,v7,v13,True,True,Mixture,Mixture,True,True,True,True,unchanged,none,objective_matched,confirmed,,full_v13/variants/attempts/Variant31
variants,Variant32,Mixture,v7,v13,True,True,Mixture,Mixture,True,False,True,False,regression,code_generation,retransmission_duplicates_in_variable_keys,confirmed saved select_latest/addVars implementation and execution KeyError,"The query says identical retransmissions count once. Generated select_latest leaves repeated maximal-revision rows, then appends every item_ref to items and passes the duplicate list to addVars. Other visible deviations include independent date/revision maxima, conditional category limits and quantity-based incompatible-pair constraints; these are not separately rescored or repaired.",full_v13/variants/attempts/Variant32
variants,Variant33,Mixture,v7,v13,True,True,Mixture,Mixture,True,True,True,True,unchanged,none,objective_matched,confirmed,,full_v13/variants/attempts/Variant33
variants,Variant34,Mixture,v7,v13,True,True,Mixture,Mixture,True,True,True,True,unchanged,none,objective_matched,confirmed,,full_v13/variants/attempts/Variant34
variants,Variant35,Mixture,v7,v13,True,True,Mixture,Mixture,True,True,True,True,unchanged,none,objective_matched,confirmed,,full_v13/variants/attempts/Variant35
variants,Variant36,Mixture,v7,v13,True,True,Mixture,Mixture,True,True,True,True,unchanged,none,objective_matched,confirmed,,full_v13/variants/attempts/Variant36
variants,Variant4,Others,v7,v13,True,False,Others,FLP,True,True,True,True,unchanged,none,objective_matched,confirmed,,full_v13/variants/attempts/Variant4
variants,Variant5,Mixture,v7,v13,False,False,AP,AP,True,True,True,True,unchanged,none,objective_matched,confirmed,,full_v13/variants/attempts/Variant5
variants,Variant6,Others,v7,v13,True,True,Others,Others,True,True,True,True,unchanged,none,objective_matched,confirmed,,full_v13/variants/attempts/Variant6
variants,Variant7,Mixture,v7,v13,False,False,TP,TP,True,False,True,False,regression,mathematical_modeling,hub_throughput_double_counted,confirmed query/model/code discrepancy; infeasibility reported by solver,"The question caps hub throughput. With flow balance, the generated model constrains incoming plus outgoing flow by that capacity, counting each transshipped unit twice and effectively halving the limit. Classification also selects TP rather than the reference Mixture label; no direct replacement route or solve retry is applied.",full_v13/variants/attempts/Variant7
variants,Variant8,FLP,v7,v13,True,True,FLP,FLP,True,True,True,True,unchanged,none,objective_matched,confirmed,,full_v13/variants/attempts/Variant8
variants,Variant9,Others,v7,v13,False,True,Mixture,Others,True,True,True,True,unchanged,none,objective_matched,confirmed,,full_v13/variants/attempts/Variant9
