method,class,expected,recorded,classification_correct,solved,objective_match,delta_matches_vs_full,disabled_route_proposals,disabled_route_executions,classification_correct_percent,solved_percent,objective_match_percent
rag_only,AP,5,0,0,0,0,,0,0,0.0,0.0,0.0
rag_only,FLP,14,0,0,0,0,,0,0,0.0,0.0,0.0
rag_only,NRM,25,0,0,0,0,,0,0,0.0,0.0,0.0
rag_only,RA,22,0,0,0,0,,0,0,0.0,0.0,0.0
rag_only,TP,9,0,0,0,0,,0,0,0.0,0.0,0.0
rag_only,Others,8,0,0,0,0,,0,0,0.0,0.0,0.0
rag_only,Mixture,18,0,0,0,0,,0,0,0.0,0.0,0.0
few_shot_only,AP,5,0,0,0,0,,0,0,0.0,0.0,0.0
few_shot_only,FLP,14,0,0,0,0,,0,0,0.0,0.0,0.0
few_shot_only,NRM,25,0,0,0,0,,0,0,0.0,0.0,0.0
few_shot_only,RA,22,0,0,0,0,,0,0,0.0,0.0,0.0
few_shot_only,TP,9,0,0,0,0,,0,0,0.0,0.0,0.0
few_shot_only,Others,8,0,0,0,0,,0,0,0.0,0.0,0.0
few_shot_only,Mixture,18,0,0,0,0,,0,0,0.0,0.0,0.0
examples_only,AP,5,0,0,0,0,,0,0,0.0,0.0,0.0
examples_only,FLP,14,0,0,0,0,,0,0,0.0,0.0,0.0
examples_only,NRM,25,0,0,0,0,,0,0,0.0,0.0,0.0
examples_only,RA,22,0,0,0,0,,0,0,0.0,0.0,0.0
examples_only,TP,9,0,0,0,0,,0,0,0.0,0.0,0.0
examples_only,Others,8,0,0,0,0,,0,0,0.0,0.0,0.0
examples_only,Mixture,18,0,0,0,0,,0,0,0.0,0.0,0.0
examples_and_route,AP,5,0,0,0,0,,0,0,0.0,0.0,0.0
examples_and_route,FLP,14,0,0,0,0,,0,0,0.0,0.0,0.0
examples_and_route,NRM,25,0,0,0,0,,0,0,0.0,0.0,0.0
examples_and_route,RA,22,0,0,0,0,,0,0,0.0,0.0,0.0
examples_and_route,TP,9,0,0,0,0,,0,0,0.0,0.0,0.0
examples_and_route,Others,8,0,0,0,0,,0,0,0.0,0.0,0.0
examples_and_route,Mixture,18,0,0,0,0,,0,0,0.0,0.0,0.0
