experiment,true_label,predicted_label,assigned_route,n,solved,matched,problem_ids
1,TP,TP,TP,9,7,7,"OR-001, OR-002, OR-003, OR-004, OR-005, OR-006, OR-007, OR-008, OR-009"
1,NRM,NRM,NRM,25,12,12,"OR-010, OR-011, OR-012, OR-013, OR-014, OR-015, OR-016, OR-017, OR-018, OR-019, OR-020, OR-021, OR-022, OR-023, OR-024, OR-025, OR-026, OR-027, OR-028, OR-029, OR-030, OR-031, OR-032, OR-033, OR-034"
1,RA,RA,RA,22,11,11,"OR-035, OR-036, OR-037, OR-038, OR-039, OR-040, OR-041, OR-042, OR-043, OR-044, OR-045, OR-046, OR-047, OR-048, OR-049, OR-051, OR-052, OR-053, OR-054, OR-055, OR-056, OR-057"
1,FLP,FLP,FLP,14,14,14,"OR-058, OR-059, OR-060, OR-061, OR-062, OR-063, OR-064, OR-065, OR-066, OR-076, OR-079, OR-088, OR-089, OR-099"
1,AP,AP,AP,5,5,5,"OR-067, OR-068, OR-069, OR-070, OR-093"
1,Mixture,RA,RA,5,4,4,"OR-050, OR-071, OR-078, OR-094, OR-101"
1,Mixture,Mixture,Others,11,11,10,"OR-073, OR-075, OR-080, OR-083, OR-086, OR-087, OR-090, OR-092, OR-095, OR-096, OR-097"
1,Mixture,Others,Others,2,2,2,"OR-091, OR-098"
1,Others,RA,RA,1,1,0,OR-100
1,Others,Others,Others,7,7,7,"OR-072, OR-074, OR-077, OR-081, OR-082, OR-084, OR-085"
2,TP,RA,RA,3,1,1,"OR-002, OR-003, OR-006"
2,TP,Others,Others,6,5,5,"OR-001, OR-004, OR-005, OR-007, OR-008, OR-009"
2,NRM,RA,RA,25,20,18,"OR-010, OR-011, OR-012, OR-013, OR-014, OR-015, OR-016, OR-017, OR-018, OR-019, OR-020, OR-021, OR-022, OR-023, OR-024, OR-025, OR-026, OR-027, OR-028, OR-029, OR-030, OR-031, OR-032, OR-033, OR-034"
2,RA,Mixture,Others,1,1,1,OR-047
2,RA,Others,Others,21,20,19,"OR-035, OR-036, OR-037, OR-038, OR-039, OR-040, OR-041, OR-042, OR-043, OR-044, OR-045, OR-046, OR-048, OR-049, OR-051, OR-052, OR-053, OR-054, OR-055, OR-056, OR-057"
2,FLP,Mixture,Others,14,14,14,"OR-058, OR-059, OR-060, OR-061, OR-062, OR-063, OR-064, OR-065, OR-066, OR-076, OR-079, OR-088, OR-089, OR-099"
2,AP,Others,Others,5,5,5,"OR-067, OR-068, OR-069, OR-070, OR-093"
2,Mixture,TP,TP,3,2,1,"OR-080, OR-092, OR-096"
2,Mixture,RA,RA,13,10,9,"OR-050, OR-071, OR-073, OR-075, OR-078, OR-086, OR-087, OR-090, OR-091, OR-094, OR-095, OR-097, OR-101"
2,Mixture,AP,AP,2,2,1,"OR-083, OR-098"
2,Others,TP,TP,1,1,1,OR-082
2,Others,RA,RA,5,5,4,"OR-072, OR-074, OR-077, OR-081, OR-100"
2,Others,AP,AP,2,2,1,"OR-084, OR-085"
