method,problem_id,true_label,predicted_label,assigned_route,disabled_workflow_route,pipeline_stage,final_ok,final_objective,label_objective,solution_correct,classification_correct,csvqa_mode,csvqa_status,execution_error_type,execution_error,seconds,baseline_objective_correct,baseline_solved
rag_only,OR-003,TP,TP,TP,,solve,False,,36778.51094,False,True,legacy,LEGACY_FULL_DATA,AttributeError,AttributeError: __enter__,38.658,True,True
rag_only,OR-004,TP,TP,TP,,completed,True,913520.012,913520.1123,True,True,legacy,LEGACY_FULL_DATA,,,47.606,True,True
rag_only,OR-002,TP,TP,TP,,completed,True,6464420.6996351,6464420.7,True,True,legacy,LEGACY_FULL_DATA,,,88.863,True,True
rag_only,OR-005,TP,TP,TP,,completed,True,2710.9341837593297,2710.934184,True,True,legacy,LEGACY_FULL_DATA,,,44.536,True,True
rag_only,OR-001,TP,TP,TP,,completed,True,172752.82458839755,172752.8246,True,True,legacy,LEGACY_FULL_DATA,,,107.63,True,True
rag_only,OR-007,TP,TP,TP,,completed,True,10291.2770066575,10291.27701,True,True,legacy,LEGACY_FULL_DATA,,,24.261,True,True
rag_only,OR-006,TP,TP,TP,,completed,True,6340.97228649,6340.972287,True,True,legacy,LEGACY_FULL_DATA,,,42.028,True,True
rag_only,OR-008,TP,TP,TP,,completed,True,660.0,660.0,True,True,legacy,LEGACY_FULL_DATA,,,24.505,True,True
rag_only,OR-011,NRM,NRM,NRM,,completed,True,3552260.54,3552260.54,True,True,planned,PLANNED,,,13.778,True,True
rag_only,OR-009,TP,TP,TP,,solve,False,,238781.5119,False,True,legacy,LEGACY_FULL_DATA,AttributeError,AttributeError: __enter__,29.102,True,True
rag_only,OR-012,NRM,NRM,NRM,,completed,True,83748.37000000001,83748.37,True,True,planned,PLANNED,,,13.987,True,True
rag_only,OR-013,NRM,NRM,NRM,,solve,False,,532.3,False,True,planned,PLANNED,AttributeError,AttributeError: __enter__,13.414,False,False
rag_only,OR-016,NRM,NRM,NRM,,completed,True,1568955.0,1568955.0,True,True,planned,PLANNED,,,9.691,True,True
rag_only,OR-017,NRM,NRM,NRM,,completed,True,2015.08,2015.08,True,True,planned,PLANNED,,,11.929,True,True
rag_only,OR-018,NRM,NRM,NRM,,solve,False,,782819438.6,False,True,planned,PLANNED,AttributeError,AttributeError: __enter__,12.1,True,True
rag_only,OR-019,NRM,NRM,NRM,,completed,True,7123134.6899999995,7123134.69,True,True,planned,PLANNED,,,11.131,True,True
rag_only,OR-021,NRM,NRM,NRM,,solve,False,,6020981.48,False,True,planned,PLANNED,AttributeError,AttributeError: __enter__,14.567,True,True
rag_only,OR-022,NRM,NRM,NRM,,solve,False,,4049812.425,False,True,planned,PLANNED,AttributeError,AttributeError: __enter__,11.647,True,True
rag_only,OR-023,NRM,NRM,NRM,,solve,False,,63628.0,False,True,planned,PLANNED,AttributeError,AttributeError: __enter__,14.262,True,True
rag_only,OR-024,NRM,NRM,NRM,,solve,False,,1264095.5,False,True,planned,PLANNED,AttributeError,AttributeError: __enter__,12.564,True,True
rag_only,OR-025,NRM,NRM,NRM,,completed,True,5486959.829999999,5486959.83,True,True,planned,PLANNED,,,12.385,True,True
rag_only,OR-010,NRM,NRM,NRM,,formulation,False,,4003445.21,False,True,,,APITimeoutError,APITimeoutError: Request timed out.,183.136,True,True
rag_only,OR-026,NRM,NRM,NRM,,completed,True,8851.75,8851.75,True,True,planned,PLANNED,,,10.771,True,True
rag_only,OR-027,NRM,NRM,NRM,,solve,False,,784297054.1,False,True,planned,PLANNED,AttributeError,AttributeError: __enter__,11.991,True,True
rag_only,OR-028,NRM,NRM,NRM,,solve,False,,285816.0,False,True,planned,PLANNED,AttributeError,AttributeError: __enter__,10.35,True,True
rag_only,OR-014,NRM,NRM,NRM,,formulation,False,,1794269.0,False,True,,,APITimeoutError,APITimeoutError: Request timed out.,184.337,True,True
rag_only,OR-015,NRM,NRM,NRM,,formulation,False,,29660.0,False,True,,,APITimeoutError,APITimeoutError: Request timed out.,184.806,True,True
rag_only,OR-029,NRM,NRM,NRM,,completed,True,5090631.58,5090631.58,True,True,planned,PLANNED,,,16.601,True,True
rag_only,OR-030,NRM,NRM,NRM,,completed,True,34856.759999999995,34856.76,True,True,planned,PLANNED,,,12.507,True,True
rag_only,OR-032,NRM,NRM,NRM,,solve,False,,1240406.25,False,True,planned,PLANNED,AttributeError,AttributeError: __enter__,11.498,True,True
rag_only,OR-031,NRM,NRM,NRM,,completed,True,67016511.28,67016511.28,True,True,planned,PLANNED,,,25.255,True,True
rag_only,OR-033,NRM,NRM,NRM,,completed,True,195506188.0,195506188.0,True,True,planned,PLANNED,,,12.342,True,True
rag_only,OR-034,NRM,NRM,NRM,,completed,True,914600.2500000002,914600.25,True,True,planned,PLANNED,,,8.86,True,True
rag_only,OR-035,RA,RA,RA,,completed,True,150660.0,150660.0,True,True,legacy,LEGACY_FULL_DATA,,,15.111,True,True
rag_only,OR-036,RA,RA,RA,,solve,False,,509925.0,False,True,legacy,LEGACY_FULL_DATA,AttributeError,AttributeError: __enter__,12.178,True,True
rag_only,OR-037,RA,RA,RA,,completed,True,722376.0,722376.0,True,True,legacy,LEGACY_FULL_DATA,,,14.781,True,True
rag_only,OR-020,NRM,NRM,NRM,,formulation,False,,11258129.67,False,True,,,APITimeoutError,APITimeoutError: Request timed out.,184.154,True,True
rag_only,OR-039,RA,RA,RA,,solve,False,,429000.0,False,True,legacy,LEGACY_FULL_DATA,AttributeError,AttributeError: __enter__,12.453,True,True
rag_only,OR-040,RA,RA,RA,,solve,False,,74260.0,False,True,legacy,LEGACY_FULL_DATA,KeyError,KeyError: 'model',12.822,True,True
rag_only,OR-041,RA,RA,RA,,solve,False,,3912.0,False,True,legacy,LEGACY_FULL_DATA,AttributeError,AttributeError: __enter__,14.425,True,True
rag_only,OR-042,RA,RA,RA,,completed,True,81918.0,81918.0,True,True,legacy,LEGACY_FULL_DATA,,,15.799,True,True
rag_only,OR-043,RA,RA,RA,,completed,True,13570.0,13570.0,True,True,legacy,LEGACY_FULL_DATA,,,14.356,True,True
rag_only,OR-044,RA,RA,RA,,completed,True,8000.0,8000.0,True,True,legacy,LEGACY_FULL_DATA,,,14.051,True,True
rag_only,OR-045,RA,RA,RA,,completed,True,885.0,885.0,True,True,legacy,LEGACY_FULL_DATA,,,11.724,True,True
rag_only,OR-046,RA,RA,RA,,solve,False,,212.0,False,True,legacy,LEGACY_FULL_DATA,AttributeError,AttributeError: __enter__,11.558,True,True
rag_only,OR-047,RA,RA,RA,,solve,False,,5433.0,False,True,legacy,LEGACY_FULL_DATA,AttributeError,AttributeError: __enter__,12.906,True,True
rag_only,OR-048,RA,RA,RA,,solve,False,,635052.0,False,True,legacy,LEGACY_FULL_DATA,AttributeError,AttributeError: __enter__,12.649,True,True
rag_only,OR-049,RA,RA,RA,,solve,False,,85500.0,False,True,legacy,LEGACY_FULL_DATA,AttributeError,AttributeError: __enter__,11.424,True,True
rag_only,OR-050,Mixture,RA,RA,,completed,True,80250.0,80250.0,True,False,legacy,LEGACY_FULL_DATA,,,21.116,True,True
rag_only,OR-051,RA,RA,RA,,solve,False,,594900.0,False,True,legacy,LEGACY_FULL_DATA,AttributeError,AttributeError: __enter__,23.545,True,True
rag_only,OR-052,RA,RA,RA,,completed,True,30240.0,30240.0,True,True,legacy,LEGACY_FULL_DATA,,,13.941,True,True
rag_only,OR-053,RA,RA,RA,,solve,False,,41040.0,False,True,legacy,LEGACY_FULL_DATA,AttributeError,AttributeError: __enter__,13.425,True,True
rag_only,OR-054,RA,RA,RA,,completed,True,98670.0,98670.0,True,True,legacy,LEGACY_FULL_DATA,,,16.171,True,True
rag_only,OR-055,RA,RA,RA,,completed,True,27088640.0,27088640.0,True,True,legacy,LEGACY_FULL_DATA,,,12.473,True,True
rag_only,OR-057,RA,RA,RA,,solve,False,,12502.0,False,True,legacy,LEGACY_FULL_DATA,AttributeError,AttributeError: __enter__,12.154,True,True
rag_only,OR-056,RA,RA,RA,,completed,True,55642671.0,55642671.0,True,True,legacy,LEGACY_FULL_DATA,,,17.294,True,True
rag_only,OR-038,RA,RA,RA,,formulation,False,,1314500.0,False,True,,,ModelOutputTruncated,ModelOutputTruncated: Model output is incomplete: finish_reason=length,155.968,True,True
rag_only,OR-058,FLP,FLP,FLP,,completed,True,35950.65,35950.65,True,True,legacy,LEGACY_FULL_DATA,,,21.294,True,True
rag_only,OR-059,FLP,FLP,FLP,,completed,True,1862205008776.5698,1862205008487.07,True,True,legacy,LEGACY_FULL_DATA,,,29.821,True,True
rag_only,OR-061,FLP,FLP,FLP,,completed,True,10199.96,10199.96,True,True,legacy,LEGACY_FULL_DATA,,,21.438,True,True
rag_only,OR-062,FLP,FLP,FLP,,completed,True,172612.46,172612.46,True,True,legacy,LEGACY_FULL_DATA,,,21.616,True,True
rag_only,OR-060,FLP,FLP,FLP,,completed,True,8643.199999999997,8643.2,True,True,legacy,LEGACY_FULL_DATA,,,38.062,True,True
rag_only,OR-063,FLP,FLP,FLP,,completed,True,778095.4400000001,778095.44,True,True,legacy,LEGACY_FULL_DATA,,,26.483,True,True
rag_only,OR-065,FLP,FLP,FLP,,completed,True,317318.5,317318.5,True,True,legacy,LEGACY_FULL_DATA,,,20.089,True,True
rag_only,OR-067,AP,AP,AP,,completed,True,9000.0,9000.0,True,True,legacy,LEGACY_FULL_DATA,,,11.345,True,True
rag_only,OR-066,FLP,FLP,FLP,,completed,True,11396.51,11396.51,True,True,legacy,LEGACY_FULL_DATA,,,19.392,True,True
rag_only,OR-068,AP,AP,AP,,completed,True,9089.0,9089.0,True,True,legacy,LEGACY_FULL_DATA,,,18.787,True,True
rag_only,OR-064,FLP,FLP,FLP,,completed,True,18461.11,18461.11,True,True,legacy,LEGACY_FULL_DATA,,,58.842,True,True
rag_only,OR-069,AP,AP,AP,,completed,True,4903.0,4903.0,True,True,legacy,LEGACY_FULL_DATA,,,23.75,True,True
rag_only,OR-070,AP,AP,AP,,completed,True,8809.0,8809.0,True,True,legacy,LEGACY_FULL_DATA,,,12.432,True,True
rag_only,OR-072,Others,Others,Others,,completed,True,320.0,320.0,True,True,legacy,LEGACY_SCHEMA,,,6.752,True,True
rag_only,OR-074,Others,Others,Others,,completed,True,25.0,25.0,True,True,legacy,LEGACY_SCHEMA,,,6.162,True,True
rag_only,OR-073,Mixture,Mixture,Others,,completed,True,1146.5665024630537,1146.57,True,True,legacy,LEGACY_SCHEMA,,,13.463,True,True
rag_only,OR-075,Mixture,Mixture,Others,,completed,True,1514.0,1514.0,True,True,legacy,LEGACY_SCHEMA,,,10.737,True,True
rag_only,OR-071,Mixture,RA,RA,,solve,False,,24877.39,False,False,legacy,LEGACY_FULL_DATA,AttributeError,AttributeError: __enter__,36.082,True,True
rag_only,OR-077,Others,Others,Others,,completed,True,133.0,133.0,True,True,legacy,LEGACY_SCHEMA,,,4.484,True,True
rag_only,OR-078,Mixture,Mixture,Others,,completed,True,152.76,152.76,True,True,legacy,LEGACY_SCHEMA,,,6.154,True,True
rag_only,OR-076,FLP,FLP,FLP,,completed,True,103090.0,103090.0,True,True,legacy,LEGACY_FULL_DATA,,,29.772,True,True
rag_only,OR-080,Mixture,Mixture,Others,,completed,True,14300.0,14300.0,True,True,legacy,LEGACY_SCHEMA,,,13.357,False,True
rag_only,OR-079,FLP,FLP,FLP,,completed,True,2965.0,2965.0,True,True,legacy,LEGACY_FULL_DATA,,,25.147,True,True
rag_only,OR-081,Others,Others,Others,,completed,True,3.910164341169253,3.91,True,True,legacy,LEGACY_SCHEMA,,,8.291,True,True
rag_only,OR-082,Others,Others,Others,,completed,True,199.0,199.0,True,True,legacy,LEGACY_SCHEMA,,,10.169,True,True
rag_only,OR-083,Mixture,Mixture,Others,,completed,True,34.0,34.0,True,True,legacy,LEGACY_SCHEMA,,,11.63,False,False
rag_only,OR-084,Others,Others,Others,,completed,True,22.85,22.85,True,True,legacy,LEGACY_SCHEMA,,,9.775,True,True
rag_only,OR-085,Others,Others,Others,,completed,True,419.0,419.0,True,True,legacy,LEGACY_SCHEMA,,,10.869,True,True
rag_only,OR-086,Mixture,Mixture,Others,,completed,True,4500.0,4500.0,True,True,legacy,LEGACY_SCHEMA,,,13.515,True,True
rag_only,OR-087,Mixture,Mixture,Others,,completed,True,6243055.959999999,6243055.96,True,True,legacy,LEGACY_SCHEMA,,,15.257,False,True
rag_only,OR-089,FLP,FLP,FLP,,completed,True,1555.4999999999993,1555.5,True,True,legacy,LEGACY_FULL_DATA,,,29.962,True,True
rag_only,OR-090,Mixture,Mixture,Others,,completed,True,108657.90000000002,108657.9,True,True,legacy,LEGACY_SCHEMA,,,10.261,True,True
rag_only,OR-088,FLP,FLP,FLP,,completed,True,150992.5,150992.5,True,True,legacy,LEGACY_FULL_DATA,,,44.935,True,True
rag_only,OR-091,Mixture,Others,Others,,completed,True,421.0,421.0,True,False,legacy,LEGACY_SCHEMA,,,5.95,True,True
rag_only,OR-092,Mixture,Mixture,Others,,completed,True,3148.9299999999994,3148.93,True,True,legacy,LEGACY_SCHEMA,,,11.252,True,True
rag_only,OR-093,AP,AP,AP,,completed,True,1577.6,1577.6,True,True,legacy,LEGACY_FULL_DATA,,,24.166,True,True
rag_only,OR-094,Mixture,RA,RA,,solve,False,,0.6,False,False,legacy,LEGACY_FULL_DATA,AttributeError,AttributeError: __enter__,19.631,False,True
rag_only,OR-095,Mixture,Mixture,Others,,completed,True,1344480.0,1344480.0,True,True,legacy,LEGACY_SCHEMA,,,12.798,True,True
rag_only,OR-096,Mixture,Mixture,Others,,completed,True,5044.0,5044.0,True,True,legacy,LEGACY_SCHEMA,,,11.344,True,True
rag_only,OR-097,Mixture,Mixture,Others,,solve,False,,6.0,False,True,legacy,LEGACY_SCHEMA,RuntimeError,RuntimeError: No optimal solution; solver status: 3,12.234,True,True
rag_only,OR-098,Mixture,Mixture,Others,,completed,True,0.0,0.0,True,True,legacy,LEGACY_SCHEMA,,,11.958,True,True
rag_only,OR-099,FLP,FLP,FLP,,completed,True,10419.0,10419.0,True,True,legacy,LEGACY_FULL_DATA,,,33.637,True,True
rag_only,OR-100,Others,RA,RA,,completed,True,1382045.0,1382200.722,False,False,legacy,LEGACY_FULL_DATA,,,49.579,False,True
rag_only,OR-101,Mixture,RA,RA,,solve,False,,25820.15,False,False,legacy,LEGACY_FULL_DATA,AttributeError,AttributeError: __enter__,68.711,True,True
few_shot_only,OR-002,TP,TP,TP,,completed,True,6464420.6996351,6464420.7,True,True,legacy,PYTHON_FULL_CSV,,,35.481,True,True
few_shot_only,OR-003,TP,TP,TP,,completed,True,36778.5109458144,36778.51094,True,True,legacy,PYTHON_FULL_CSV,,,40.379,True,True
few_shot_only,OR-001,TP,TP,TP,,completed,True,172752.82458839755,172752.8246,True,True,legacy,PYTHON_FULL_CSV,,,53.117,True,True
few_shot_only,OR-004,TP,TP,TP,,completed,True,913520.1121528,913520.1123,True,True,legacy,PYTHON_FULL_CSV,,,30.347,True,True
few_shot_only,OR-005,TP,TP,TP,,completed,True,2710.9341837593297,2710.934184,True,True,legacy,PYTHON_FULL_CSV,,,40.668,True,True
few_shot_only,OR-007,TP,TP,TP,,completed,True,10291.2770066575,10291.27701,True,True,legacy,PYTHON_FULL_CSV,,,17.467,True,True
few_shot_only,OR-006,TP,TP,TP,,completed,True,6340.972286592268,6340.972287,True,True,legacy,PYTHON_FULL_CSV,,,31.056,True,True
few_shot_only,OR-009,TP,TP,TP,,completed,True,238781.5119254966,238781.5119,True,True,legacy,PYTHON_FULL_CSV,,,13.412,True,True
few_shot_only,OR-008,TP,TP,TP,,completed,True,660.0,660.0,True,True,legacy,PYTHON_FULL_CSV,,,20.493,True,True
few_shot_only,OR-010,NRM,NRM,NRM,,completed,True,4003445.2099999995,4003445.21,True,True,planned,PYTHON_FULL_CSV,,,12.876,True,True
few_shot_only,OR-012,NRM,NRM,NRM,,completed,True,83748.37000000001,83748.37,True,True,planned,PYTHON_FULL_CSV,,,8.489,True,True
few_shot_only,OR-011,NRM,NRM,NRM,,solve,False,,3552260.54,False,True,planned,PYTHON_FULL_CSV,TypeError,TypeError: unhashable type: 'dict',16.613,True,True
few_shot_only,OR-013,NRM,NRM,NRM,,formulation,False,,532.3,False,True,,,BadRequestError,"BadRequestError: Error code: 400 - {'error': {'message': ""This model's maximum context length is 1047576 tokens. However, your messages resulted in 2416951 tokens. Please reduce the length of the messages."", 'type': 'invalid_request_error', 'param': 'messages', 'code': 'context_length_exceeded'}}",5.504,False,False
few_shot_only,OR-014,NRM,NRM,NRM,,completed,True,1794269.0,1794269.0,True,True,planned,PYTHON_FULL_CSV,,,9.022,True,True
few_shot_only,OR-015,NRM,NRM,NRM,,solve,False,,29660.0,False,True,planned,PYTHON_FULL_CSV,ValueError,ValueError: No products classified under 'Aalop' found in the data.,8.034,True,True
few_shot_only,OR-016,NRM,NRM,NRM,,completed,True,1568955.0,1568955.0,True,True,planned,PYTHON_FULL_CSV,,,10.101,True,True
few_shot_only,OR-017,NRM,NRM,NRM,,completed,True,10729.68,2015.08,False,True,planned,PYTHON_FULL_CSV,,,24.485,True,True
few_shot_only,OR-019,NRM,NRM,NRM,,completed,True,7123134.6899999995,7123134.69,True,True,planned,PYTHON_FULL_CSV,,,6.716,True,True
few_shot_only,OR-018,NRM,NRM,NRM,,completed,True,782819438.64,782819438.6,True,True,planned,PYTHON_FULL_CSV,,,9.451,True,True
few_shot_only,OR-020,NRM,NRM,NRM,,completed,True,11258129.67,11258129.67,True,True,planned,PYTHON_FULL_CSV,,,8.9,True,True
few_shot_only,OR-021,NRM,NRM,NRM,,completed,True,6020981.48,6020981.48,True,True,planned,PYTHON_FULL_CSV,,,8.479,True,True
few_shot_only,OR-022,NRM,NRM,NRM,,completed,True,4049812.4247,4049812.425,True,True,planned,PYTHON_FULL_CSV,,,7.692,True,True
few_shot_only,OR-023,NRM,NRM,NRM,,solve,False,,63628.0,False,True,planned,PYTHON_FULL_CSV,ValueError,ValueError: Invalid data for product ELE-SMA-10000463: invalid literal for int() with base 10: '2000.0',7.344,True,True
few_shot_only,OR-024,NRM,NRM,NRM,,completed,True,1264095.5,1264095.5,True,True,planned,PYTHON_FULL_CSV,,,11.312,True,True
few_shot_only,OR-025,NRM,NRM,NRM,,completed,True,5486959.829999999,5486959.83,True,True,planned,PYTHON_FULL_CSV,,,8.237,True,True
few_shot_only,OR-026,NRM,NRM,NRM,,completed,True,8851.75,8851.75,True,True,planned,PYTHON_FULL_CSV,,,11.149,True,True
few_shot_only,OR-027,NRM,NRM,NRM,,completed,True,784297054.11,784297054.1,True,True,planned,PYTHON_FULL_CSV,,,8.708,True,True
few_shot_only,OR-028,NRM,NRM,NRM,,completed,True,285816.0,285816.0,True,True,planned,PYTHON_FULL_CSV,,,9.829,True,True
few_shot_only,OR-029,NRM,NRM,NRM,,completed,True,5090631.58,5090631.58,True,True,planned,PYTHON_FULL_CSV,,,8.816,True,True
few_shot_only,OR-031,NRM,NRM,NRM,,completed,True,67016511.28,67016511.28,True,True,planned,PYTHON_FULL_CSV,,,9.468,True,True
few_shot_only,OR-030,NRM,NRM,NRM,,solve,False,,34856.76,False,True,planned,PYTHON_FULL_CSV,KeyError,KeyError: 'Duplicate keys in Model.addVars()',24.222,True,True
few_shot_only,OR-032,NRM,NRM,NRM,,completed,True,1240406.25,1240406.25,True,True,planned,PYTHON_FULL_CSV,,,9.563,True,True
few_shot_only,OR-033,NRM,NRM,NRM,,completed,True,195506188.0,195506188.0,True,True,planned,PYTHON_FULL_CSV,,,8.339,True,True
few_shot_only,OR-034,NRM,NRM,NRM,,completed,True,914600.2500000002,914600.25,True,True,planned,PYTHON_FULL_CSV,,,7.483,True,True
few_shot_only,OR-035,RA,RA,RA,,completed,True,150660.0,150660.0,True,True,legacy,PYTHON_FULL_CSV,,,14.764,True,True
few_shot_only,OR-036,RA,RA,RA,,completed,True,509925.0,509925.0,True,True,legacy,PYTHON_FULL_CSV,,,17.0,True,True
few_shot_only,OR-038,RA,RA,RA,,completed,True,1314500.0,1314500.0,True,True,legacy,PYTHON_FULL_CSV,,,9.487,True,True
few_shot_only,OR-037,RA,RA,RA,,completed,True,722376.0,722376.0,True,True,legacy,PYTHON_FULL_CSV,,,20.469,True,True
few_shot_only,OR-040,RA,RA,RA,,completed,True,74260.0,74260.0,True,True,legacy,PYTHON_FULL_CSV,,,12.307,True,True
few_shot_only,OR-039,RA,RA,RA,,completed,True,429000.0,429000.0,True,True,legacy,PYTHON_FULL_CSV,,,20.717,True,True
few_shot_only,OR-041,RA,RA,RA,,completed,True,3912.0,3912.0,True,True,legacy,PYTHON_FULL_CSV,,,15.953,True,True
few_shot_only,OR-042,RA,RA,RA,,completed,True,81918.0,81918.0,True,True,legacy,PYTHON_FULL_CSV,,,17.45,True,True
few_shot_only,OR-043,RA,RA,RA,,completed,True,13570.0,13570.0,True,True,legacy,PYTHON_FULL_CSV,,,17.141,True,True
few_shot_only,OR-045,RA,RA,RA,,completed,True,885.0,885.0,True,True,legacy,PYTHON_FULL_CSV,,,11.065,True,True
few_shot_only,OR-044,RA,RA,RA,,completed,True,8000.0,8000.0,True,True,legacy,PYTHON_FULL_CSV,,,18.618,True,True
few_shot_only,OR-046,RA,RA,RA,,completed,True,212.0,212.0,True,True,legacy,PYTHON_FULL_CSV,,,13.966,True,True
few_shot_only,OR-047,RA,RA,RA,,completed,True,5433.0,5433.0,True,True,legacy,PYTHON_FULL_CSV,,,19.224,True,True
few_shot_only,OR-048,RA,RA,RA,,completed,True,635052.0,635052.0,True,True,legacy,PYTHON_FULL_CSV,,,18.664,True,True
few_shot_only,OR-049,RA,RA,RA,,completed,True,85500.0,85500.0,True,True,legacy,PYTHON_FULL_CSV,,,13.933,True,True
few_shot_only,OR-050,Mixture,RA,RA,,completed,True,80250.0,80250.0,True,False,legacy,PYTHON_FULL_CSV,,,15.498,True,True
few_shot_only,OR-052,RA,RA,RA,,completed,True,30240.0,30240.0,True,True,legacy,PYTHON_FULL_CSV,,,15.762,True,True
few_shot_only,OR-051,RA,RA,RA,,completed,True,594900.0,594900.0,True,True,legacy,PYTHON_FULL_CSV,,,22.812,True,True
few_shot_only,OR-054,RA,RA,RA,,completed,True,98670.0,98670.0,True,True,legacy,PYTHON_FULL_CSV,,,12.25,True,True
few_shot_only,OR-053,RA,RA,RA,,completed,True,41040.0,41040.0,True,True,legacy,PYTHON_FULL_CSV,,,16.388,True,True
few_shot_only,OR-055,RA,RA,RA,,completed,True,27088640.0,27088640.0,True,True,legacy,PYTHON_FULL_CSV,,,21.259,True,True
few_shot_only,OR-056,RA,RA,RA,,completed,True,55642671.0,55642671.0,True,True,legacy,PYTHON_FULL_CSV,,,16.282,True,True
few_shot_only,OR-057,RA,RA,RA,,completed,True,12502.0,12502.0,True,True,legacy,PYTHON_FULL_CSV,,,16.543,True,True
few_shot_only,OR-058,FLP,FLP,FLP,,completed,True,35950.649999999994,35950.65,True,True,legacy,PYTHON_FULL_CSV,,,15.019,True,True
few_shot_only,OR-059,FLP,FLP,FLP,,completed,True,1862205008776.57,1862205008487.07,True,True,legacy,PYTHON_FULL_CSV,,,18.62,True,True
few_shot_only,OR-061,FLP,FLP,FLP,,completed,True,10199.960000000001,10199.96,True,True,legacy,PYTHON_FULL_CSV,,,15.63,True,True
few_shot_only,OR-062,FLP,FLP,FLP,,completed,True,172612.46,172612.46,True,True,legacy,PYTHON_FULL_CSV,,,14.124,True,True
few_shot_only,OR-060,FLP,FLP,FLP,,completed,True,8643.2,8643.2,True,True,legacy,PYTHON_FULL_CSV,,,30.822,True,True
few_shot_only,OR-063,FLP,FLP,FLP,,completed,True,778095.44,778095.44,True,True,legacy,PYTHON_FULL_CSV,,,15.276,True,True
few_shot_only,OR-065,FLP,FLP,FLP,,completed,True,317318.5,317318.5,True,True,legacy,PYTHON_FULL_CSV,,,14.129,True,True
few_shot_only,OR-066,FLP,FLP,FLP,,completed,True,11396.51,11396.51,True,True,legacy,PYTHON_FULL_CSV,,,12.889,True,True
few_shot_only,OR-067,AP,AP,AP,,completed,True,9000.0,9000.0,True,True,legacy,PYTHON_FULL_CSV,,,9.377,True,True
few_shot_only,OR-068,AP,AP,AP,,completed,True,9089.0,9089.0,True,True,legacy,PYTHON_FULL_CSV,,,8.452,True,True
few_shot_only,OR-064,FLP,FLP,FLP,,completed,True,18461.11,18461.11,True,True,legacy,PYTHON_FULL_CSV,,,48.8,True,True
few_shot_only,OR-069,AP,AP,AP,,completed,True,4903.0,4903.0,True,True,legacy,PYTHON_FULL_CSV,,,14.392,True,True
few_shot_only,OR-070,AP,AP,AP,,completed,True,8809.0,8809.0,True,True,legacy,PYTHON_FULL_CSV,,,12.114,True,True
few_shot_only,OR-071,Mixture,RA,RA,,solve,False,,24877.39,False,False,legacy,PYTHON_FULL_CSV,ValueError,ValueError: Missing data for some products.,17.202,True,True
few_shot_only,OR-072,Others,Others,Others,,completed,True,320.0,320.0,True,True,legacy,PYTHON_FULL_CSV,,,12.323,True,True
few_shot_only,OR-074,Others,Others,Others,,completed,True,25.0,25.0,True,True,legacy,PYTHON_FULL_CSV,,,11.052,True,True
few_shot_only,OR-075,Mixture,Mixture,Others,,completed,True,1514.0,1514.0,True,True,legacy,PYTHON_FULL_CSV,,,11.004,True,True
few_shot_only,OR-073,Mixture,Mixture,Others,,solve,False,,1146.57,False,True,legacy,PYTHON_FULL_CSV,KeyError,"KeyError: ('Product III', 'A1')",21.907,True,True
few_shot_only,OR-077,Others,Others,Others,,completed,True,133.0,133.0,True,True,legacy,PYTHON_FULL_CSV,,,7.704,True,True
few_shot_only,OR-078,Mixture,Mixture,Others,,completed,True,152.76,152.76,True,True,legacy,PYTHON_FULL_CSV,,,9.013,True,True
few_shot_only,OR-076,FLP,FLP,FLP,,completed,True,103090.0,103090.0,True,True,legacy,PYTHON_FULL_CSV,,,22.425,True,True
few_shot_only,OR-079,FLP,FLP,FLP,,completed,True,2965.0,2965.0,True,True,legacy,PYTHON_FULL_CSV,,,21.625,True,True
few_shot_only,OR-080,Mixture,Mixture,Others,,completed,True,14300.0,14300.0,True,True,legacy,PYTHON_FULL_CSV,,,16.53,False,True
few_shot_only,OR-081,Others,Others,Others,,solve,False,,3.91,False,True,legacy,PYTHON_FULL_CSV,KeyError,KeyError: 'One or more required columns are missing in cost.csv.',12.644,True,True
few_shot_only,OR-082,Others,Others,Others,,completed,True,199.0,199.0,True,True,legacy,PYTHON_FULL_CSV,,,11.567,True,True
few_shot_only,OR-083,Mixture,Mixture,Others,,solve,False,,34.0,False,True,legacy,PYTHON_FULL_CSV,GurobiError,GurobiError: Element 0 of a double array is Nan or Inf.,12.702,False,False
few_shot_only,OR-084,Others,Others,Others,,completed,True,22.84999998168129,22.85,True,True,legacy,PYTHON_FULL_CSV,,,13.296,True,True
few_shot_only,OR-085,Others,Others,Others,,completed,True,419.0,419.0,True,True,legacy,PYTHON_FULL_CSV,,,13.901,True,True
few_shot_only,OR-086,Mixture,Mixture,Others,,solve,False,,4500.0,False,True,legacy,PYTHON_FULL_CSV,ValueError,ValueError: Cannot parse blending requirement: 'I less than 10%  II more than 50%',13.158,True,True
few_shot_only,OR-087,Mixture,Mixture,Others,,completed,True,495705.4,6243055.96,False,True,legacy,PYTHON_FULL_CSV,,,13.65,False,True
few_shot_only,OR-088,FLP,FLP,FLP,,completed,True,150992.5,150992.5,True,True,legacy,PYTHON_FULL_CSV,,,28.959,True,True
few_shot_only,OR-089,FLP,FLP,FLP,,completed,True,1555.4999999999993,1555.5,True,True,legacy,PYTHON_FULL_CSV,,,19.705,True,True
few_shot_only,OR-090,Mixture,Mixture,Others,,completed,True,108657.90000000002,108657.9,True,True,legacy,PYTHON_FULL_CSV,,,13.495,True,True
few_shot_only,OR-091,Mixture,Others,Others,,completed,True,421.0,421.0,True,False,legacy,PYTHON_FULL_CSV,,,15.423,True,True
few_shot_only,OR-092,Mixture,Mixture,Others,,completed,True,3148.9299999999994,3148.93,True,True,legacy,PYTHON_FULL_CSV,,,17.278,True,True
few_shot_only,OR-093,AP,AP,AP,,completed,True,1577.6,1577.6,True,True,legacy,PYTHON_FULL_CSV,,,19.666,True,True
few_shot_only,OR-094,Mixture,RA,RA,,completed,True,0.6000000000003638,0.6,True,False,legacy,PYTHON_FULL_CSV,,,15.208,False,True
few_shot_only,OR-095,Mixture,Mixture,Others,,completed,True,1344480.0,1344480.0,True,True,legacy,PYTHON_FULL_CSV,,,19.63,True,True
few_shot_only,OR-096,Mixture,Mixture,Others,,completed,True,5044.0,5044.0,True,True,legacy,PYTHON_FULL_CSV,,,13.909,True,True
few_shot_only,OR-097,Mixture,Mixture,Others,,completed,True,6.0,6.0,True,True,legacy,PYTHON_FULL_CSV,,,25.771,True,True
few_shot_only,OR-098,Mixture,Mixture,Others,,completed,True,0.0,0.0,True,True,legacy,PYTHON_FULL_CSV,,,21.129,True,True
few_shot_only,OR-099,FLP,FLP,FLP,,completed,True,10419.0,10419.0,True,True,legacy,PYTHON_FULL_CSV,,,17.742,True,True
few_shot_only,OR-100,Others,RA,RA,,completed,True,707689.0,1382200.722,False,False,legacy,PYTHON_FULL_CSV,,,50.389,False,True
few_shot_only,OR-101,Mixture,RA,RA,,completed,True,19165.108695652176,25820.15,False,False,legacy,PYTHON_FULL_CSV,,,42.324,True,True
examples_and_route,OR-002,TP,Others,Others,TP,completed,True,6464420.6996351,6464420.7,True,False,legacy,LEGACY_SCHEMA,,,22.957,True,True
examples_and_route,OR-001,TP,RA,RA,TP,completed,True,172752.82458839755,172752.8246,True,False,legacy,LEGACY_FULL_DATA,,,66.048,True,True
examples_and_route,OR-003,TP,Others,Others,TP,completed,True,36778.51094448115,36778.51094,True,False,legacy,LEGACY_SCHEMA,,,53.201,True,True
examples_and_route,OR-004,TP,Others,Others,TP,completed,True,913520.1122932937,913520.1123,True,False,legacy,LEGACY_SCHEMA,,,50.212,True,True
examples_and_route,OR-005,TP,Others,Others,TP,solve,False,,2710.934184,False,False,legacy,LEGACY_SCHEMA,ValueError,"ValueError: Supplier names in transportation_costs.csv do not match those in supply_capacity.csv.
Supply file: ['supplier1', 'supplier2', 'supplier3', 'supplier4', 'supplier5', 'supplier6', 'supplier7', 'supplier8']
Cost file: ['supply1', 'supply2', 'supply3', 'supply4', 'supply5', 'supply6', 'supply7', 'supply8']",24.773,True,True
examples_and_route,OR-006,TP,Others,Others,TP,completed,True,6340.972286592267,6340.972287,True,False,legacy,LEGACY_SCHEMA,,,25.118,True,True
examples_and_route,OR-007,TP,Others,Others,TP,completed,True,10291.277006657501,10291.27701,True,False,legacy,LEGACY_SCHEMA,,,27.252,True,True
examples_and_route,OR-008,TP,Others,Others,TP,completed,True,660.0,660.0,True,False,legacy,LEGACY_SCHEMA,,,21.195,True,True
examples_and_route,OR-009,TP,Others,Others,TP,completed,True,238781.5119254966,238781.5119,True,False,legacy,LEGACY_SCHEMA,,,20.216,True,True
examples_and_route,OR-011,NRM,RA,RA,NRM,completed,True,3552260.54,3552260.54,True,False,legacy,LEGACY_FULL_DATA,,,21.391,True,True
examples_and_route,OR-013,NRM,RA,RA,NRM,formulation,False,,532.3,False,False,,,BadRequestError,"BadRequestError: Error code: 400 - {'error': {'message': ""This model's maximum context length is 1047576 tokens. However, your messages resulted in 2033103 tokens. Please reduce the length of the messages."", 'type': 'invalid_request_error', 'param': 'messages', 'code': 'context_length_exceeded'}}",18.151,False,False
examples_and_route,OR-015,NRM,RA,RA,NRM,completed,True,29660.0,29660.0,True,False,legacy,LEGACY_FULL_DATA,,,17.091,True,True
examples_and_route,OR-010,NRM,RA,RA,NRM,completed,True,4003445.2099999995,4003445.21,True,False,legacy,LEGACY_FULL_DATA,,,56.0,True,True
examples_and_route,OR-012,NRM,RA,RA,NRM,completed,True,83748.37000000001,83748.37,True,False,legacy,LEGACY_FULL_DATA,,,56.927,True,True
examples_and_route,OR-014,NRM,RA,RA,NRM,completed,True,1794269.0,1794269.0,True,False,legacy,LEGACY_FULL_DATA,,,57.188,True,True
examples_and_route,OR-016,NRM,RA,RA,NRM,completed,True,1568955.0,1568955.0,True,False,legacy,LEGACY_FULL_DATA,,,28.908,True,True
examples_and_route,OR-018,NRM,RA,RA,NRM,completed,True,782819438.64,782819438.6,True,False,legacy,LEGACY_FULL_DATA,,,15.837,True,True
examples_and_route,OR-017,NRM,RA,RA,NRM,completed,True,2015.08,2015.08,True,False,legacy,LEGACY_FULL_DATA,,,33.094,True,True
examples_and_route,OR-019,NRM,RA,RA,NRM,completed,True,7123134.6899999995,7123134.69,True,False,legacy,LEGACY_FULL_DATA,,,20.805,True,True
examples_and_route,OR-022,NRM,RA,RA,NRM,completed,True,4049812.4247,4049812.425,True,False,legacy,LEGACY_FULL_DATA,,,19.405,True,True
examples_and_route,OR-020,NRM,RA,RA,NRM,completed,True,11258129.67,11258129.67,True,False,legacy,LEGACY_FULL_DATA,,,50.405,True,True
examples_and_route,OR-023,NRM,RA,RA,NRM,code_generation,False,,63628.0,False,False,legacy,LEGACY_FULL_DATA,ValueError,ValueError: Legacy CSV observation has a ragged row,16.715,True,True
examples_and_route,OR-021,NRM,RA,RA,NRM,completed,True,6020981.48,6020981.48,True,False,legacy,LEGACY_FULL_DATA,,,50.887,True,True
examples_and_route,OR-024,NRM,RA,RA,NRM,completed,True,1264095.5,1264095.5,True,False,legacy,LEGACY_FULL_DATA,,,22.689,True,True
examples_and_route,OR-025,NRM,RA,RA,NRM,completed,True,5486959.829999999,5486959.83,True,False,legacy,LEGACY_FULL_DATA,,,30.849,True,True
examples_and_route,OR-027,NRM,RA,RA,NRM,completed,True,784297054.11,784297054.1,True,False,legacy,LEGACY_FULL_DATA,,,16.999,True,True
examples_and_route,OR-026,NRM,RA,RA,NRM,completed,True,8851.75,8851.75,True,False,legacy,LEGACY_FULL_DATA,,,37.878,True,True
examples_and_route,OR-028,NRM,RA,RA,NRM,completed,True,285816.0,285816.0,True,False,legacy,LEGACY_FULL_DATA,,,22.065,True,True
examples_and_route,OR-029,NRM,RA,RA,NRM,completed,True,5090631.58,5090631.58,True,False,legacy,LEGACY_FULL_DATA,,,23.206,True,True
examples_and_route,OR-030,NRM,RA,RA,NRM,completed,True,14347.28,34856.76,False,False,legacy,LEGACY_FULL_DATA,,,30.961,True,True
examples_and_route,OR-032,NRM,RA,RA,NRM,completed,True,1240406.25,1240406.25,True,False,legacy,LEGACY_FULL_DATA,,,21.064,True,True
examples_and_route,OR-031,NRM,RA,RA,NRM,completed,True,67016511.28,67016511.28,True,False,legacy,LEGACY_FULL_DATA,,,32.011,True,True
examples_and_route,OR-033,NRM,RA,RA,NRM,completed,True,195506188.0,195506188.0,True,False,legacy,LEGACY_FULL_DATA,,,17.692,True,True
examples_and_route,OR-035,RA,Others,Others,RA,completed,True,150660.0,150660.0,True,False,legacy,LEGACY_SCHEMA,,,17.96,True,True
examples_and_route,OR-036,RA,Others,Others,RA,completed,True,509925.0,509925.0,True,False,legacy,LEGACY_SCHEMA,,,17.231,True,True
examples_and_route,OR-037,RA,Others,Others,RA,completed,True,722376.0,722376.0,True,False,legacy,LEGACY_SCHEMA,,,15.015,True,True
examples_and_route,OR-038,RA,Others,Others,RA,completed,True,1314500.0,1314500.0,True,False,legacy,LEGACY_SCHEMA,,,15.083,True,True
examples_and_route,OR-039,RA,Others,Others,RA,completed,True,429000.0,429000.0,True,False,legacy,LEGACY_SCHEMA,,,19.825,True,True
examples_and_route,OR-040,RA,Others,Others,RA,completed,True,74260.0,74260.0,True,False,legacy,LEGACY_SCHEMA,,,13.419,True,True
examples_and_route,OR-034,NRM,RA,RA,NRM,completed,True,914600.2500000002,914600.25,True,False,legacy,LEGACY_FULL_DATA,,,65.971,True,True
examples_and_route,OR-041,RA,Others,Others,RA,completed,True,4408.523076923077,3912.0,False,False,legacy,LEGACY_SCHEMA,,,15.357,True,True
examples_and_route,OR-042,RA,Others,Others,RA,completed,True,81918.0,81918.0,True,False,legacy,LEGACY_SCHEMA,,,13.834,True,True
examples_and_route,OR-043,RA,Others,Others,RA,completed,True,13570.0,13570.0,True,False,legacy,LEGACY_SCHEMA,,,15.307,True,True
examples_and_route,OR-044,RA,Others,Others,RA,completed,True,8000.0,8000.0,True,False,legacy,LEGACY_SCHEMA,,,14.445,True,True
examples_and_route,OR-045,RA,Others,Others,RA,completed,True,885.0,885.0,True,False,legacy,LEGACY_SCHEMA,,,14.532,True,True
examples_and_route,OR-047,RA,Others,Others,RA,completed,True,5433.0,5433.0,True,False,legacy,LEGACY_SCHEMA,,,14.893,True,True
examples_and_route,OR-046,RA,Others,Others,RA,completed,True,212.0,212.0,True,False,legacy,LEGACY_SCHEMA,,,20.608,True,True
examples_and_route,OR-048,RA,Others,Others,RA,completed,True,635052.0,635052.0,True,False,legacy,LEGACY_SCHEMA,,,14.632,True,True
examples_and_route,OR-049,RA,Others,Others,RA,completed,True,85500.0,85500.0,True,False,legacy,LEGACY_SCHEMA,,,16.7,True,True
examples_and_route,OR-051,RA,Others,Others,RA,completed,True,594900.0,594900.0,True,False,legacy,LEGACY_SCHEMA,,,17.441,True,True
examples_and_route,OR-052,RA,Others,Others,RA,completed,True,30240.0,30240.0,True,False,legacy,LEGACY_SCHEMA,,,16.637,True,True
examples_and_route,OR-053,RA,Others,Others,RA,completed,True,41040.0,41040.0,True,False,legacy,LEGACY_SCHEMA,,,15.778,True,True
examples_and_route,OR-054,RA,Others,Others,RA,completed,True,98670.0,98670.0,True,False,legacy,LEGACY_SCHEMA,,,15.971,True,True
examples_and_route,OR-055,RA,Others,Others,RA,completed,True,27088640.0,27088640.0,True,False,legacy,LEGACY_SCHEMA,,,14.061,True,True
examples_and_route,OR-056,RA,Others,Others,RA,completed,True,55642671.0,55642671.0,True,False,legacy,LEGACY_SCHEMA,,,17.665,True,True
examples_and_route,OR-057,RA,Others,Others,RA,completed,True,12502.0,12502.0,True,False,legacy,LEGACY_SCHEMA,,,17.249,True,True
examples_and_route,OR-058,FLP,Mixture,Others,FLP,completed,True,35950.649999999994,35950.65,True,False,legacy,LEGACY_SCHEMA,,,18.781,True,True
examples_and_route,OR-059,FLP,Mixture,Others,FLP,completed,True,1862205008776.57,1862205008487.07,True,False,legacy,LEGACY_SCHEMA,,,24.366,True,True
examples_and_route,OR-060,FLP,Mixture,Others,FLP,completed,True,8643.199999999997,8643.2,True,False,legacy,LEGACY_SCHEMA,,,23.208,True,True
examples_and_route,OR-061,FLP,Mixture,Others,FLP,completed,True,10199.960000000001,10199.96,True,False,legacy,LEGACY_SCHEMA,,,19.632,True,True
examples_and_route,OR-062,FLP,Mixture,Others,FLP,solve,False,,172612.46,False,False,legacy,LEGACY_SCHEMA,ValueError,"ValueError: Mismatch between store columns in transportation_costs.csv and customers in demand.csv.
Stores: ['CLARINDA', 'FORT MADISON', 'SIOUX CITY', 'TOLEDO', 'BANCROFT']
Customers: ['Customer_1', 'Customer_2', 'Customer_3', 'Customer_4', 'Customer_5']",17.178,True,True
examples_and_route,OR-063,FLP,Mixture,Others,FLP,completed,True,778095.44,778095.44,True,False,legacy,LEGACY_SCHEMA,,,18.641,True,True
examples_and_route,OR-064,FLP,Others,Others,FLP,completed,True,18461.11,18461.11,True,False,legacy,LEGACY_SCHEMA,,,19.606,True,True
examples_and_route,OR-065,FLP,Mixture,Others,FLP,completed,True,317318.5,317318.5,True,False,legacy,LEGACY_SCHEMA,,,16.808,True,True
examples_and_route,OR-066,FLP,Others,Others,FLP,completed,True,11396.51,11396.51,True,False,legacy,LEGACY_SCHEMA,,,20.002,True,True
examples_and_route,OR-076,FLP,Mixture,Others,FLP,completed,True,103090.0,103090.0,True,False,legacy,LEGACY_SCHEMA,,,16.772,True,True
examples_and_route,OR-079,FLP,Mixture,Others,FLP,completed,True,2965.0,2965.0,True,False,legacy,LEGACY_SCHEMA,,,17.262,True,True
examples_and_route,OR-088,FLP,Mixture,Others,FLP,completed,True,150992.5,150992.5,True,False,legacy,LEGACY_SCHEMA,,,14.768,True,True
examples_and_route,OR-089,FLP,Mixture,Others,FLP,completed,True,1555.4999999999993,1555.5,True,False,legacy,LEGACY_SCHEMA,,,16.384,True,True
examples_and_route,OR-099,FLP,Mixture,Others,FLP,completed,True,10419.0,10419.0,True,False,legacy,LEGACY_SCHEMA,,,18.163,True,True
examples_and_route,OR-068,AP,Others,Others,AP,completed,True,9089.0,9089.0,True,False,legacy,LEGACY_SCHEMA,,,15.175,True,True
examples_and_route,OR-067,AP,Others,Others,AP,completed,True,9000.0,9000.0,True,False,legacy,LEGACY_SCHEMA,,,17.34,True,True
examples_and_route,OR-069,AP,Others,Others,AP,completed,True,4903.0,4903.0,True,False,legacy,LEGACY_SCHEMA,,,14.91,True,True
examples_and_route,OR-093,AP,Others,Others,AP,completed,True,1577.6,1577.6,True,False,legacy,LEGACY_SCHEMA,,,11.981,True,True
examples_and_route,OR-070,AP,Others,Others,AP,completed,True,8809.0,8809.0,True,False,legacy,LEGACY_SCHEMA,,,17.553,True,True
examples_and_route,OR-050,Mixture,RA,RA,Others,completed,True,80250.0,80250.0,True,False,legacy,LEGACY_FULL_DATA,,,26.322,True,True
examples_and_route,OR-073,Mixture,RA,RA,Others,completed,True,2480.6953201970446,1146.57,False,False,legacy,LEGACY_FULL_DATA,,,38.435,True,True
examples_and_route,OR-075,Mixture,RA,RA,Others,completed,True,1514.0,1514.0,True,False,legacy,LEGACY_FULL_DATA,,,46.404,True,True
examples_and_route,OR-071,Mixture,RA,RA,Others,completed,True,24877.394636015328,24877.39,True,False,legacy,LEGACY_FULL_DATA,,,62.057,True,True
examples_and_route,OR-080,Mixture,TP,TP,Others,completed,True,15590.0,14300.0,False,False,legacy,LEGACY_FULL_DATA,,,35.39,False,True
examples_and_route,OR-083,Mixture,AP,AP,Others,completed,True,34.0,34.0,True,False,legacy,LEGACY_FULL_DATA,,,34.647,False,False
examples_and_route,OR-086,Mixture,RA,RA,Others,solve,False,,4500.0,False,False,legacy,LEGACY_FULL_DATA,RuntimeError,RuntimeError: No optimal solution; solver status: 4,29.948,True,True
examples_and_route,OR-078,Mixture,RA,RA,Others,completed,True,152.76,152.76,True,False,legacy,LEGACY_FULL_DATA,,,61.026,True,True
examples_and_route,OR-091,Mixture,RA,RA,Others,completed,True,421.0,421.0,True,False,legacy,LEGACY_FULL_DATA,,,22.133,True,True
examples_and_route,OR-094,Mixture,RA,RA,Others,code_generation,False,,0.6,False,False,legacy,LEGACY_FULL_DATA,ValueError,ValueError: Legacy CSV observation has a ragged row,23.585,False,True
examples_and_route,OR-087,Mixture,RA,RA,Others,completed,True,6243055.959999999,6243055.96,True,False,legacy,LEGACY_FULL_DATA,,,63.672,False,True
examples_and_route,OR-092,Mixture,TP,TP,Others,completed,True,3148.9299999999994,3148.93,True,False,legacy,LEGACY_FULL_DATA,,,45.837,True,True
examples_and_route,OR-090,Mixture,RA,RA,Others,completed,True,108657.90000000002,108657.9,True,False,legacy,LEGACY_FULL_DATA,,,88.625,True,True
examples_and_route,OR-096,Mixture,TP,TP,Others,completed,True,5044.0,5044.0,True,False,legacy,LEGACY_FULL_DATA,,,42.449,True,True
examples_and_route,OR-095,Mixture,RA,RA,Others,completed,True,1344480.0,1344480.0,True,False,legacy,LEGACY_FULL_DATA,,,53.288,True,True
examples_and_route,OR-098,Mixture,RA,RA,Others,solve,False,,0.0,False,False,legacy,LEGACY_FULL_DATA,IndexError,IndexError: list index out of range,53.433,True,True
examples_and_route,OR-072,Others,RA,RA,Others,completed,True,320.0,320.0,True,False,legacy,LEGACY_FULL_DATA,,,25.623,True,True
examples_and_route,OR-074,Others,RA,RA,Others,completed,True,43.0,25.0,False,False,legacy,LEGACY_FULL_DATA,,,27.573,True,True
examples_and_route,OR-097,Mixture,RA,RA,Others,completed,True,6.0,6.0,True,False,legacy,LEGACY_FULL_DATA,,,91.107,True,True
examples_and_route,OR-082,Others,TP,TP,Others,completed,True,199.0,199.0,True,False,legacy,LEGACY_FULL_DATA,,,22.829,True,True
examples_and_route,OR-101,Mixture,RA,RA,Others,completed,True,25820.15355597092,25820.15,True,False,legacy,LEGACY_FULL_DATA,,,87.366,True,True
examples_and_route,OR-077,Others,RA,RA,Others,completed,True,133.0,133.0,True,False,legacy,LEGACY_FULL_DATA,,,51.075,True,True
examples_and_route,OR-084,Others,AP,AP,Others,completed,True,22.85,22.85,True,False,legacy,LEGACY_FULL_DATA,,,24.768,True,True
examples_and_route,OR-085,Others,AP,AP,Others,completed,True,419.0,419.0,True,False,legacy,LEGACY_FULL_DATA,,,32.414,True,True
examples_and_route,OR-081,Others,RA,RA,Others,completed,True,3.910164341169253,3.91,True,False,legacy,LEGACY_FULL_DATA,,,80.848,True,True
examples_and_route,OR-100,Others,RA,RA,Others,completed,True,1382045.0,1382200.722,False,False,legacy,LEGACY_FULL_DATA,,,61.619,False,True
