instance,problem_id,category,nearest_same,similarity_same,nearest_all,similarity_all
TP/TP1,OR-001,TP,Ref15,0.6170069400240059,Ref11,0.6261859686428884
TP/TP2,OR-002,TP,Ref15,0.625571091322653,Ref11,0.6344459600183046
TP/TP3,OR-003,TP,Ref15,0.624035302616434,Ref11,0.6327170393973559
TP/TP4,OR-004,TP,Ref15,0.6219682239393217,Ref11,0.6308426734199583
TP/TP5,OR-005,TP,Ref15,0.6258998912799181,Ref11,0.634280836343041
TP/TP6,OR-006,TP,Ref15,0.624035302616434,Ref11,0.6327170393973559
TP/TP7,OR-007,TP,Ref15,0.6234446630054232,Ref11,0.6580990690673312
TP/TP8,OR-008,TP,Ref15,0.637552465860152,Ref11,0.6593932216628331
TP/TP9,OR-009,TP,Ref15,0.6834975228770278,Ref15,0.6834975228770278
NRM/NRM1,OR-010,NRM,Ref03,0.6096605380750599,Ref03,0.6096605380750599
NRM/NRM2,OR-011,NRM,Ref03,0.60966053807506,Ref03,0.60966053807506
NRM/NRM3,OR-012,NRM,Ref03,0.60966053807506,Ref03,0.60966053807506
NRM/NRM4,OR-013,NRM,Ref03,0.60966053807506,Ref03,0.60966053807506
NRM/NRM5,OR-014,NRM,Ref03,0.60966053807506,Ref03,0.60966053807506
NRM/NRM6,OR-015,NRM,Ref03,0.60966053807506,Ref03,0.60966053807506
NRM/NRM7,OR-016,NRM,Ref03,0.60966053807506,Ref03,0.60966053807506
NRM/NRM8,OR-017,NRM,Ref03,0.60966053807506,Ref03,0.60966053807506
NRM/NRM9,OR-018,NRM,Ref03,0.60966053807506,Ref03,0.60966053807506
NRM/NRM10,OR-019,NRM,Ref03,0.60966053807506,Ref03,0.60966053807506
NRM/NRM11,OR-020,NRM,Ref03,0.60966053807506,Ref03,0.60966053807506
NRM/NRM12,OR-021,NRM,Ref03,0.6096605380750599,Ref03,0.6096605380750599
NRM/NRM13,OR-022,NRM,Ref03,0.60966053807506,Ref03,0.60966053807506
NRM/NRM14,OR-023,NRM,Ref03,0.60966053807506,Ref03,0.60966053807506
NRM/NRM15,OR-024,NRM,Ref03,0.60966053807506,Ref03,0.60966053807506
NRM/NRM16,OR-025,NRM,Ref03,0.6096605380750599,Ref03,0.6096605380750599
NRM/NRM17,OR-026,NRM,Ref03,0.60966053807506,Ref03,0.60966053807506
NRM/NRM18,OR-027,NRM,Ref03,0.60966053807506,Ref03,0.60966053807506
NRM/NRM19,OR-028,NRM,Ref03,0.60966053807506,Ref03,0.60966053807506
NRM/NRM20,OR-029,NRM,Ref03,0.60966053807506,Ref03,0.60966053807506
NRM/NRM21,OR-030,NRM,Ref03,0.60966053807506,Ref03,0.60966053807506
NRM/NRM22,OR-031,NRM,Ref03,0.60966053807506,Ref03,0.60966053807506
NRM/NRM23,OR-032,NRM,Ref03,0.60966053807506,Ref03,0.60966053807506
NRM/NRM24,OR-033,NRM,Ref03,0.60966053807506,Ref03,0.60966053807506
NRM/NRM25,OR-034,NRM,Ref03,0.6096605380750599,Ref03,0.6096605380750599
RA/RA1,OR-035,RA,Ref14,0.6569809218112285,Ref14,0.6569809218112285
RA/RA2,OR-036,RA,Ref14,0.6558108932396302,Ref14,0.6558108932396302
RA/RA3,OR-037,RA,Ref14,0.6558108932396302,Ref14,0.6558108932396302
RA/RA4,OR-038,RA,Ref14,0.2767187010207077,Ref03,0.54519292265904
RA/RA5,OR-039,RA,Ref14,0.6569809218112286,Ref14,0.6569809218112286
RA/RA6,OR-040,RA,Ref14,0.656169353014165,Ref14,0.656169353014165
RA/RA7,OR-041,RA,Ref14,0.656169353014165,Ref14,0.656169353014165
RA/RA8,OR-042,RA,Ref14,0.656169353014165,Ref14,0.656169353014165
RA/RA9,OR-043,RA,Ref14,0.656169353014165,Ref14,0.656169353014165
RA/RA10,OR-044,RA,Ref14,0.6569809218112285,Ref14,0.6569809218112285
RA/RA11,OR-045,RA,Ref14,0.6569809218112285,Ref14,0.6569809218112285
RA/RA12,OR-046,RA,Ref14,0.6569809218112285,Ref14,0.6569809218112285
RA/RA13,OR-047,RA,Ref14,0.6566210466093164,Ref14,0.6566210466093164
RA/RA14,OR-048,RA,Ref14,0.6569809218112286,Ref14,0.6569809218112286
RA/RA15,OR-049,RA,Ref14,0.656169353014165,Ref14,0.656169353014165
Mixture/Mixture1,OR-050,Mixture,Ref09,0.3616117082544621,Ref14,0.6613388305159998
RA/RA17,OR-051,RA,Ref14,0.6563401404859749,Ref14,0.6563401404859749
RA/RA18,OR-052,RA,Ref14,0.6558108932396302,Ref14,0.6558108932396302
RA/RA19,OR-053,RA,Ref14,0.656169353014165,Ref14,0.656169353014165
RA/RA20,OR-054,RA,Ref14,0.656169353014165,Ref14,0.656169353014165
RA/RA21,OR-055,RA,Ref14,0.6561693530141649,Ref14,0.6561693530141649
RA/RA22,OR-056,RA,Ref14,0.6561693530141649,Ref14,0.6561693530141649
RA/RA16,OR-057,RA,Ref14,0.6566210466093163,Ref14,0.6566210466093163
UFLP/UFLP1,OR-058,UFLP,Ref02,0.5648790304908823,Ref02,0.5648790304908823
UFLP/UFLP2,OR-059,UFLP,Ref02,0.5507056694743047,Ref02,0.5507056694743047
UFLP/UFLP3,OR-060,UFLP,Ref02,0.540349061536743,Ref02,0.540349061536743
UFLP/UFLP5,OR-061,UFLP,Ref02,0.5714285714285715,Ref02,0.5714285714285715
UFLP/UFLP6,OR-062,UFLP,Ref02,0.5714285714285715,Ref02,0.5714285714285715
UFLP/UFLP7,OR-063,UFLP,Ref02,0.5590852462516898,Ref02,0.5590852462516898
UFLP/UFLP8,OR-064,UFLP,Ref02,0.5230314345818344,Ref02,0.5230314345818344
UFLP/UFLP9,OR-065,UFLP,Ref02,0.5819143739626463,Ref02,0.5819143739626463
UFLP/UFLP10,OR-066,UFLP,Ref02,1.0,Ref02,1.0
AP/AP2,OR-067,AP,Ref01,0.10256410256410257,Ref07,0.4966085446506601
AP/AP3,OR-068,AP,Ref01,0.05847053462046862,Ref13,0.4428074427700477
AP/AP4,OR-069,AP,Ref01,0.03307592922378892,Ref13,0.4383570037596046
AP/AP5,OR-070,AP,Ref01,0.0507959545172973,Ref13,0.4423895026648717
Mixture/Mixture2,OR-071,Mixture,Ref11,0.6127265530055273,Ref11,0.6127265530055273
Others/Other1,OR-072,Others,Ref12,0.12171612389003691,Ref03,0.3551424026022887
Mixture/Mixture3,OR-073,Mixture,Ref10,0.5076910900875892,Ref02,0.6520506636966263
Others/Other2,OR-074,Others,Ref12,0.12171612389003691,Ref04,0.3400409136337804
Mixture/Mixture4,OR-075,Mixture,Ref10,0.39096928528506353,Ref10,0.39096928528506353
UFLP/UFLP4,OR-076,UFLP,Ref02,0.5314784187179246,Ref02,0.5314784187179246
Others/Other3,OR-077,Others,Ref13,0.28104904733851427,Ref10,0.38230317266250496
Mixture/Mixture5,OR-078,Mixture,Ref09,0.33306737276928844,Ref14,0.6542004133100633
UFLP/UFLP11,OR-079,UFLP,Ref02,0.549869796134899,Ref02,0.549869796134899
Mixture/Mixture6,OR-080,Mixture,Ref04,0.5876167998799926,Ref04,0.5876167998799926
Others/Other4,OR-081,Others,Ref12,0.49714752654313393,Ref12,0.49714752654313393
Others/Other5,OR-082,Others,Ref13,0.31925064046021734,Ref01,0.7113735469577194
Mixture/Mixture7,OR-083,Mixture,Ref10,0.21204398410777714,Ref01,0.2917607839254026
Others/Other6,OR-084,Others,Ref13,0.18260101623835023,Ref01,0.37993976240324606
Others/Other7,OR-085,Others,Ref13,0.23567355458318862,Ref04,0.3367839800452138
Mixture/Mixture8,OR-086,Mixture,Ref06,0.8954829114767001,Ref06,0.8954829114767001
Mixture/Mixture9,OR-087,Mixture,Ref04,0.7431520681759386,Ref04,0.7431520681759386
UFLP/UFLP12,OR-088,UFLP,Ref02,0.5340012526098762,Ref02,0.5340012526098762
UFLP/UFLP13,OR-089,UFLP,Ref02,0.15883213124963438,Ref01,0.30482548396942866
Mixture/Mixture10,OR-090,Mixture,Ref04,0.4733777828119886,Ref03,0.5367654682202573
Mixture/Mixture11,OR-091,Mixture,Ref10,0.40406101782088427,Ref10,0.40406101782088427
Mixture/Mixture12,OR-092,Mixture,Ref06,0.31544990199010764,Ref14,0.41390558036509284
AP/AP1,OR-093,AP,Ref01,0.030397383505836883,Ref13,0.4373887927403243
Mixture/Mixture13,OR-094,Mixture,Ref09,0.33327999951507437,Ref09,0.33327999951507437
Mixture/Mixture14,OR-095,Mixture,Ref06,0.5189864000072657,Ref12,0.538345970481837
Mixture/Mixture15,OR-096,Mixture,Ref09,0.29821197521583986,Ref09,0.29821197521583986
Mixture/Mixture16,OR-097,Mixture,Ref11,0.39254326222320446,Ref11,0.39254326222320446
Mixture/Mixture17,OR-098,Mixture,Ref07,0.5711501703288497,Ref07,0.5711501703288497
UFLP/UFLP14,OR-099,UFLP,Ref02,0.5430753866417045,Ref02,0.5430753866417045
Others/Other8,OR-100,Others,Ref12,0.6609649449720139,Ref12,0.6609649449720139
Mixture/Mixture18,OR-101,Mixture,Ref08,0.5064651446202281,Ref12,0.5112383684990504
