instance,Ref01,Ref02,Ref03,Ref04,Ref05,Ref06,Ref07,Ref08,Ref09,Ref10,Ref11,Ref12,Ref13,Ref14,Ref15
TP/TP1,0.0,0.2643482258577327,0.03565538037035827,0.04314819330105869,0.2143973621410911,0.3272212153856508,0.23212123141881705,0.2602896031476768,0.001750897345975391,0.21034576395208868,0.6261859686428884,0.5750181647498027,0.2938066265617122,0.007219134697070166,0.6170069400240059
TP/TP2,0.0,0.27119544184929806,0.05569684564063994,0.06740127961050868,0.23089900764978954,0.3406813981373298,0.23121924439226563,0.27400987174129193,0.0027350559213910196,0.2214334153375128,0.6344459600183046,0.5835422559550533,0.30141688165343317,0.011276924455866207,0.625571091322653
TP/TP3,0.0,0.2717914161090705,0.06332064441794642,0.07662718436638859,0.23570226039551584,0.34338583575847514,0.22901430620717222,0.32357511446471704,0.0031094310902093974,0.22413272587221034,0.6327170393973559,0.5823251360731083,0.3020792700095994,0.01282051282051282,0.624035302616434
TP/TP4,0.0,0.26926023193385334,0.05308002735470085,0.06423454909010419,0.22798037629377663,0.3376717125415703,0.23037198846919968,0.271244490402245,0.00260655413164263,0.2191986497404764,0.6308426734199583,0.5801176919699454,0.29926601608548503,0.010747098003652684,0.6219682239393217
TP/TP5,0.0,0.27500954910846337,0.07830825373337626,0.094764370315484,0.2466466911319812,0.35116376957751805,0.2265764736148083,0.2858309752375147,0.003845414414474196,0.23098630955841237,0.634280836343041,0.5844760050128062,0.30565602486509597,0.015855049805149804,0.6258998912799181
TP/TP6,0.0,0.2717914161090705,0.06332064441794642,0.07662718436638859,0.23570226039551584,0.34338583575847514,0.22901430620717222,0.32357511446471704,0.0031094310902093974,0.22413272587221034,0.6327170393973559,0.5823251360731083,0.3020792700095994,0.01282051282051282,0.624035302616434
TP/TP7,0.0,0.2807449625374386,0.11991209668184052,0.1451110680357413,0.2746806413997892,0.36890854946303003,0.21684543705982776,0.306381676672686,0.005888417670762586,0.24759378423606918,0.6580990690673312,0.5833470168072173,0.3120305804954063,0.02427856802430766,0.6234446630054232
TP/TP8,0.0,0.2855969534009764,0.11339402770320832,0.13722325707093486,0.2745083213202917,0.3730445319572586,0.22370002552044602,0.3085411546735828,0.005568340600849758,0.2493389059940775,0.6593932216628331,0.6100305524230474,0.31742326683971145,0.02295885645671886,0.637552465860152
TP/TP9,0.0,0.2817180849095055,0.14439328533356685,0.17473686501819424,0.28941438070815306,0.37646162621052126,0.2088931871468374,0.3162277660168379,0.00709059383019195,0.25555062599997597,0.6230345439947553,0.6158402871356008,0.3131121455425747,0.029235267310234306,0.6834975228770278
NRM/NRM1,0.0,0.11268723396380222,0.6096605380750599,0.5510931896727664,0.2480694691784169,0.21081851067789192,0.0,0.21081851067789195,0.3119861285284458,0.170367083999984,0.15302602834958903,0.1539600717839002,0.12524485821702988,0.20464687117164015,0.15686828393899
NRM/NRM2,0.0,0.1126872339638022,0.60966053807506,0.5510931896727664,0.24806946917841688,0.21081851067789192,0.0,0.21081851067789192,0.3119861285284458,0.170367083999984,0.15302602834958903,0.1539600717839002,0.12524485821702988,0.20464687117164015,0.15686828393899
NRM/NRM3,0.0,0.11268723396380222,0.60966053807506,0.5510931896727664,0.24806946917841693,0.21081851067789195,0.0,0.21081851067789198,0.3119861285284458,0.170367083999984,0.15302602834958903,0.1539600717839002,0.1252448582170299,0.20464687117164018,0.15686828393899
NRM/NRM4,0.0,0.11268723396380222,0.60966053807506,0.5510931896727664,0.24806946917841693,0.21081851067789195,0.0,0.21081851067789195,0.31198612852844587,0.170367083999984,0.15302602834958903,0.1539600717839002,0.1252448582170299,0.20464687117164018,0.15686828393899002
NRM/NRM5,0.0,0.11268723396380222,0.60966053807506,0.5510931896727664,0.2480694691784169,0.21081851067789192,0.0,0.21081851067789195,0.3119861285284458,0.170367083999984,0.15302602834958903,0.1539600717839002,0.1252448582170299,0.20464687117164015,0.15686828393899002
NRM/NRM6,0.0,0.1126872339638022,0.60966053807506,0.5510931896727664,0.24806946917841688,0.21081851067789192,0.0,0.21081851067789192,0.3119861285284458,0.170367083999984,0.15302602834958903,0.1539600717839002,0.12524485821702988,0.20464687117164015,0.15686828393899
NRM/NRM7,0.0,0.1126872339638022,0.60966053807506,0.5510931896727664,0.2480694691784169,0.21081851067789192,0.0,0.21081851067789195,0.3119861285284458,0.17036708399998396,0.15302602834958903,0.1539600717839002,0.1252448582170299,0.20464687117164015,0.15686828393899
NRM/NRM8,0.0,0.11268723396380222,0.60966053807506,0.5510931896727664,0.2480694691784169,0.21081851067789195,0.0,0.21081851067789195,0.3119861285284458,0.170367083999984,0.15302602834958903,0.1539600717839002,0.12524485821702988,0.20464687117164018,0.15686828393899
NRM/NRM9,0.0,0.1126872339638022,0.60966053807506,0.5510931896727664,0.24806946917841688,0.21081851067789192,0.0,0.21081851067789192,0.3119861285284458,0.170367083999984,0.15302602834958903,0.1539600717839002,0.12524485821702988,0.20464687117164015,0.15686828393899
NRM/NRM10,0.0,0.1126872339638022,0.60966053807506,0.5510931896727664,0.24806946917841688,0.21081851067789192,0.0,0.21081851067789192,0.3119861285284458,0.170367083999984,0.15302602834958903,0.1539600717839002,0.12524485821702988,0.20464687117164015,0.15686828393899
NRM/NRM11,0.0,0.11268723396380222,0.60966053807506,0.5510931896727664,0.2480694691784169,0.21081851067789195,0.0,0.21081851067789195,0.31198612852844587,0.170367083999984,0.15302602834958903,0.1539600717839002,0.1252448582170299,0.20464687117164018,0.15686828393899002
NRM/NRM12,0.0,0.1126872339638022,0.6096605380750599,0.5510931896727664,0.24806946917841688,0.21081851067789192,0.0,0.21081851067789192,0.3119861285284458,0.170367083999984,0.153026028349589,0.15396007178390017,0.12524485821702988,0.20464687117164013,0.15686828393899
NRM/NRM13,0.0,0.1126872339638022,0.60966053807506,0.5510931896727664,0.24806946917841688,0.21081851067789192,0.0,0.21081851067789192,0.3119861285284458,0.170367083999984,0.15302602834958903,0.1539600717839002,0.12524485821702988,0.20464687117164015,0.15686828393899
NRM/NRM14,0.0,0.11268723396380222,0.60966053807506,0.5510931896727664,0.24806946917841693,0.21081851067789195,0.0,0.21081851067789195,0.31198612852844587,0.170367083999984,0.15302602834958903,0.1539600717839002,0.1252448582170299,0.20464687117164018,0.15686828393899002
NRM/NRM15,0.0,0.11268723396380222,0.60966053807506,0.5510931896727664,0.24806946917841693,0.21081851067789195,0.0,0.21081851067789195,0.31198612852844587,0.170367083999984,0.15302602834958903,0.1539600717839002,0.1252448582170299,0.20464687117164018,0.15686828393899002
NRM/NRM16,0.0,0.1126872339638022,0.6096605380750599,0.5510931896727664,0.2480694691784169,0.21081851067789192,0.0,0.21081851067789195,0.3119861285284458,0.17036708399998396,0.15302602834958903,0.1539600717839002,0.12524485821702988,0.20464687117164015,0.15686828393899
NRM/NRM17,0.0,0.1126872339638022,0.60966053807506,0.5510931896727664,0.24806946917841688,0.21081851067789192,0.0,0.21081851067789192,0.3119861285284458,0.17036708399998396,0.153026028349589,0.1539600717839002,0.1252448582170299,0.20464687117164013,0.15686828393899
NRM/NRM18,0.0,0.11268723396380222,0.60966053807506,0.5510931896727664,0.24806946917841693,0.21081851067789195,0.0,0.21081851067789195,0.31198612852844587,0.170367083999984,0.15302602834958903,0.1539600717839002,0.1252448582170299,0.20464687117164018,0.15686828393899002
NRM/NRM19,0.0,0.11268723396380222,0.60966053807506,0.5510931896727664,0.24806946917841693,0.21081851067789195,0.0,0.21081851067789195,0.31198612852844587,0.170367083999984,0.15302602834958903,0.1539600717839002,0.1252448582170299,0.20464687117164018,0.15686828393899002
NRM/NRM20,0.0,0.11268723396380222,0.60966053807506,0.5510931896727664,0.24806946917841693,0.21081851067789195,0.0,0.21081851067789195,0.31198612852844587,0.170367083999984,0.15302602834958903,0.1539600717839002,0.1252448582170299,0.20464687117164018,0.15686828393899002
NRM/NRM21,0.0,0.1126872339638022,0.60966053807506,0.5510931896727664,0.24806946917841688,0.21081851067789192,0.0,0.21081851067789192,0.3119861285284458,0.170367083999984,0.15302602834958903,0.1539600717839002,0.12524485821702988,0.20464687117164015,0.15686828393899
NRM/NRM22,0.0,0.11268723396380222,0.60966053807506,0.5510931896727664,0.2480694691784169,0.21081851067789195,0.0,0.21081851067789195,0.3119861285284458,0.170367083999984,0.15302602834958903,0.1539600717839002,0.12524485821702988,0.20464687117164018,0.15686828393899
NRM/NRM23,0.0,0.11268723396380222,0.60966053807506,0.5510931896727664,0.2480694691784169,0.21081851067789195,0.0,0.21081851067789195,0.3119861285284458,0.170367083999984,0.15302602834958903,0.1539600717839002,0.12524485821702988,0.20464687117164018,0.15686828393899
NRM/NRM24,0.0,0.1126872339638022,0.60966053807506,0.5510931896727664,0.24806946917841688,0.21081851067789192,0.0,0.21081851067789192,0.3119861285284458,0.170367083999984,0.15302602834958903,0.1539600717839002,0.12524485821702988,0.20464687117164015,0.15686828393899
NRM/NRM25,0.0,0.1126872339638022,0.6096605380750599,0.5510931896727664,0.24806946917841688,0.21081851067789192,0.0,0.21081851067789195,0.3119861285284458,0.17036708399998396,0.15302602834958903,0.1539600717839002,0.1252448582170299,0.20464687117164015,0.15686828393899
RA/RA1,0.0,0.012536290240743358,0.174914125750411,0.12859792416805804,0.02759736623304408,0.023453251491009727,0.0,0.023453251491009727,0.33288128480474516,0.018953089337333126,0.017023922216378988,0.017127833184623596,0.013933307603182383,0.6569809218112285,0.017451367540516783
RA/RA2,0.0,0.005035499517247943,0.1562891473815021,0.10571136850677615,0.011085139357428272,0.00942055698240369,0.0,0.00942055698240369,0.333323695522271,0.007612959685499347,0.0068380637697456345,0.0068798020847004,0.005596644809759261,0.6558108932396302,0.007009757363465281
RA/RA3,0.0,0.005035499517247943,0.1562891473815021,0.10571136850677615,0.011085139357428272,0.00942055698240369,0.0,0.00942055698240369,0.333323695522271,0.007612959685499347,0.0068380637697456345,0.0068798020847004,0.005596644809759261,0.6558108932396302,0.007009757363465281
RA/RA4,0.0,0.09616986678547358,0.54519292265904,0.48595797605239965,0.2117081675116355,0.17991734622146655,0.0,0.17991734622146657,0.4741999291962309,0.14539517207575642,0.1305959179530253,0.13139305201595214,0.10688683098004126,0.2767187010207077,0.1338749868873744
RA/RA5,0.0,0.012536290240743358,0.17491412575041101,0.12859792416805804,0.02759736623304408,0.023453251491009724,0.0,0.023453251491009727,0.33288128480474516,0.018953089337333126,0.017023922216378988,0.0171278331846236,0.013933307603182383,0.6569809218112286,0.017451367540516783
RA/RA6,0.0,0.006291548357178296,0.15944368055107672,0.10956626654317296,0.013850202958898676,0.01177040919244081,0.0,0.011770409192440812,0.3333323929980756,0.009511927036931855,0.008543742031840454,0.008595891501021332,0.006992665045035199,0.656169353014165,0.008758262665554118
RA/RA7,0.0,0.006291548357178296,0.15944368055107672,0.10956626654317296,0.013850202958898676,0.01177040919244081,0.0,0.011770409192440812,0.3333323929980756,0.009511927036931855,0.008543742031840454,0.008595891501021332,0.006992665045035199,0.656169353014165,0.008758262665554118
RA/RA8,0.0,0.006291548357178296,0.15944368055107672,0.10956626654317296,0.013850202958898676,0.01177040919244081,0.0,0.011770409192440812,0.3333323929980756,0.009511927036931855,0.008543742031840454,0.008595891501021332,0.006992665045035199,0.656169353014165,0.008758262665554118
RA/RA9,0.0,0.006291548357178296,0.15944368055107672,0.10956626654317296,0.013850202958898676,0.01177040919244081,0.0,0.011770409192440812,0.3333323929980756,0.009511927036931855,0.008543742031840454,0.008595891501021332,0.006992665045035199,0.656169353014165,0.008758262665554118
RA/RA10,0.0,0.012536290240743358,0.174914125750411,0.12859792416805804,0.02759736623304408,0.023453251491009727,0.0,0.023453251491009727,0.33288128480474516,0.018953089337333126,0.017023922216378988,0.017127833184623596,0.013933307603182383,0.6569809218112285,0.017451367540516783
RA/RA11,0.0,0.012536290240743358,0.174914125750411,0.12859792416805804,0.02759736623304408,0.023453251491009727,0.0,0.023453251491009727,0.33288128480474516,0.018953089337333126,0.017023922216378988,0.017127833184623596,0.013933307603182383,0.6569809218112285,0.017451367540516783
RA/RA12,0.0,0.012536290240743358,0.174914125750411,0.12859792416805804,0.02759736623304408,0.023453251491009727,0.0,0.023453251491009727,0.33288128480474516,0.018953089337333126,0.017023922216378988,0.017127833184623596,0.013933307603182383,0.6569809218112285,0.017451367540516783
RA/RA13,0.0,0.008380607585904486,0.1646585784781035,0.11595779904032665,0.018449054095122742,0.015678681139726623,0.0,0.015678681139726623,0.33327326305061544,0.012670287718814083,0.011380624485284235,0.011450089776212105,0.009314524564569025,0.6566210466093164,0.011666375010937046
RA/RA14,0.0,0.012536290240743361,0.17491412575041101,0.12859792416805807,0.027597366233044086,0.023453251491009727,0.0,0.02345325149100973,0.33288128480474516,0.01895308933733313,0.01702392221637899,0.0171278331846236,0.013933307603182385,0.6569809218112286,0.017451367540516786
RA/RA15,0.0,0.006291548357178295,0.15944368055107672,0.10956626654317296,0.013850202958898673,0.01177040919244081,0.0,0.01177040919244081,0.3333323929980756,0.009511927036931853,0.008543742031840454,0.00859589150102133,0.006992665045035198,0.656169353014165,0.008758262665554116
Mixture/Mixture1,0.0,0.007149518076165778,0.16638092729304613,0.11520447825646749,0.015738935917139076,0.01337552356077975,0.0,0.013375523560779751,0.3616117082544621,0.010809055327711769,0.009708840276980107,0.009768101296907855,0.007946245073839613,0.6613388305159998,0.009952614791833273
RA/RA17,0.0,0.006988565578146122,0.16118804540531528,0.11170157886594603,0.015384615384615382,0.013074409009212267,0.0,0.013074409009212268,0.33332289112313257,0.010565718023337698,0.009490271405790982,0.009548198320525772,0.007767356373806173,0.6563401404859749,0.009728557981918608
RA/RA18,0.0,0.005035499517247944,0.1562891473815021,0.10571136850677615,0.011085139357428274,0.009420556982403691,0.0,0.009420556982403691,0.333323695522271,0.007612959685499348,0.0068380637697456345,0.0068798020847004,0.005596644809759261,0.6558108932396302,0.0070097573634652815
RA/RA19,0.0,0.006291548357178295,0.15944368055107672,0.10956626654317296,0.013850202958898673,0.01177040919244081,0.0,0.01177040919244081,0.3333323929980756,0.009511927036931853,0.008543742031840454,0.00859589150102133,0.006992665045035198,0.656169353014165,0.008758262665554116
RA/RA20,0.0,0.006291548357178295,0.15944368055107672,0.10956626654317296,0.013850202958898673,0.01177040919244081,0.0,0.01177040919244081,0.3333323929980756,0.009511927036931853,0.008543742031840454,0.00859589150102133,0.006992665045035198,0.656169353014165,0.008758262665554116
RA/RA21,0.0,0.006291548357178295,0.15944368055107672,0.10956626654317295,0.013850202958898675,0.011770409192440809,0.0,0.011770409192440812,0.3333323929980756,0.009511927036931855,0.008543742031840454,0.008595891501021332,0.006992665045035198,0.6561693530141649,0.008758262665554116
RA/RA22,0.0,0.006291548357178295,0.15944368055107672,0.10956626654317295,0.013850202958898675,0.011770409192440809,0.0,0.011770409192440812,0.3333323929980756,0.009511927036931855,0.008543742031840454,0.008595891501021332,0.006992665045035198,0.6561693530141649,0.008758262665554116
RA/RA16,0.0,0.008380607585904485,0.1646585784781035,0.11595779904032663,0.018449054095122742,0.015678681139726623,0.0,0.015678681139726623,0.3332732630506154,0.012670287718814082,0.011380624485284234,0.011450089776212103,0.009314524564569023,0.6566210466093163,0.011666375010937044
UFLP/UFLP1,0.07401926528072125,0.5648790304908823,0.051701089669393546,0.07700410343541511,0.22205779584216376,0.3288995194420016,0.27425111706914745,0.264197974633739,0.0025388398537863443,0.46513416105287214,0.33266636701383046,0.4410123896505189,0.3587588234647,0.010467904883688794,0.3169471857180855
UFLP/UFLP2,0.05287387614491326,0.5507056694743047,0.03517278658235456,0.052386688818722923,0.21149550457965305,0.32279229261977777,0.267142729203188,0.256766596402096,0.001727199038067214,0.4415832657864782,0.33015565103875255,0.44066215150485877,0.33749937130983987,0.007121424070416342,0.3138807844317693
UFLP/UFLP3,0.03812575090597313,0.540349061536743,0.02663013282862286,0.039663177622503126,0.2058790548922549,0.31937791430846424,0.2568380428431398,0.2527251321919152,0.0013077024675740231,0.4281032608276817,0.32858763017509607,0.4401149669999586,0.3233808333817773,0.005391795400688551,0.3120400882238794
UFLP/UFLP5,0.08735706972682654,0.5714285714285715,0.06101729972694637,0.09087975687879961,0.227128381289749,0.3308948709391921,0.2795326960098374,0.26726124191242445,0.002996322772069248,0.47695516832116774,0.332564397284216,0.43915503282684,0.3704792868174742,0.01235415527768502,0.31723996926431763
UFLP/UFLP6,0.08735706972682654,0.5714285714285715,0.06101729972694637,0.09087975687879961,0.227128381289749,0.3308948709391921,0.2795326960098374,0.26726124191242445,0.002996322772069248,0.47695516832116774,0.332564397284216,0.43915503282684,0.3704792868174742,0.01235415527768502,0.31723996926431763
UFLP/UFLP7,0.0641025641025641,0.5590852462516898,0.04477445705703202,0.06668750977071404,0.21794871794871795,0.32686022523030667,0.2698959481797065,0.26148818018424536,0.002198699809519344,0.4556465897564382,0.33215949920268434,0.4416041723243169,0.3495310368212778,0.009065471553673685,0.31617813441235476
UFLP/UFLP8,0.018751949434877686,0.5230314345818344,0.012883170819775124,0.019188319331872254,0.19551212853413455,0.3117054943142724,0.24591847233781447,0.24452758605688615,0.0006326425173925359,0.40479582204878684,0.32378082255249735,0.436141689784271,0.30194956722686855,0.002608451922466084,0.30691721784675574
UFLP/UFLP9,0.13344012817090595,0.5819143739626463,0.09320546490018002,0.13882112167876096,0.2401922307076307,0.3304867113278891,0.35957325998039574,0.2721655269759087,0.004576958636509081,0.5086180942860988,0.32455588011159797,0.4223683957499602,0.4042260417272216,0.01887128390240993,0.3110068428986348
UFLP/UFLP10,0.17471413945365308,1.0,0.12203459945389274,0.1817595137575992,0.24459979523511427,0.31816814513383856,0.29424494316824984,0.2672612419124244,0.005992645544138496,0.5219509389175043,0.30485069751053134,0.39036002917941326,0.4234048992199705,0.024708310555370042,0.2935653446923537
AP/AP2,0.10256410256410257,0.2795426231258449,0.0,0.0,0.15384615384615385,0.25214931660623663,0.4966085446506601,0.19611613513818404,0.0,0.18490006540840973,0.26437184630417737,0.3580574370197165,0.42720460055933956,0.0,0.25016291953504993
AP/AP3,0.05847053462046862,0.27888667551135854,0.0,0.0,0.17541160386140583,0.28749445424997294,0.3200378765462651,0.223606797749979,0.0,0.1957600456294711,0.3014302822441094,0.408248290463863,0.4428074427700477,0.0,0.285229613124917
AP/AP4,0.03307592922378892,0.2704493615131253,0.0,0.0,0.18191761073083906,0.29815760795873286,0.28548735576734446,0.23190036174568116,0.0,0.19592214659998158,0.3126103150570176,0.42339019740572553,0.4383570037596046,0.0,0.2958087639992383
AP/AP5,0.0507959545172973,0.27689287021395476,0.0,0.0,0.17778584081054052,0.29138575870717925,0.31011165661010875,0.22663336788336166,0.0,0.19622937706955573,0.3055102113818506,0.41377402624361337,0.4423895026648717,0.0,0.2890902624295299
Mixture/Mixture2,0.0,0.2532360044361732,0.003261179104231782,0.003946500778203659,0.18769200664945535,0.30541101407141497,0.23353776957572492,0.2380709463808357,0.00016014384867134304,0.19239037781644328,0.6127265530055273,0.561141014855427,0.2814560829600605,0.0006602900033648778,0.6030576143755884
Others/Other1,0.0,0.0890870806374748,0.3551424026022887,0.3400409136337804,0.19611613513818404,0.16666666666666666,0.0,0.16666666666666666,0.24664669113198126,0.13468700594029479,0.12097769771854962,0.12171612389003691,0.09901475429766743,0.2773500981126146,0.12401526747230456
Mixture/Mixture3,0.057416925176321465,0.6520506636966263,0.1671027572925117,0.2022186272563593,0.421057451293024,0.46006717724716556,0.3626203338114211,0.3659625273556999,0.008205767859143686,0.5076910900875892,0.4275536215895702,0.5345224838248488,0.4058397249567139,0.03383324762254793,0.41235460420927855
Others/Other2,0.0,0.0890870806374748,0.32977508813069667,0.3400409136337804,0.19611613513818404,0.16666666666666666,0.0,0.16666666666666666,0.24664669113198126,0.13468700594029479,0.12097769771854962,0.12171612389003691,0.09901475429766743,0.2773500981126146,0.12401526747230456
Mixture/Mixture4,0.28725424753651374,0.2586018747822357,0.012160108263276934,0.11319614350477945,0.010445609001327771,0.008877060688188458,0.0,0.008877060688188458,0.0005971357215598559,0.39096928528506353,0.0064435581873893,0.006482888511017536,0.2874199144169533,0.0024620536528207025,0.00660534633368143
UFLP/UFLP4,0.032117526590541415,0.5314784187179246,0.0160239279397557,0.023866193389828014,0.19729337762761157,0.31249588091964886,0.2627265263461558,0.24565184222025874,0.000786872909793537,0.41121309550224255,0.3238698482178772,0.4356826551818107,0.3127263017169637,0.0032443601210158705,0.30713269358156764
Others/Other3,0.27734302312573506,0.25286978007399374,0.0023061783232448375,0.09295547438640873,0.00198102159375525,0.0016835446272344499,0.0,0.0016835446272344499,0.00011324746682192779,0.38230317266250496,0.0012220281180555456,0.0012294871585372459,0.28104904733851427,0.00046693126754043975,0.0012527114234882493
Mixture/Mixture5,0.0,0.0009617136416829028,0.14595962900115017,0.09314687179593042,0.0021171146384740863,0.00179920147568205,0.0,0.0017992014756820502,0.33306737276928844,0.0014539743590578525,0.0013059795135589888,0.0013139509783035219,0.0010688849522799532,0.6542004133100633,0.0013387707134596472
UFLP/UFLP11,0.04617850138072114,0.549869796134899,0.039657578239740254,0.05906638092734122,0.21575201464763155,0.32672847703019975,0.2498889346553791,0.26055562092281753,0.0019474297501955078,0.4476365335503778,0.3332264309811931,0.4439934833108201,0.33595836802039303,0.008029458558526294,0.3169739168643836
Mixture/Mixture6,0.12106054604509812,0.292656120819149,0.4558809075630112,0.5876167998799926,0.528455600996863,0.40181367128412443,0.07091624534916431,0.39184501150035805,0.022386542026529736,0.43432111176051885,0.31392730505929456,0.34104373717774805,0.3571582195138485,0.09230207736771094,0.31610370887123435
Others/Other4,0.0,0.26463616768343307,0.011117871200155406,0.013454240304203452,0.21010705869803722,0.3316052356948427,0.24126269555298377,0.2516025739362967,0.0005459555044722339,0.2033255842221087,0.3353823761404818,0.49714752654313393,0.2941266560084034,0.002251032211826396,0.3166269042790467
Others/Other5,0.7113735469577194,0.3410988135604696,0.1380225787623235,0.24411694582817695,0.15808301043504872,0.1655318943253886,0.22740958807986472,0.15113781655796352,0.00677775315616983,0.3121299332803661,0.14105035351587275,0.1747611374440682,0.31925064046021734,0.02794539216725168,0.1392366615388613
Mixture/Mixture7,0.2917607839254026,0.14884088645784974,0.03200882493869928,0.1281245568686822,0.02749578068406935,0.023366920374922866,0.028298745898921243,0.02336692037492287,0.0015718291615688727,0.21204398410777714,0.01696125737838502,0.017064785851696438,0.1654273963925545,0.006480817658574509,0.017387129281800615
Others/Other6,0.37993976240324606,0.16429260036545865,0.00765521845919239,0.09477710072252016,0.009498494060081152,0.009580155144151439,0.10028822997164659,0.007451231778784454,0.0003759180674511789,0.2017204038691826,0.006760746493234773,0.008162415452879178,0.18260101623835023,0.0015499498986792748,0.006534470264454634
Others/Other7,0.26762794310134186,0.2978037965182333,0.2197793145024389,0.3367839800452138,0.19847343584001317,0.1763100909892043,0.047168978250074683,0.17278388916942025,0.010792509137906145,0.2945775439690832,0.1330966346887129,0.13970317351516592,0.23567355458318862,0.04449865514103084,0.13512658430913183
Mixture/Mixture8,0.0,0.30361335602843254,0.2778850071883642,0.3362812535186858,0.47740991602628857,0.8954829114767001,0.18090680674665816,0.3854343923184502,0.013645854188585408,0.31147802572673405,0.49013002733172634,0.5370370370370371,0.33744737882902065,0.056263298171314806,0.4700907671230698
Mixture/Mixture9,0.07792865001991967,0.17699808135119718,0.5644771243350627,0.7431520681759386,0.31171460007967866,0.2649064714130087,0.0,0.26490647141300877,0.11137211017068305,0.2675959461661983,0.19228665013374346,0.19346033336266977,0.19672236884115843,0.16531163063339513,0.19711468144457212
UFLP/UFLP12,0.030613264932110213,0.5340012526098762,0.021382800130821684,0.031847749506667494,0.2020475485519274,0.3166552029633346,0.25263102516331293,0.24975621642178505,0.0010500263244899368,0.41943524640393054,0.32696872900863655,0.4388907395030937,0.3153017676423058,0.004329369445551093,0.31028893953815634
UFLP/UFLP13,0.30482548396942866,0.15883213124963438,0.020874016711107807,0.1185304822454052,0.01793091082173109,0.015238344029416479,0.030198356310450897,0.015238344029416479,0.0010250419454144609,0.22627786434233257,0.011060998666332074,0.011128513018580763,0.176532044127192,0.004226356211632435,0.011338723863858481
Mixture/Mixture10,0.0,0.09128397387942652,0.5367654682202573,0.4733777828119886,0.20095237187239723,0.17077667758001788,0.0,0.17077667758001788,0.24570256811681473,0.13800839632610204,0.12396101566592167,0.12471765147515007,0.10145646462214464,0.27729176460335025,0.1270734920887046
Mixture/Mixture11,0.27456258919345766,0.2672612419124244,0.04566116604886569,0.14451738829435667,0.03922322702763681,0.03333333333333333,0.0,0.03333333333333333,0.0022422426466543748,0.40406101782088427,0.024195539543709923,0.024343224778007384,0.2970442628930023,0.009245003270420486,0.02480305349446091
Mixture/Mixture12,0.010594586159171427,0.22739829885051785,0.27647680834065025,0.28673939183435404,0.2728105935986642,0.31544990199010764,0.15166447891614193,0.2768627580157826,0.2003194581456308,0.2264674187181953,0.2849926234044088,0.35013731482217963,0.2527390787449401,0.41390558036509284,0.27779217864520706
AP/AP1,0.030397383505836883,0.26926023193385334,0.0,0.0,0.1823843010350213,0.2989224996269639,0.2815657636845774,0.2324952774876386,0.0,0.19571308012542535,0.3134122836099155,0.42447635997800887,0.4373887927403243,0.0,0.2965676299578223
Mixture/Mixture13,0.0,0.0037405727779138338,0.2964579458310629,0.10172774663479638,0.008234490019857897,0.0069979708826234084,0.0,0.0069979708826234084,0.33327999951507437,0.0056552144750274536,0.00507959043648736,0.00511059534556957,0.004157414205151126,0.3286570195764966,0.005207131384631648
Mixture/Mixture14,0.0,0.2635980398765965,0.011687365146654076,0.014143410764091062,0.384178954213316,0.5189864000072657,0.24009451324933295,0.250839363836297,0.0005739211418912229,0.2027088173224746,0.36751356886721537,0.538345970481837,0.2929728414598968,0.0023663374887926123,0.3263156357255699
Mixture/Mixture15,0.08261249063672214,0.061738432574470675,0.14219002856385424,0.09746656593035888,0.011992135737588698,0.010191355689269696,0.139131885309364,0.010191355689269696,0.29821197521583986,0.029511828461596973,0.007397560487512142,0.0074427138700954975,0.06861843140825584,0.29490583520000146,0.007583302210261046
Mixture/Mixture16,0.0,0.20825971319606196,0.32872017042944746,0.3637235361998401,0.3075283763765667,0.320902506890271,0.0953234605145064,0.29341621079688596,0.14916229536028622,0.23711610555947377,0.39254326222320446,0.3723569793106317,0.23146773005306626,0.18810559170788618,0.39217327763016524
Mixture/Mixture17,0.19360680904458039,0.39401511489498775,0.0,0.0,0.1923246447462719,0.315214430305513,0.5711501703288497,0.2451667791265101,0.0,0.24798605356867978,0.33049393923888487,0.4476112509282543,0.43792331628480063,0.0,0.3127312150837464
UFLP/UFLP14,0.04151129011555983,0.5430753866417045,0.02899486943591365,0.04318523921675092,0.20755645057779912,0.3205241300480998,0.25867169528826306,0.254000254000381,0.0014238255044517444,0.4319079882072444,0.32923249230956697,0.4405519509721598,0.32694704563810695,0.005870582947302891,0.3127491008476276
Others/Other8,0.0,0.35829472886456,0.02022492132581456,0.024475094804778334,0.32082756470489243,0.4880720105617596,0.3247783700619937,0.3425362770753231,0.0009931673902816923,0.276811113511263,0.4697128801832216,0.6609649449720139,0.3982223268606073,0.0040949340540504565,0.4403871311284024
Mixture/Mixture18,0.0,0.3019535848123212,0.0333545034612505,0.04036379777351416,0.240674506343946,0.37184837884548333,0.26780873690087825,0.5064651446202281,0.001637910211026131,0.2380940523168475,0.3820178719347207,0.5112383684990504,0.3356026462597454,0.006753276805338451,0.36287964291106634
