problem_id,true_label,predicted_label,assigned_route,classification_correct,final_ok,solution_correct,final_objective,label_objective,pipeline_stage,execution_error_type,execution_error,external_deadline_exceeded,seconds,cache_source,classification_source,repair_count,retry_count,protocol_retry_count,api_retry_count,api_retry_events,protocol_retry_events,fallback_count,notebook_source_sha256,failure_stage,failure_type,cause_confirmed,cause_evidence
OR-001,TP,TP,TP,True,True,True,172752.82458839755,172752.8246,completed,,,False,16.762,computed,final_full_cache,0,0,0,0,[],[],0,5ddad9b79a56ba8572d74f743afee427e23d6237567f19eb1ea2dfbd1fc32a81,none,objective_match,False,
OR-002,TP,TP,TP,True,True,True,6464420.6996351,6464420.7,completed,,,False,15.629,computed,final_full_cache,0,0,0,0,[],[],0,5ddad9b79a56ba8572d74f743afee427e23d6237567f19eb1ea2dfbd1fc32a81,none,objective_match,False,
OR-003,TP,TP,TP,True,True,True,36778.51094448115,36778.51094,completed,,,False,17.16,computed,final_full_cache,0,0,0,0,[],[],0,5ddad9b79a56ba8572d74f743afee427e23d6237567f19eb1ea2dfbd1fc32a81,none,objective_match,False,
OR-004,TP,TP,TP,True,True,True,913520.1122932937,913520.1123,completed,,,False,11.958,computed,final_full_cache,0,0,0,0,[],[],0,5ddad9b79a56ba8572d74f743afee427e23d6237567f19eb1ea2dfbd1fc32a81,none,objective_match,False,
OR-005,TP,TP,TP,True,False,False,,2710.934184,solve,ValueError,"ValueError: Missing suppliers in transportation_costs.csv: {'supplier8', 'supplier2', 'supplier5', 'supplier6', 'supplier7', 'supplier4', 'supplier3', 'supplier1'}",False,11.342,computed,final_full_cache,0,0,0,0,[],[],0,5ddad9b79a56ba8572d74f743afee427e23d6237567f19eb1ea2dfbd1fc32a81,modeling_data_mapping_and_code_generation,source_identifier_alias_not_mapped,True,"Supply table uses supplier1..supplier8; cost-matrix row labels use supply1..supply8. The model maps the cost row to raw supplier i and generated code requires exact matching, rejecting every supplier. No source values were changed."
OR-006,TP,TP,TP,True,True,True,6340.972286592268,6340.972287,completed,,,False,11.724,computed,final_full_cache,0,0,0,0,[],[],0,5ddad9b79a56ba8572d74f743afee427e23d6237567f19eb1ea2dfbd1fc32a81,none,objective_match,False,
OR-007,TP,TP,TP,True,True,True,10291.2770066575,10291.27701,completed,,,False,11.569,computed,final_full_cache,0,0,0,0,[],[],0,5ddad9b79a56ba8572d74f743afee427e23d6237567f19eb1ea2dfbd1fc32a81,none,objective_match,False,
OR-008,TP,TP,TP,True,True,True,660.0,660.0,completed,,,False,13.251,computed,final_full_cache,0,0,0,0,[],[],0,5ddad9b79a56ba8572d74f743afee427e23d6237567f19eb1ea2dfbd1fc32a81,none,objective_match,False,
OR-009,TP,TP,TP,True,True,True,238781.5119254966,238781.5119,completed,,,False,13.511,computed,final_full_cache,0,0,0,0,[],[],0,5ddad9b79a56ba8572d74f743afee427e23d6237567f19eb1ea2dfbd1fc32a81,none,objective_match,False,
OR-010,NRM,NRM,NRM,True,True,True,4003445.2099999995,4003445.21,completed,,,False,11.676,computed,final_full_cache,0,0,0,0,[],[],0,5ddad9b79a56ba8572d74f743afee427e23d6237567f19eb1ea2dfbd1fc32a81,none,objective_match,False,
OR-011,NRM,NRM,NRM,True,True,True,3552260.54,3552260.54,completed,,,False,13.982,computed,final_full_cache,0,0,0,0,[],[],0,5ddad9b79a56ba8572d74f743afee427e23d6237567f19eb1ea2dfbd1fc32a81,none,objective_match,False,
OR-012,NRM,NRM,NRM,True,True,True,83748.37000000001,83748.37,completed,,,False,10.761,computed,final_full_cache,0,0,0,0,[],[],0,5ddad9b79a56ba8572d74f743afee427e23d6237567f19eb1ea2dfbd1fc32a81,none,objective_match,False,
OR-013,NRM,NRM,NRM,True,False,False,,532.3,formulation,BadRequestError,"BadRequestError: Error code: 400 - {'error': {'message': ""This model's maximum context length is 1047576 tokens. However, your messages resulted in 1843023 tokens. Please reduce the length of the messages."", 'type': 'invalid_request_error', 'param': 'messages', 'code': 'context_length_exceeded'}}",False,4.348,computed,final_full_cache,0,0,0,0,[],[],0,5ddad9b79a56ba8572d74f743afee427e23d6237567f19eb1ea2dfbd1fc32a81,formulation_input,context_length_exceeded,True,API reports 1843023 input tokens versus a maximum of 1047576; complete CSV Observation was retained without sampling or compression.
OR-014,NRM,NRM,NRM,True,True,True,1794269.0,1794269.0,completed,,,False,11.066,computed,final_full_cache,0,0,0,0,[],[],0,5ddad9b79a56ba8572d74f743afee427e23d6237567f19eb1ea2dfbd1fc32a81,none,objective_match,False,
OR-015,NRM,NRM,NRM,True,False,False,,29660.0,solve,ValueError,ValueError: No products classified under 'Aalop' found in source data.,False,16.038,computed,final_full_cache,0,0,0,0,[],[],0,5ddad9b79a56ba8572d74f743afee427e23d6237567f19eb1ea2dfbd1fc32a81,code_generation,exact_identifier_match_used_for_family_code,True,Generated code compares Product Name casefold exactly to aalop; the source contains Aalopuri. It rejects all current products before constructing the model.
OR-016,NRM,NRM,NRM,True,True,True,1568955.0,1568955.0,completed,,,False,9.885,computed,final_full_cache,0,0,0,0,[],[],0,5ddad9b79a56ba8572d74f743afee427e23d6237567f19eb1ea2dfbd1fc32a81,none,objective_match,False,
OR-017,NRM,NRM,NRM,True,True,True,2015.08,2015.08,completed,,,False,22.119,computed,final_full_cache,0,0,0,0,[],[],0,5ddad9b79a56ba8572d74f743afee427e23d6237567f19eb1ea2dfbd1fc32a81,none,objective_match,False,
OR-018,NRM,NRM,NRM,True,True,True,782819438.64,782819438.6,completed,,,False,10.884,computed,final_full_cache,0,0,0,0,[],[],0,5ddad9b79a56ba8572d74f743afee427e23d6237567f19eb1ea2dfbd1fc32a81,none,objective_match,False,
OR-019,NRM,NRM,NRM,True,True,True,7123134.6899999995,7123134.69,completed,,,False,9.034,computed,final_full_cache,0,0,0,0,[],[],0,5ddad9b79a56ba8572d74f743afee427e23d6237567f19eb1ea2dfbd1fc32a81,none,objective_match,False,
OR-020,NRM,NRM,NRM,True,True,True,11258129.67,11258129.67,completed,,,False,12.095,computed,final_full_cache,0,0,0,0,[],[],0,5ddad9b79a56ba8572d74f743afee427e23d6237567f19eb1ea2dfbd1fc32a81,none,objective_match,False,
OR-021,NRM,NRM,NRM,True,True,True,6020981.48,6020981.48,completed,,,False,13.363,computed,final_full_cache,0,0,0,0,[],[],0,5ddad9b79a56ba8572d74f743afee427e23d6237567f19eb1ea2dfbd1fc32a81,none,objective_match,False,
OR-022,NRM,NRM,NRM,True,True,True,4049812.4247,4049812.425,completed,,,False,13.499,computed,final_full_cache,0,0,0,0,[],[],0,5ddad9b79a56ba8572d74f743afee427e23d6237567f19eb1ea2dfbd1fc32a81,none,objective_match,False,
OR-023,NRM,NRM,NRM,True,True,False,63298.0,63628.0,completed,,,False,13.609,computed,final_full_cache,0,0,0,0,[],[],0,5ddad9b79a56ba8572d74f743afee427e23d6237567f19eb1ea2dfbd1fc32a81,code_generation,fractional_revenue_truncated_to_integer,True,Generated to_int_series converts Revenue through float to int. Original Revenue contains fractional coefficients; the mathematical model does not require rounding them.
OR-024,NRM,NRM,NRM,True,True,False,1260771.0,1264095.5,completed,,,False,14.413,computed,final_full_cache,0,0,0,0,[],[],0,5ddad9b79a56ba8572d74f743afee427e23d6237567f19eb1ea2dfbd1fc32a81,code_generation,fractional_revenue_truncated_to_integer,True,Generated to_int_series uses pd.to_numeric(...).astype(int) for Revenue. Original Revenue contains fractional coefficients; the mathematical model does not require rounding them.
OR-025,NRM,NRM,NRM,True,True,True,5486959.829999999,5486959.83,completed,,,False,11.184,computed,final_full_cache,0,0,0,0,[],[],0,5ddad9b79a56ba8572d74f743afee427e23d6237567f19eb1ea2dfbd1fc32a81,none,objective_match,False,
OR-026,NRM,NRM,NRM,True,True,True,8851.75,8851.75,completed,,,False,18.41,computed,final_full_cache,0,0,0,0,[],[],0,5ddad9b79a56ba8572d74f743afee427e23d6237567f19eb1ea2dfbd1fc32a81,none,objective_match,False,
OR-027,NRM,NRM,NRM,True,True,True,784297054.11,784297054.1,completed,,,False,12.153,computed,final_full_cache,0,0,0,0,[],[],0,5ddad9b79a56ba8572d74f743afee427e23d6237567f19eb1ea2dfbd1fc32a81,none,objective_match,False,
OR-028,NRM,NRM,NRM,True,True,True,285816.0,285816.0,completed,,,False,10.978,computed,final_full_cache,0,0,0,0,[],[],0,5ddad9b79a56ba8572d74f743afee427e23d6237567f19eb1ea2dfbd1fc32a81,none,objective_match,False,
OR-029,NRM,NRM,NRM,True,True,True,5090631.58,5090631.58,completed,,,False,15.212,computed,final_full_cache,0,0,0,0,[],[],0,5ddad9b79a56ba8572d74f743afee427e23d6237567f19eb1ea2dfbd1fc32a81,none,objective_match,False,
OR-030,NRM,NRM,NRM,True,True,True,34856.759999999995,34856.76,completed,,,False,29.537,computed,final_full_cache,0,0,0,0,[],[],0,5ddad9b79a56ba8572d74f743afee427e23d6237567f19eb1ea2dfbd1fc32a81,none,objective_match,False,
OR-031,NRM,NRM,NRM,True,True,True,67016511.28,67016511.28,completed,,,False,9.776,computed,final_full_cache,0,0,0,0,[],[],0,5ddad9b79a56ba8572d74f743afee427e23d6237567f19eb1ea2dfbd1fc32a81,none,objective_match,False,
OR-032,NRM,NRM,NRM,True,True,True,1240406.25,1240406.25,completed,,,False,12.267,computed,final_full_cache,0,0,0,0,[],[],0,5ddad9b79a56ba8572d74f743afee427e23d6237567f19eb1ea2dfbd1fc32a81,none,objective_match,False,
OR-033,NRM,NRM,NRM,True,True,True,195506188.0,195506188.0,completed,,,False,9.083,computed,final_full_cache,0,0,0,0,[],[],0,5ddad9b79a56ba8572d74f743afee427e23d6237567f19eb1ea2dfbd1fc32a81,none,objective_match,False,
OR-034,NRM,NRM,NRM,True,True,True,914600.2500000002,914600.25,completed,,,False,12.523,computed,final_full_cache,0,0,0,0,[],[],0,5ddad9b79a56ba8572d74f743afee427e23d6237567f19eb1ea2dfbd1fc32a81,none,objective_match,False,
OR-035,RA,RA,RA,True,True,True,150660.0,150660.0,completed,,,False,10.122,computed,final_full_cache,0,0,0,0,[],[],0,5ddad9b79a56ba8572d74f743afee427e23d6237567f19eb1ea2dfbd1fc32a81,none,objective_match,False,
OR-036,RA,RA,RA,True,True,True,509925.0,509925.0,completed,,,False,10.704,computed,final_full_cache,0,0,0,0,[],[],0,5ddad9b79a56ba8572d74f743afee427e23d6237567f19eb1ea2dfbd1fc32a81,none,objective_match,False,
OR-037,RA,RA,RA,True,True,True,722376.0,722376.0,completed,,,False,14.95,computed,final_full_cache,0,0,0,0,[],[],0,5ddad9b79a56ba8572d74f743afee427e23d6237567f19eb1ea2dfbd1fc32a81,none,objective_match,False,
OR-038,RA,RA,RA,True,True,True,1314500.0,1314500.0,completed,,,False,11.924,computed,final_full_cache,0,0,0,0,[],[],0,5ddad9b79a56ba8572d74f743afee427e23d6237567f19eb1ea2dfbd1fc32a81,none,objective_match,False,
OR-039,RA,RA,RA,True,True,True,429000.0,429000.0,completed,,,False,11.961,computed,final_full_cache,0,0,0,0,[],[],0,5ddad9b79a56ba8572d74f743afee427e23d6237567f19eb1ea2dfbd1fc32a81,none,objective_match,False,
OR-040,RA,RA,RA,True,True,True,74260.0,74260.0,completed,,,False,15.072,computed,final_full_cache,0,0,0,0,[],[],0,5ddad9b79a56ba8572d74f743afee427e23d6237567f19eb1ea2dfbd1fc32a81,none,objective_match,False,
OR-041,RA,RA,RA,True,True,True,3912.0,3912.0,completed,,,False,11.741,computed,final_full_cache,0,0,0,0,[],[],0,5ddad9b79a56ba8572d74f743afee427e23d6237567f19eb1ea2dfbd1fc32a81,none,objective_match,False,
OR-042,RA,RA,RA,True,True,True,81918.0,81918.0,completed,,,False,195.055,computed,final_full_cache,0,0,0,1,"[{""endpoint"": ""/v1/chat/completions"", ""retry_index"": 1}]",[],0,5ddad9b79a56ba8572d74f743afee427e23d6237567f19eb1ea2dfbd1fc32a81,none,objective_match,False,
OR-043,RA,RA,RA,True,True,True,13570.0,13570.0,completed,,,False,194.335,computed,final_full_cache,0,0,0,1,"[{""endpoint"": ""/v1/chat/completions"", ""retry_index"": 1}]",[],0,5ddad9b79a56ba8572d74f743afee427e23d6237567f19eb1ea2dfbd1fc32a81,none,objective_match,False,
OR-044,RA,RA,RA,True,True,True,8000.0,8000.0,completed,,,False,10.139,computed,final_full_cache,0,0,0,0,[],[],0,5ddad9b79a56ba8572d74f743afee427e23d6237567f19eb1ea2dfbd1fc32a81,none,objective_match,False,
OR-045,RA,RA,RA,True,True,True,885.0,885.0,completed,,,False,194.449,computed,final_full_cache,0,0,0,1,"[{""endpoint"": ""/v1/chat/completions"", ""retry_index"": 1}]",[],0,5ddad9b79a56ba8572d74f743afee427e23d6237567f19eb1ea2dfbd1fc32a81,none,objective_match,False,
OR-046,RA,RA,RA,True,True,True,212.0,212.0,completed,,,False,10.356,computed,final_full_cache,0,0,0,0,[],[],0,5ddad9b79a56ba8572d74f743afee427e23d6237567f19eb1ea2dfbd1fc32a81,none,objective_match,False,
OR-047,RA,RA,RA,True,True,True,5433.0,5433.0,completed,,,False,12.644,computed,final_full_cache,0,0,0,0,[],[],0,5ddad9b79a56ba8572d74f743afee427e23d6237567f19eb1ea2dfbd1fc32a81,none,objective_match,False,
OR-048,RA,RA,RA,True,True,True,635052.0,635052.0,completed,,,False,15.795,computed,final_full_cache,0,0,0,0,[],[],0,5ddad9b79a56ba8572d74f743afee427e23d6237567f19eb1ea2dfbd1fc32a81,none,objective_match,False,
OR-049,RA,RA,RA,True,True,True,85500.0,85500.0,completed,,,False,11.206,computed,final_full_cache,0,0,0,0,[],[],0,5ddad9b79a56ba8572d74f743afee427e23d6237567f19eb1ea2dfbd1fc32a81,none,objective_match,False,
OR-050,Mixture,RA,RA,False,True,True,80250.0,80250.0,completed,,,False,13.554,computed,final_full_cache,0,0,0,0,[],[],0,5ddad9b79a56ba8572d74f743afee427e23d6237567f19eb1ea2dfbd1fc32a81,none,objective_match,False,
OR-051,RA,RA,RA,True,True,True,594900.0,594900.0,completed,,,False,12.648,computed,final_full_cache,0,0,0,0,[],[],0,5ddad9b79a56ba8572d74f743afee427e23d6237567f19eb1ea2dfbd1fc32a81,none,objective_match,False,
OR-052,RA,RA,RA,True,True,True,30240.0,30240.0,completed,,,False,11.166,computed,final_full_cache,0,0,0,0,[],[],0,5ddad9b79a56ba8572d74f743afee427e23d6237567f19eb1ea2dfbd1fc32a81,none,objective_match,False,
OR-053,RA,RA,RA,True,True,True,41040.0,41040.0,completed,,,False,14.459,computed,final_full_cache,0,0,0,0,[],[],0,5ddad9b79a56ba8572d74f743afee427e23d6237567f19eb1ea2dfbd1fc32a81,none,objective_match,False,
OR-054,RA,RA,RA,True,True,True,98670.0,98670.0,completed,,,False,15.634,computed,final_full_cache,0,0,0,0,[],[],0,5ddad9b79a56ba8572d74f743afee427e23d6237567f19eb1ea2dfbd1fc32a81,none,objective_match,False,
OR-055,RA,RA,RA,True,True,True,27088640.0,27088640.0,completed,,,False,14.473,computed,final_full_cache,0,0,0,0,[],[],0,5ddad9b79a56ba8572d74f743afee427e23d6237567f19eb1ea2dfbd1fc32a81,none,objective_match,False,
OR-056,RA,RA,RA,True,True,True,55642671.0,55642671.0,completed,,,False,13.266,computed,final_full_cache,0,0,0,0,[],[],0,5ddad9b79a56ba8572d74f743afee427e23d6237567f19eb1ea2dfbd1fc32a81,none,objective_match,False,
OR-057,RA,RA,RA,True,True,True,12502.0,12502.0,completed,,,False,12.28,computed,final_full_cache,0,0,0,0,[],[],0,5ddad9b79a56ba8572d74f743afee427e23d6237567f19eb1ea2dfbd1fc32a81,none,objective_match,False,
OR-058,FLP,FLP,FLP,True,True,True,35950.649999999994,35950.65,completed,,,False,15.841,computed,final_full_cache,0,0,0,0,[],[],0,5ddad9b79a56ba8572d74f743afee427e23d6237567f19eb1ea2dfbd1fc32a81,none,objective_match,False,
OR-059,FLP,FLP,FLP,True,True,True,1862205008776.57,1862205008487.07,completed,,,False,17.374,computed,final_full_cache,0,0,0,0,[],[],0,5ddad9b79a56ba8572d74f743afee427e23d6237567f19eb1ea2dfbd1fc32a81,none,objective_match,False,
OR-060,FLP,FLP,FLP,True,True,True,8643.2,8643.2,completed,,,False,17.695,computed,final_full_cache,0,0,0,0,[],[],0,5ddad9b79a56ba8572d74f743afee427e23d6237567f19eb1ea2dfbd1fc32a81,none,objective_match,False,
OR-061,FLP,FLP,FLP,True,True,True,10199.960000000001,10199.96,completed,,,False,14.418,computed,final_full_cache,0,0,0,0,[],[],0,5ddad9b79a56ba8572d74f743afee427e23d6237567f19eb1ea2dfbd1fc32a81,none,objective_match,False,
OR-062,FLP,FLP,FLP,True,False,False,,172612.46,solve,ValueError,ValueError: Store column 'CLARINDA' in transportation_costs.csv does not match any store in demand.csv.,False,19.308,computed,final_full_cache,0,0,0,0,[],[],0,5ddad9b79a56ba8572d74f743afee427e23d6237567f19eb1ea2dfbd1fc32a81,data_mapping_and_code_generation,unresolved_store_identifier_mapping,True,Demand-store identifiers and transport-matrix city identifiers cannot be joined by the generated mapping; execution rejects the CLARINDA column. No trusted mapping was supplied or invented.
OR-063,FLP,FLP,FLP,True,True,True,778095.44,778095.44,completed,,,False,18.426,computed,final_full_cache,0,0,0,0,[],[],0,5ddad9b79a56ba8572d74f743afee427e23d6237567f19eb1ea2dfbd1fc32a81,none,objective_match,False,
OR-064,FLP,FLP,FLP,True,True,True,18461.11,18461.11,completed,,,False,17.816,computed,final_full_cache,0,0,0,0,[],[],0,5ddad9b79a56ba8572d74f743afee427e23d6237567f19eb1ea2dfbd1fc32a81,none,objective_match,False,
OR-065,FLP,FLP,FLP,True,True,True,317318.5,317318.5,completed,,,False,17.032,computed,final_full_cache,0,0,0,0,[],[],0,5ddad9b79a56ba8572d74f743afee427e23d6237567f19eb1ea2dfbd1fc32a81,none,objective_match,False,
OR-066,FLP,FLP,FLP,True,True,True,11396.51,11396.51,completed,,,False,16.191,computed,final_full_cache,0,0,0,0,[],[],0,5ddad9b79a56ba8572d74f743afee427e23d6237567f19eb1ea2dfbd1fc32a81,none,objective_match,False,
OR-067,AP,AP,AP,True,True,True,9000.0,9000.0,completed,,,False,12.647,computed,final_full_cache,0,0,0,0,[],[],0,5ddad9b79a56ba8572d74f743afee427e23d6237567f19eb1ea2dfbd1fc32a81,none,objective_match,False,
OR-068,AP,AP,AP,True,True,True,9089.0,9089.0,completed,,,False,12.908,computed,final_full_cache,0,0,0,0,[],[],0,5ddad9b79a56ba8572d74f743afee427e23d6237567f19eb1ea2dfbd1fc32a81,none,objective_match,False,
OR-069,AP,AP,AP,True,True,True,4903.0,4903.0,completed,,,False,9.188,computed,final_full_cache,0,0,0,0,[],[],0,5ddad9b79a56ba8572d74f743afee427e23d6237567f19eb1ea2dfbd1fc32a81,none,objective_match,False,
OR-070,AP,AP,AP,True,True,True,8809.0,8809.0,completed,,,False,9.131,computed,final_full_cache,0,0,0,0,[],[],0,5ddad9b79a56ba8572d74f743afee427e23d6237567f19eb1ea2dfbd1fc32a81,none,objective_match,False,
OR-071,Mixture,RA,RA,False,True,True,24877.394636015328,24877.39,completed,,,False,14.215,computed,final_full_cache,0,0,0,0,[],[],0,5ddad9b79a56ba8572d74f743afee427e23d6237567f19eb1ea2dfbd1fc32a81,none,objective_match,False,
OR-072,Others,Others,Others,True,True,True,320.0,320.0,completed,,,False,13.732,computed,final_full_cache,0,0,0,0,[],[],0,5ddad9b79a56ba8572d74f743afee427e23d6237567f19eb1ea2dfbd1fc32a81,none,objective_match,False,
OR-073,Mixture,Mixture,Others,True,False,False,,1146.57,solve,ValueError,"ValueError: Processing time missing or invalid for equipment 'A1', product 'Product III'.",False,19.783,computed,final_full_cache,0,0,0,0,[],[],0,5ddad9b79a56ba8572d74f743afee427e23d6237567f19eb1ea2dfbd1fc32a81,code_generation,validation_of_query_forbidden_equipment_product_pairs,True,"The model restricts Product III to A2/B2, consistent with the query. Generated preprocessing nevertheless requires processing times for every product/equipment pair and rejects the empty A1/Product III field, which is not required by the model."
OR-074,Others,Others,Others,True,True,True,25.0,25.0,completed,,,False,14.871,computed,final_full_cache,0,0,0,0,[],[],0,5ddad9b79a56ba8572d74f743afee427e23d6237567f19eb1ea2dfbd1fc32a81,none,objective_match,False,
OR-075,Mixture,Mixture,Others,True,True,True,1514.0,1514.0,completed,,,False,11.673,computed,final_full_cache,0,0,0,0,[],[],0,5ddad9b79a56ba8572d74f743afee427e23d6237567f19eb1ea2dfbd1fc32a81,none,objective_match,False,
OR-076,FLP,FLP,FLP,True,True,True,103090.0,103090.0,completed,,,False,20.558,computed,final_full_cache,0,0,0,0,[],[],0,5ddad9b79a56ba8572d74f743afee427e23d6237567f19eb1ea2dfbd1fc32a81,none,objective_match,False,
OR-077,Others,Others,Others,True,True,True,133.0,133.0,completed,,,False,10.026,computed,final_full_cache,0,0,0,0,[],[],0,5ddad9b79a56ba8572d74f743afee427e23d6237567f19eb1ea2dfbd1fc32a81,none,objective_match,False,
OR-078,Mixture,Mixture,Others,True,True,True,152.76,152.76,completed,,,False,11.557,computed,final_full_cache,0,0,0,0,[],[],0,5ddad9b79a56ba8572d74f743afee427e23d6237567f19eb1ea2dfbd1fc32a81,none,objective_match,False,
OR-079,FLP,FLP,FLP,True,True,True,2965.0,2965.0,completed,,,False,20.37,computed,final_full_cache,0,0,0,0,[],[],0,5ddad9b79a56ba8572d74f743afee427e23d6237567f19eb1ea2dfbd1fc32a81,none,objective_match,False,
OR-080,Mixture,Mixture,Others,True,True,False,16470.0,14300.0,completed,,,False,32.131,computed,final_full_cache,0,0,0,0,[],[],0,5ddad9b79a56ba8572d74f743afee427e23d6237567f19eb1ea2dfbd1fc32a81,mathematical_model_and_code_generation,incorrect_time_boundary_and_minimum_down_time,True,"The model incorrectly keeps a shutdown truck off through t+2 instead of allowing restart then. Generated code also constrains period-2 load against zero instead of period-1 load, replacing an adjacent-period ramp constraint. No code was repaired or reexecuted."
OR-081,Others,Others,Others,True,True,True,3.910164341169253,3.91,completed,,,False,18.549,computed,final_full_cache,0,0,0,0,[],[],0,5ddad9b79a56ba8572d74f743afee427e23d6237567f19eb1ea2dfbd1fc32a81,none,objective_match,False,
OR-082,Others,Others,Others,True,True,True,199.0,199.0,completed,,,False,14.188,computed,final_full_cache,0,0,0,0,[],[],0,5ddad9b79a56ba8572d74f743afee427e23d6237567f19eb1ea2dfbd1fc32a81,none,objective_match,False,
OR-083,Mixture,Mixture,Others,True,True,True,34.0,34.0,completed,,,False,17.14,computed,final_full_cache,0,0,0,0,[],[],0,5ddad9b79a56ba8572d74f743afee427e23d6237567f19eb1ea2dfbd1fc32a81,none,objective_match,False,
OR-084,Others,Others,Others,True,False,False,,22.85,solve,TimeoutError,TimeoutError: External case deadline of 1800s exceeded; no rerun,True,1800.049,computed,final_full_cache,0,0,0,0,[],[],0,5ddad9b79a56ba8572d74f743afee427e23d6237567f19eb1ea2dfbd1fc32a81,solve,external_deadline_without_optimality_proof,True,"The 1,800-second common case deadline interrupts optimization. A feasible incumbent exists, but the solver gap remains approximately 0.08%, above the unchanged 0.01% requirement. The incumbent is not counted as a valid optimal result."
OR-085,Others,Others,Others,True,True,True,419.0,419.0,completed,,,False,49.068,computed,final_full_cache,0,0,0,0,[],[],0,5ddad9b79a56ba8572d74f743afee427e23d6237567f19eb1ea2dfbd1fc32a81,none,objective_match,False,
OR-086,Mixture,Mixture,Others,True,False,False,,4500.0,solve,ValueError,ValueError: Could not parse blending requirement part: 'I less than 10%  II more than 50%',False,60.953,computed,final_full_cache,0,0,0,0,[],[],0,5ddad9b79a56ba8572d74f743afee427e23d6237567f19eb1ea2dfbd1fc32a81,code_generation,source_text_parser_requires_unstated_delimiters,True,"The generated parser splits requirements only at semicolons or commas and anchors one requirement per part. The original field contains multiple requirements separated by spaces, causing rejection. No input string was rewritten."
OR-087,Mixture,Mixture,Others,True,True,False,495705.4,6243055.96,completed,,,False,27.772,computed,final_full_cache,0,0,0,0,[],[],0,5ddad9b79a56ba8572d74f743afee427e23d6237567f19eb1ea2dfbd1fc32a81,mathematical_model_unconfirmed,objective_mismatch_shared_capacity_semantics,False,The returned model includes one shared sum(x_i/quota_i) <= 22 constraint. It solves optimally but does not match the reference objective; the intended shared-versus-independent production capacity interpretation remains unresolved.
OR-088,FLP,FLP,FLP,True,True,True,150992.5,150992.5,completed,,,False,18.295,computed,final_full_cache,0,0,0,0,[],[],0,5ddad9b79a56ba8572d74f743afee427e23d6237567f19eb1ea2dfbd1fc32a81,none,objective_match,False,
OR-089,FLP,FLP,FLP,True,True,True,1555.4999999999993,1555.5,completed,,,False,16.06,computed,final_full_cache,0,0,0,0,[],[],0,5ddad9b79a56ba8572d74f743afee427e23d6237567f19eb1ea2dfbd1fc32a81,none,objective_match,False,
OR-090,Mixture,Mixture,Others,True,False,False,,108657.9,solve,ValueError,ValueError: Failed to convert column 'upper_demand_units' to int: cannot convert float NaN to integer,False,20.833,computed,final_full_cache,0,0,0,0,[],[],0,5ddad9b79a56ba8572d74f743afee427e23d6237567f19eb1ea2dfbd1fc32a81,code_generation,pandas_series_index_realignment_creates_nan,True,"Original upper_demand_units has 100 valid numeric values. Generated pd.Series(df[col], index=df[key_col]) aligns the existing numeric-indexed Series to string product identifiers, yielding NaN before integer conversion."
OR-091,Mixture,Others,Others,False,True,True,421.0,421.0,completed,,,False,11.715,computed,final_full_cache,0,0,0,0,[],[],0,5ddad9b79a56ba8572d74f743afee427e23d6237567f19eb1ea2dfbd1fc32a81,none,objective_match,False,
OR-092,Mixture,Mixture,Others,True,True,True,3148.9299999999994,3148.93,completed,,,False,19.603,computed,final_full_cache,0,0,0,0,[],[],0,5ddad9b79a56ba8572d74f743afee427e23d6237567f19eb1ea2dfbd1fc32a81,none,objective_match,False,
OR-093,AP,AP,AP,True,True,True,1577.6,1577.6,completed,,,False,10.947,computed,final_full_cache,0,0,0,0,[],[],0,5ddad9b79a56ba8572d74f743afee427e23d6237567f19eb1ea2dfbd1fc32a81,none,objective_match,False,
OR-094,Mixture,RA,RA,False,True,True,0.6000000000000001,0.6,completed,,,False,20.762,computed,final_full_cache,0,0,0,0,[],[],0,5ddad9b79a56ba8572d74f743afee427e23d6237567f19eb1ea2dfbd1fc32a81,none,objective_match,False,
OR-095,Mixture,Mixture,Others,True,True,True,1344480.0,1344480.0,completed,,,False,18.676,computed,final_full_cache,0,0,0,0,[],[],0,5ddad9b79a56ba8572d74f743afee427e23d6237567f19eb1ea2dfbd1fc32a81,none,objective_match,False,
OR-096,Mixture,Mixture,Others,True,True,True,5044.0,5044.0,completed,,,False,17.31,computed,final_full_cache,0,0,0,0,[],[],0,5ddad9b79a56ba8572d74f743afee427e23d6237567f19eb1ea2dfbd1fc32a81,none,objective_match,False,
OR-097,Mixture,Mixture,Others,True,False,False,,6.0,solve,TypeError,"TypeError: must be real number, not NoneType",False,18.995,computed,final_full_cache,0,0,0,0,[],[],0,5ddad9b79a56ba8572d74f743afee427e23d6237567f19eb1ea2dfbd1fc32a81,code_generation,gurobi_none_variable_bounds,True,"The generated program calls addVars(option_ids, lb=None, ub=None, vtype=GRB.INTEGER). Gurobi requires numeric bounds or infinity; execution raises TypeError before solve."
OR-098,Mixture,Others,Others,False,True,True,0.0,0.0,completed,,,False,30.732,computed,final_full_cache,0,0,0,0,[],[],0,5ddad9b79a56ba8572d74f743afee427e23d6237567f19eb1ea2dfbd1fc32a81,none,objective_match,False,
OR-099,FLP,FLP,FLP,True,False,False,,10419.0,solve,ValueError,"ValueError: Missing warehouses in TransportationCost.csv: ['1', '2', '3', '4', '5', '6', '7', '8', '9', '10', '11']",False,27.892,computed,final_full_cache,0,0,0,0,[],[],0,5ddad9b79a56ba8572d74f743afee427e23d6237567f19eb1ea2dfbd1fc32a81,data_mapping_and_code_generation,warehouse_identifier_alias_not_mapped,True,"Warehouse identities and transport-matrix row labels use different label forms. The returned model describes W-prefixed matrix labels, but generated runtime validation requires exact matching against unprefixed warehouse IDs and rejects warehouses 1..11."
OR-100,Others,RA,RA,False,True,False,1382045.0,1382200.722,completed,,,False,17.168,computed,final_full_cache,0,0,0,0,[],[],0,5ddad9b79a56ba8572d74f743afee427e23d6237567f19eb1ea2dfbd1fc32a81,classification_and_mathematical_model_unconfirmed,objective_mismatch_integer_domain_interpretation,False,"The cached classification selects RA and the model uses integer production quantities. The original query does not explicitly specify a domain. The objective mismatch is observed, but its full causal explanation has not been established."
OR-101,Mixture,RA,RA,False,True,True,25820.15355597092,25820.15,completed,,,False,381.196,computed,final_full_cache,0,0,0,2,"[{""endpoint"": ""/v1/chat/completions"", ""retry_index"": 1}, {""endpoint"": ""/v1/chat/completions"", ""retry_index"": 2}]",[],0,5ddad9b79a56ba8572d74f743afee427e23d6237567f19eb1ea2dfbd1fc32a81,none,objective_match,False,
