experiment,class,cases,classification_correct,solved,objective_match
Full ReAct v7 (existing),AP,5,5,5,5
Full ReAct v7 (existing),FLP,14,14,13,13
Full ReAct v7 (existing),NRM,25,25,25,25
Full ReAct v7 (existing),RA,22,22,22,22
Full ReAct v7 (existing),TP,9,9,9,9
Full ReAct v7 (existing),Others,8,7,6,5
Full ReAct v7 (existing),Mixture,18,12,16,15
Few-shot Only v7 (previous),AP,5,5,5,5
Few-shot Only v7 (previous),FLP,14,14,12,5
Few-shot Only v7 (previous),NRM,25,25,21,18
Few-shot Only v7 (previous),RA,22,22,12,12
Few-shot Only v7 (previous),TP,9,9,8,8
Few-shot Only v7 (previous),Others,8,7,5,4
Few-shot Only v7 (previous),Mixture,18,12,12,11
Few-shot Only direct model (new),AP,5,5,5,5
Few-shot Only direct model (new),FLP,14,14,12,12
Few-shot Only direct model (new),NRM,25,25,23,21
Few-shot Only direct model (new),RA,22,22,22,22
Few-shot Only direct model (new),TP,9,9,8,8
Few-shot Only direct model (new),Others,8,7,7,6
Few-shot Only direct model (new),Mixture,18,12,14,12
