problem_id,class,full_match,previous_few_match,new_few_match,change_vs_previous,change_vs_full
OR-001,TP,True,True,True,0,0
OR-002,TP,True,True,True,0,0
OR-003,TP,True,True,True,0,0
OR-004,TP,True,True,True,0,0
OR-005,TP,True,False,False,0,-1
OR-006,TP,True,True,True,0,0
OR-007,TP,True,True,True,0,0
OR-008,TP,True,True,True,0,0
OR-009,TP,True,True,True,0,0
OR-010,NRM,True,True,True,0,0
OR-011,NRM,True,True,True,0,0
OR-012,NRM,True,True,True,0,0
OR-013,NRM,True,False,False,0,-1
OR-014,NRM,True,True,True,0,0
OR-015,NRM,True,False,False,0,-1
OR-016,NRM,True,True,True,0,0
OR-017,NRM,True,False,True,1,0
OR-018,NRM,True,True,True,0,0
OR-019,NRM,True,True,True,0,0
OR-020,NRM,True,True,True,0,0
OR-021,NRM,True,True,True,0,0
OR-022,NRM,True,True,True,0,0
OR-023,NRM,True,False,False,0,-1
OR-024,NRM,True,True,False,-1,-1
OR-025,NRM,True,True,True,0,0
OR-026,NRM,True,True,True,0,0
OR-027,NRM,True,False,True,1,0
OR-028,NRM,True,True,True,0,0
OR-029,NRM,True,True,True,0,0
OR-030,NRM,True,False,True,1,0
OR-031,NRM,True,False,True,1,0
OR-032,NRM,True,True,True,0,0
OR-033,NRM,True,True,True,0,0
OR-034,NRM,True,True,True,0,0
OR-035,RA,True,False,True,1,0
OR-036,RA,True,True,True,0,0
OR-037,RA,True,False,True,1,0
OR-038,RA,True,True,True,0,0
OR-039,RA,True,False,True,1,0
OR-040,RA,True,True,True,0,0
OR-041,RA,True,True,True,0,0
OR-042,RA,True,True,True,0,0
OR-043,RA,True,True,True,0,0
OR-044,RA,True,True,True,0,0
OR-045,RA,True,True,True,0,0
OR-046,RA,True,False,True,1,0
OR-047,RA,True,True,True,0,0
OR-048,RA,True,False,True,1,0
OR-049,RA,True,True,True,0,0
OR-050,Mixture,False,True,True,0,1
OR-051,RA,True,False,True,1,0
OR-052,RA,True,False,True,1,0
OR-053,RA,True,False,True,1,0
OR-054,RA,True,False,True,1,0
OR-055,RA,True,True,True,0,0
OR-056,RA,True,True,True,0,0
OR-057,RA,True,False,True,1,0
OR-058,FLP,True,False,True,1,0
OR-059,FLP,True,True,True,0,0
OR-060,FLP,True,False,True,1,0
OR-061,FLP,True,False,True,1,0
OR-062,FLP,False,False,False,0,0
OR-063,FLP,True,True,True,0,0
OR-064,FLP,True,False,True,1,0
OR-065,FLP,True,False,True,1,0
OR-066,FLP,True,False,True,1,0
OR-067,AP,True,True,True,0,0
OR-068,AP,True,True,True,0,0
OR-069,AP,True,True,True,0,0
OR-070,AP,True,True,True,0,0
OR-071,Mixture,True,False,True,1,0
OR-072,Others,True,False,True,1,0
OR-073,Mixture,True,False,False,0,-1
OR-074,Others,False,True,True,0,1
OR-075,Mixture,True,True,True,0,0
OR-076,FLP,True,False,True,1,0
OR-077,Others,True,True,True,0,0
OR-078,Mixture,True,True,True,0,0
OR-079,FLP,True,True,True,0,0
OR-080,Mixture,True,True,False,-1,-1
OR-081,Others,True,True,True,0,0
OR-082,Others,True,True,True,0,0
OR-083,Mixture,True,False,True,1,0
OR-084,Others,False,False,False,0,0
OR-085,Others,True,False,True,1,0
OR-086,Mixture,True,False,False,0,-1
OR-087,Mixture,False,False,False,0,0
OR-088,FLP,True,True,True,0,0
OR-089,FLP,True,True,True,0,0
OR-090,Mixture,True,True,False,-1,-1
OR-091,Mixture,True,True,True,0,0
OR-092,Mixture,True,True,True,0,0
OR-093,AP,True,True,True,0,0
OR-094,Mixture,True,True,True,0,0
OR-095,Mixture,True,True,True,0,0
OR-096,Mixture,True,True,True,0,0
OR-097,Mixture,False,False,False,0,0
OR-098,Mixture,True,True,True,0,0
OR-099,FLP,True,False,False,0,-1
OR-100,Others,False,False,False,0,0
OR-101,Mixture,True,False,True,1,0
