run,benchmark,problem_id,before_solved,after_solved,before_correct,after_correct,before_objective,after_objective
full_v1,main,OR-008,True,True,True,True,660.0,660.0
full_v1,main,OR-007,True,True,True,True,10291.27700665753,10291.2770066575
full_v1,main,OR-005,True,True,True,True,2710.9341837593297,2710.9341837593297
full_v1,main,OR-010,True,True,True,True,4003445.2099999995,4003445.2099999995
full_v1,main,OR-009,True,True,True,True,238781.5119254966,238781.5119254966
full_v1,main,OR-006,True,True,True,True,6340.972286592268,6340.972286592268
full_v1,main,OR-003,True,True,True,True,36778.510945884,36778.51094448115
full_v1,main,OR-004,True,True,True,True,913520.1122996622,913520.1122049622
full_v1,main,OR-011,True,True,True,True,3552260.54,3552260.54
full_v1,main,OR-013,False,True,False,True,,532.3
full_v1,main,OR-012,True,True,True,True,83748.37000000001,83748.37000000001
full_v1,main,OR-015,True,True,True,True,29660.0,29660.0
full_v1,main,OR-016,True,True,True,True,1568955.0,1568955.0
full_v1,main,OR-014,True,True,True,True,1794269.0,1794269.0
full_v1,main,OR-017,True,True,True,True,2015.08,2015.08
full_v1,main,OR-002,True,True,True,True,6464420.6996351,6464420.6996351
full_v1,main,OR-019,True,True,True,True,7123134.6899999995,7123134.6899999995
full_v1,main,OR-022,True,True,True,True,4049812.4247,4049812.4247
full_v1,main,OR-018,True,True,True,True,782819438.64,782819438.64
full_v1,main,OR-020,True,True,True,True,11258129.67,11258129.67
full_v1,main,OR-021,True,True,True,True,6020981.48,6020981.48
full_v1,main,OR-024,True,True,True,True,1264095.5,1264095.5
full_v1,main,OR-023,True,True,True,True,63628.0,63628.0
full_v1,main,OR-026,True,True,True,True,8851.75,8851.75
full_v1,main,OR-025,True,True,True,True,5486959.829999999,5486959.829999999
full_v1,main,OR-027,True,False,True,False,784297054.11,
full_v1,main,OR-029,True,True,True,True,5090631.58,5090631.58
full_v1,main,OR-028,True,True,True,True,285816.0,285816.0
full_v1,main,OR-001,True,True,True,True,172752.8245908147,172752.82458839755
full_v1,main,OR-032,True,True,True,True,1240406.25,1240406.25
full_v1,main,OR-030,True,True,True,True,34856.759999999995,34856.759999999995
full_v1,main,OR-031,True,True,True,True,67016511.28,67016511.28
full_v1,main,OR-033,True,True,True,True,195506188.0,195506188.0
full_v1,main,OR-034,True,True,True,True,914600.2500000002,914600.2500000002
full_v1,main,OR-035,True,True,True,True,150660.0,150660.0
full_v1,main,OR-036,True,True,True,True,509925.0,509925.0
full_v1,main,OR-039,True,True,True,True,429000.0,429000.0
full_v1,main,OR-038,True,True,True,True,1314500.0,1314500.0
full_v1,main,OR-037,True,True,True,True,722376.0,722376.0
full_v1,main,OR-040,True,True,True,True,74260.0,74260.0
full_v1,main,OR-041,True,True,True,False,3912.0,4408.523076923077
full_v1,main,OR-042,True,True,True,True,81918.0,81918.0
full_v1,main,OR-043,True,True,True,True,13570.0,13570.0
full_v1,main,OR-045,True,True,True,True,885.0,885.0
full_v1,main,OR-046,True,True,True,True,212.0,212.0
full_v1,main,OR-044,True,True,True,True,8000.0,8000.0
full_v1,main,OR-048,True,True,True,True,635052.0,635052.0
full_v1,main,OR-047,True,True,True,True,5433.0,5433.0
full_v1,main,OR-051,True,True,True,True,594900.0,594900.0
full_v1,main,OR-049,True,True,True,True,85500.0,85500.0
full_v1,main,OR-050,True,True,True,True,80250.0,80250.0
full_v1,main,OR-053,True,True,True,True,41040.0,41040.0
full_v1,main,OR-052,True,True,True,True,30240.0,30240.0
full_v1,main,OR-054,True,True,True,True,98670.0,98670.0
full_v1,main,OR-055,True,True,True,True,27088640.0,27088640.0
full_v1,main,OR-056,True,True,True,True,55642671.0,55642671.0
full_v1,main,OR-058,True,True,True,True,35950.649999999994,35950.649999999994
full_v1,main,OR-057,True,True,True,True,12502.0,12502.0
full_v1,main,OR-061,True,True,True,True,10199.960000000001,10199.960000000001
full_v1,main,OR-059,True,True,True,True,1862205008776.57,1862205008776.57
full_v1,main,OR-062,True,True,True,True,172612.46,172612.46
full_v1,main,OR-060,True,True,True,True,8643.2,8643.2
full_v1,main,OR-067,True,True,True,True,9000.0,9000.0
full_v1,main,OR-066,True,True,True,True,11396.51,11396.51
full_v1,main,OR-065,True,True,True,True,317318.5,317318.5
full_v1,main,OR-063,True,True,True,True,778095.44,778095.44
full_v1,main,OR-068,True,True,True,True,9089.0,9089.0
full_v1,main,OR-072,True,True,True,True,320.0,320.0
full_v1,main,OR-070,True,True,True,True,8809.0,8809.0
full_v1,main,OR-075,True,True,True,True,1514.0,1514.0
full_v1,main,OR-073,True,True,True,True,1146.566502463054,1146.5665024630541
full_v1,main,OR-074,True,True,True,True,25.0,25.0
full_v1,main,OR-069,True,True,True,True,4903.0,4903.0
full_v1,main,OR-077,True,True,True,True,133.0,133.0
full_v1,main,OR-078,True,True,True,True,152.76,152.76
full_v1,main,OR-080,True,False,False,False,15590.0,
full_v1,main,OR-081,True,True,True,True,3.910164341169253,3.910164341169253
full_v1,main,OR-083,False,False,False,False,,
full_v1,main,OR-076,True,True,True,True,103090.0,103090.0
full_v1,main,OR-082,True,False,True,False,199.0,
full_v1,main,OR-084,True,True,True,True,22.84999998168129,22.85
full_v1,main,OR-085,True,False,True,False,419.0,
full_v1,main,OR-079,True,True,True,True,2965.0,2965.0
full_v1,main,OR-086,True,True,True,True,4500.0,4500.0
full_v1,main,OR-087,True,True,False,False,495705.4,495705.4
full_v1,main,OR-090,True,True,True,True,108657.90000000002,108657.90000000002
full_v1,main,OR-091,True,True,True,True,421.0,421.0
full_v1,main,OR-092,True,True,True,True,3148.9299999999994,3148.9299999999994
full_v1,main,OR-064,True,True,True,True,18461.11,18461.11
full_v1,main,OR-096,True,True,True,True,5044.0,5044.0
full_v1,main,OR-095,True,True,True,True,1344480.0,1344480.0
full_v1,main,OR-089,True,True,True,True,1555.4999999999993,1555.4999999999993
full_v1,main,OR-093,True,True,True,True,1577.6,1577.6
full_v1,main,OR-097,True,True,True,True,6.0,6.0
full_v1,main,OR-088,True,True,True,True,150992.5,150992.5
full_v1,main,OR-098,True,True,True,True,0.0,0.0
full_v1,main,OR-094,True,True,False,False,3801.0,3801.0
full_v1,variants,Variant25,True,True,True,True,1392.0,1392.0
full_v1,main,OR-099,True,True,True,True,10419.0,10419.0
full_v1,main,OR-071,True,True,True,True,24877.394636015328,24877.394636015328
full_v1,variants,Variant28,False,True,False,True,,45493.0
full_v1,variants,Variant26,True,False,True,False,1720.0,
full_v1,variants,Variant27,False,True,False,True,,1679.0
full_v1,variants,Variant29,True,True,True,True,75637.0,75637.0
full_v1,variants,Variant31,True,True,True,True,71822.0,71822.0
full_v1,variants,Variant33,True,True,True,True,63831.0,63831.0
full_v1,variants,Variant30,True,True,False,False,58120.0,94865.0
full_v1,variants,Variant34,True,True,True,True,98866.0,98866.0
full_v1,variants,Variant35,False,True,False,True,,101796.0
full_v1,variants,Variant32,True,True,False,True,60153.0,58405.0
full_v1,variants,Variant1,False,True,False,True,,60345.0
full_v1,variants,Variant36,True,True,True,True,89823.0,89823.0
full_v1,variants,Variant3,True,True,True,True,1020.0,1020.0
full_v1,variants,Variant2,True,True,True,True,10770.0,10770.0
full_v1,main,OR-100,True,True,False,False,1382045.0,1382045.0
full_v1,variants,Variant6,True,True,True,True,186.0,186.0
full_v1,variants,Variant9,True,True,True,True,22.0,22.0
full_v1,variants,Variant4,True,True,True,True,52.0,52.0
full_v1,variants,Variant5,True,True,True,True,56.0,56.0
full_v1,variants,Variant11,True,True,True,True,29446.5,29446.5
full_v1,variants,Variant8,True,True,True,True,1095.0,1095.0
full_v1,variants,Variant10,True,True,True,True,25.0,25.0
full_v1,variants,Variant7,True,True,True,True,1790.0,1790.0
full_v1,variants,Variant12,True,True,True,True,4505.0,4505.0
full_v1,variants,Variant13,False,True,False,True,,670.0
full_v1,variants,Variant14,True,True,True,True,46.0,46.0
full_v1,variants,Variant18,True,True,True,True,21.0,21.0
full_v1,variants,Variant16,True,True,True,True,156.0,156.0
full_v1,variants,Variant20,True,True,True,True,37.0,37.0
full_v1,variants,Variant15,True,True,True,True,60.0,60.0
full_v1,variants,Variant19,True,True,True,True,36.0,36.0
full_v1,variants,Variant17,False,True,False,True,,1487.0
full_v1,variants,Variant23,True,True,True,True,3375.0,3375.0
full_v1,50pct-S1,50pct-S1/OR-001,True,True,True,True,9000.0,9000.0
full_v1,50pct-S1,50pct-S1/OR-002,True,True,True,True,9089.0,9089.0
full_v1,variants,Variant24,True,True,True,True,1619.0,1619.0
full_v1,main,OR-101,True,True,True,True,25820.15355597092,25820.15355597092
full_v1,variants,Variant22,True,True,True,True,174.0,174.0
full_v1,50pct-S1,50pct-S1/OR-005,True,True,True,True,150660.0,150660.0
full_v1,50pct-S1,50pct-S1/OR-003,True,True,True,True,8809.0,8809.0
full_v1,variants,Variant21,True,True,True,True,660.0,660.0
full_v1,50pct-S1,50pct-S1/OR-007,False,True,False,True,,722376.0
full_v1,50pct-S1,50pct-S1/OR-006,True,True,True,True,509925.0,509925.0
full_v1,50pct-S1,50pct-S1/OR-004,True,True,True,True,1577.6,1577.6
full_v1,50pct-S1,50pct-S1/OR-008,True,True,True,True,1314500.0,1314500.0
full_v1,50pct-S1,50pct-S1/OR-011,True,True,True,True,212.0,212.0
full_v1,50pct-S1,50pct-S1/OR-010,True,True,True,True,8000.0,8000.0
full_v1,50pct-S1,50pct-S1/OR-009,True,True,True,True,3912.0,3912.0
full_v1,50pct-S1,50pct-S1/OR-012,True,True,True,True,5433.0,5433.0
full_v1,50pct-S1,50pct-S1/OR-015,True,True,True,True,41040.0,41040.0
full_v1,50pct-S1,50pct-S1/OR-014,False,True,False,True,,85500.0
full_v1,50pct-S1,50pct-S1/OR-013,True,True,True,True,635052.0,635052.0
full_v1,50pct-S1,50pct-S1/OR-019,True,True,True,True,2710.9341837593297,2710.9341837593297
full_v1,50pct-S1,50pct-S1/OR-020,True,True,True,True,10291.277006657501,10291.277006657514
full_v1,50pct-S1,50pct-S1/OR-017,True,True,True,True,36778.5109458,36778.5109458
full_v1,50pct-S1,50pct-S1/OR-018,True,True,True,True,913520.1122932937,913520.1122932937
full_v1,50pct-S1,50pct-S1/OR-021,True,True,True,True,238781.5119254966,238781.5119254966
full_v1,50pct-S1,50pct-S1/OR-022,True,True,True,True,10199.960000000001,10199.960000000001
full_v1,50pct-S1,50pct-S1/OR-023,True,True,True,True,172612.46,172612.46
full_v1,50pct-S1,50pct-S1/OR-024,True,True,True,True,317318.5,317318.5
full_v1,50pct-S1,50pct-S1/OR-025,True,True,True,True,11396.51,11396.51
full_v1,50pct-S1,50pct-S1/OR-030,True,True,True,True,1514.0,1514.0
full_v1,50pct-S1,50pct-S1/OR-031,True,True,True,True,152.76,152.76
full_v1,50pct-S1,50pct-S1/OR-032,True,True,True,True,421.0,421.0
full_v1,50pct-S1,50pct-S1/OR-033,True,True,True,True,25.0,25.0
full_v1,50pct-S1,50pct-S1/OR-029,True,True,True,True,80250.0,80250.0
full_v1,50pct-S1,50pct-S1/OR-034,True,True,True,True,133.0,133.0
full_v1,50pct-S1,50pct-S1/OR-028,True,True,True,True,10419.0,10419.0
full_v1,50pct-S1,50pct-S1/OR-027,True,True,True,True,1555.4999999999993,1555.5
full_v1,50pct-S1,50pct-S1/OR-016,True,True,True,True,172752.82468518004,172752.82458839755
full_v1,50pct-S1,50pct-S1/OR-035,True,True,True,True,3.910164341169253,3.910164341169253
full_v1,50pct-S2,50pct-S2/OR-001,True,True,True,True,9000.0,9000.0
full_v1,50pct-S2,50pct-S2/OR-003,True,True,True,True,8809.0,8809.0
full_v1,50pct-S2,50pct-S2/OR-002,True,True,True,True,9089.0,9089.0
full_v1,50pct-S2,50pct-S2/OR-005,True,True,True,True,150660.0,150660.0
full_v1,50pct-S2,50pct-S2/OR-006,True,True,False,True,458262.0,509925.0
full_v1,50pct-S2,50pct-S2/OR-007,True,True,True,True,722376.0,722376.0
full_v1,50pct-S2,50pct-S2/OR-008,True,True,True,True,1314500.0,1314500.0
full_v1,50pct-S2,50pct-S2/OR-004,True,True,True,True,1577.6,1577.6
full_v1,50pct-S1,50pct-S1/OR-026,True,True,True,True,150992.5,150992.5
full_v1,50pct-S2,50pct-S2/OR-009,True,True,False,False,4408.523076923077,4408.523076923077
full_v1,50pct-S2,50pct-S2/OR-010,True,True,True,True,8000.0,8000.0
full_v1,50pct-S2,50pct-S2/OR-012,True,True,True,True,5433.0,5433.0
full_v1,50pct-S2,50pct-S2/OR-013,True,True,True,True,635052.0,635052.0
full_v1,50pct-S2,50pct-S2/OR-014,True,True,True,True,85500.0,85500.0
full_v1,50pct-S2,50pct-S2/OR-015,True,True,True,True,41040.0,41040.0
full_v1,50pct-S2,50pct-S2/OR-017,True,True,True,True,36778.5109458,36778.5109458
full_v1,50pct-S2,50pct-S2/OR-020,True,True,True,True,10291.277006657501,10291.277006657501
full_v1,50pct-S2,50pct-S2/OR-021,True,True,True,True,238781.5119254966,238781.5119254966
full_v1,50pct-S2,50pct-S2/OR-018,True,True,False,True,926701.8207000147,913520.1136060001
full_v1,50pct-S2,50pct-S2/OR-022,True,True,True,True,10199.960000000001,10199.960000000001
full_v1,50pct-S2,50pct-S2/OR-024,True,True,True,True,317318.5,317318.5
full_v1,50pct-S2,50pct-S2/OR-023,True,True,True,True,172612.46,172612.46
full_v1,50pct-S2,50pct-S2/OR-019,True,True,True,True,2710.9341837593297,2710.9341837593297
full_v1,50pct-S2,50pct-S2/OR-025,True,True,True,True,11396.51,11396.51
full_v1,50pct-S2,50pct-S2/OR-030,True,True,True,True,1514.0,1514.0
full_v1,50pct-S2,50pct-S2/OR-031,True,True,True,True,152.76,152.76
full_v1,50pct-S2,50pct-S2/OR-032,True,True,True,True,421.0,421.0
full_v1,50pct-S2,50pct-S2/OR-033,True,True,True,True,25.0,25.0
full_v1,50pct-S2,50pct-S2/OR-027,True,True,True,True,1555.4999999999993,1555.4999999999993
full_v1,50pct-S2,50pct-S2/OR-029,True,True,True,True,80250.0,80250.0
full_v1,50pct-S2,50pct-S2/OR-016,True,True,False,True,172722.9219163845,172752.82458839755
full_v1,50pct-S2,50pct-S2/OR-034,True,True,True,True,133.0,133.0
full_v1,50pct-S2,50pct-S2/OR-028,True,True,True,True,10419.0,10419.0
full_v1,50pct-S2,50pct-S2/OR-035,True,True,True,True,3.910164341169253,3.910164341169253
full_v1,50pct-S3,50pct-S3/OR-001,True,True,True,True,9000.0,9000.0
full_v1,50pct-S3,50pct-S3/OR-002,True,True,True,True,9089.0,9089.0
full_v1,50pct-S2,50pct-S2/OR-026,True,True,True,True,150992.5,150992.5
full_v1,50pct-S3,50pct-S3/OR-003,True,True,True,True,8809.0,8809.0
full_v1,50pct-S3,50pct-S3/OR-005,True,True,True,True,150660.0,150660.0
full_v1,50pct-S3,50pct-S3/OR-009,True,True,False,False,4408.523076923077,4408.523076923077
full_v1,50pct-S3,50pct-S3/OR-008,True,True,True,True,1314500.0,1314500.0
full_v1,50pct-S3,50pct-S3/OR-007,True,True,True,True,722376.0,722376.0
full_v1,50pct-S3,50pct-S3/OR-004,True,True,True,True,1577.6,1577.6
full_v1,50pct-S3,50pct-S3/OR-011,True,True,True,True,212.0,212.0
full_v1,50pct-S3,50pct-S3/OR-006,True,True,True,True,509925.0,509925.0
full_v1,50pct-S3,50pct-S3/OR-010,True,True,True,True,8000.0,8000.0
full_v1,50pct-S3,50pct-S3/OR-012,True,True,True,True,5433.0,5433.0
full_v1,50pct-S2,50pct-S2/OR-011,True,False,True,False,212.0,
full_v1,50pct-S3,50pct-S3/OR-015,True,True,True,True,41040.0,41040.0
full_v1,50pct-S3,50pct-S3/OR-013,True,True,True,True,635052.0,635052.0
full_v1,50pct-S3,50pct-S3/OR-014,True,True,True,True,85500.0,85500.0
full_v1,50pct-S3,50pct-S3/OR-020,True,True,True,True,10291.277006657501,10291.277006657501
full_v1,50pct-S3,50pct-S3/OR-021,True,True,True,True,238781.5119254966,238781.5119254966
full_v1,50pct-S3,50pct-S3/OR-019,True,True,True,True,2710.9341837593297,2710.9341837593297
full_v1,50pct-S3,50pct-S3/OR-022,True,True,True,True,10199.960000000001,10199.960000000001
full_v1,50pct-S3,50pct-S3/OR-023,True,True,True,True,172612.46,172612.46
full_v1,50pct-S3,50pct-S3/OR-018,True,True,False,True,3022946.0114348223,913520.1123011701
full_v1,50pct-S3,50pct-S3/OR-025,True,True,True,True,11396.51,11396.51
full_v1,50pct-S3,50pct-S3/OR-017,True,True,True,True,36778.5109458,36778.5109458
full_v1,50pct-S3,50pct-S3/OR-024,True,True,True,True,317318.5,317318.5
full_v1,50pct-S3,50pct-S3/OR-031,True,True,True,True,152.76,152.76
full_v1,50pct-S3,50pct-S3/OR-032,True,True,True,True,421.0,421.0
full_v1,50pct-S3,50pct-S3/OR-030,True,True,True,True,1514.0,1514.0
full_v1,50pct-S3,50pct-S3/OR-034,True,True,True,True,133.0,133.0
full_v1,50pct-S3,50pct-S3/OR-035,True,True,True,True,3.910164341169253,3.910164341169253
full_v1,50pct-S3,50pct-S3/OR-033,True,True,True,True,25.0,25.0
full_v1,50pct-S3,50pct-S3/OR-028,True,True,True,False,10419.0,10188.0
full_v1,50pct-S3,50pct-S3/OR-027,True,True,True,True,1555.4999999999993,1555.4999999999993
full_v1,100pct-S1,100pct-S1/OR-001,True,True,True,True,9000.0,9000.0
full_v1,100pct-S1,100pct-S1/OR-002,True,True,True,True,9089.0,9089.0
full_v1,50pct-S3,50pct-S3/OR-016,True,True,True,True,172752.82458839755,172752.82458839755
full_v1,100pct-S1,100pct-S1/OR-003,True,True,True,True,8809.0,8809.0
full_v1,100pct-S1,100pct-S1/OR-005,True,True,True,True,150660.0,150660.0
full_v1,50pct-S3,50pct-S3/OR-026,True,True,True,True,150992.5,150992.5
full_v1,100pct-S1,100pct-S1/OR-006,True,True,True,True,509925.0,509925.0
full_v1,100pct-S1,100pct-S1/OR-008,False,True,False,True,,1314500.0
full_v1,100pct-S1,100pct-S1/OR-007,True,True,True,True,722376.0,722376.0
full_v1,100pct-S1,100pct-S1/OR-004,True,True,True,True,1577.6,1577.6
full_v1,100pct-S1,100pct-S1/OR-009,True,True,False,False,4408.523076923077,4408.523076923077
full_v1,100pct-S1,100pct-S1/OR-011,True,True,True,True,212.0,212.0
full_v1,100pct-S1,100pct-S1/OR-010,True,True,True,True,8000.0,8000.0
full_v1,100pct-S1,100pct-S1/OR-012,True,True,True,True,5433.0,5433.0
full_v1,100pct-S1,100pct-S1/OR-014,True,True,True,True,85500.0,85500.0
full_v1,100pct-S1,100pct-S1/OR-013,True,True,True,True,635052.0,635052.0
full_v1,100pct-S1,100pct-S1/OR-015,False,True,False,True,,41040.0
full_v1,100pct-S1,100pct-S1/OR-017,True,True,True,True,36778.5109458,36778.5109458
full_v1,100pct-S1,100pct-S1/OR-020,True,True,True,True,10291.277006657501,10291.277006657501
full_v1,100pct-S1,100pct-S1/OR-022,True,True,True,True,10199.960000000001,10199.960000000001
full_v1,100pct-S1,100pct-S1/OR-021,True,True,True,True,238781.5119254966,238781.5119254966
full_v1,100pct-S1,100pct-S1/OR-024,True,True,True,True,317318.5,317318.5
full_v1,100pct-S1,100pct-S1/OR-019,True,True,True,True,2710.9341837593297,2710.9341837593297
full_v1,100pct-S1,100pct-S1/OR-023,True,True,True,True,172612.46,172612.46
full_v1,100pct-S1,100pct-S1/OR-018,True,True,True,True,913520.1123011701,913520.1122998182
full_v1,100pct-S1,100pct-S1/OR-025,True,True,True,True,11396.51,11396.51
full_v1,100pct-S1,100pct-S1/OR-031,True,True,True,True,152.76,152.76
full_v1,100pct-S1,100pct-S1/OR-030,True,True,True,True,1514.0,1514.0
full_v1,50pct-S3,50pct-S3/OR-029,True,False,True,False,80250.0,
full_v1,100pct-S1,100pct-S1/OR-029,True,True,True,True,80250.0,80250.0
full_v1,100pct-S1,100pct-S1/OR-032,True,True,True,True,421.0,421.0
full_v1,100pct-S1,100pct-S1/OR-033,True,True,True,True,25.0,25.0
full_v1,100pct-S1,100pct-S1/OR-034,True,True,True,True,133.0,133.0
full_v1,100pct-S1,100pct-S1/OR-016,True,True,True,True,172752.82458839755,172752.82458839755
full_v1,100pct-S1,100pct-S1/OR-035,True,True,True,True,3.910164341169253,3.910164341169253
full_v1,100pct-S1,100pct-S1/OR-027,True,True,True,True,1555.4999999999993,1555.4999999999993
full_v1,100pct-S1,100pct-S1/OR-026,True,True,True,True,150992.5,150992.5
full_v1,100pct-S1,100pct-S1/OR-028,True,True,True,False,10419.0,10188.0
full_v1,100pct-S2,100pct-S2/OR-001,True,True,True,True,9000.0,9000.0
full_v1,100pct-S2,100pct-S2/OR-002,True,True,True,True,9089.0,9089.0
full_v1,100pct-S2,100pct-S2/OR-003,True,True,True,True,8809.0,8809.0
full_v1,100pct-S2,100pct-S2/OR-005,True,True,True,True,150660.0,150660.0
full_v1,100pct-S2,100pct-S2/OR-006,True,True,True,True,509925.0,509925.0
full_v1,100pct-S2,100pct-S2/OR-009,True,True,True,True,3912.0,3912.0
full_v1,100pct-S2,100pct-S2/OR-007,True,True,True,True,722376.0,722376.0
full_v1,100pct-S2,100pct-S2/OR-008,True,True,True,True,1314500.0,1314500.0
full_v1,100pct-S2,100pct-S2/OR-011,True,True,True,True,212.0,212.0
full_v1,100pct-S2,100pct-S2/OR-010,True,True,True,True,8000.0,8000.0
full_v1,100pct-S2,100pct-S2/OR-004,True,True,True,True,1577.6,1577.6
full_v1,100pct-S2,100pct-S2/OR-012,True,True,True,True,5433.0,5433.0
full_v1,100pct-S2,100pct-S2/OR-013,True,True,True,True,635052.0,635052.0
full_v1,100pct-S2,100pct-S2/OR-014,True,True,True,True,85500.0,85500.0
full_v1,100pct-S2,100pct-S2/OR-015,True,True,True,True,41040.0,41040.0
full_v1,100pct-S2,100pct-S2/OR-017,True,True,True,True,36778.5109458,36778.5109458
full_v1,100pct-S2,100pct-S2/OR-021,True,True,True,True,238781.5119254966,238781.5119254966
full_v1,100pct-S2,100pct-S2/OR-020,True,True,True,True,10291.277006657501,10291.277006657501
full_v1,100pct-S2,100pct-S2/OR-022,True,True,True,True,10199.960000000001,10199.960000000001
full_v1,100pct-S2,100pct-S2/OR-019,True,True,True,True,2710.9341837593297,2710.9341837593297
full_v1,100pct-S2,100pct-S2/OR-023,True,True,True,True,172612.46,172612.46
full_v1,100pct-S2,100pct-S2/OR-025,True,True,True,True,11396.51,11396.51
full_v1,100pct-S2,100pct-S2/OR-024,True,True,True,True,317318.5,317318.5
full_v1,100pct-S2,100pct-S2/OR-030,True,True,True,True,1514.0,1514.0
full_v1,100pct-S2,100pct-S2/OR-018,True,True,True,True,913520.1122996622,913520.1122049622
full_v1,100pct-S2,100pct-S2/OR-031,True,True,True,True,152.76,152.76
full_v1,100pct-S2,100pct-S2/OR-032,True,True,True,True,421.0,421.0
full_v1,100pct-S2,100pct-S2/OR-034,True,True,True,True,133.0,133.0
full_v1,100pct-S2,100pct-S2/OR-033,True,True,True,True,25.0,25.0
full_v1,100pct-S2,100pct-S2/OR-016,True,True,True,True,172752.82458839755,172752.82458839755
full_v1,100pct-S2,100pct-S2/OR-035,True,True,True,True,3.910164341169253,3.910164341169253
full_v1,100pct-S2,100pct-S2/OR-027,True,True,True,True,1555.4999999999993,1555.4999999999993
full_v1,100pct-S3,100pct-S3/OR-001,True,True,True,True,9000.0,9000.0
full_v1,100pct-S2,100pct-S2/OR-028,True,True,True,True,10419.0,10419.0
full_v1,100pct-S2,100pct-S2/OR-026,True,True,True,True,150992.5,150992.5
full_v1,100pct-S3,100pct-S3/OR-002,True,True,True,True,9089.0,9089.0
full_v1,100pct-S3,100pct-S3/OR-003,True,True,True,True,8809.0,8809.0
full_v1,100pct-S3,100pct-S3/OR-005,True,True,True,True,150660.0,150660.0
full_v1,100pct-S3,100pct-S3/OR-006,True,True,True,True,509925.0,509925.0
full_v1,100pct-S3,100pct-S3/OR-009,True,True,True,True,3912.0,3912.0
full_v1,100pct-S3,100pct-S3/OR-007,True,True,True,True,722376.0,722376.0
full_v1,100pct-S3,100pct-S3/OR-008,False,True,False,True,,1314500.0
full_v1,100pct-S3,100pct-S3/OR-011,True,True,True,True,212.0,212.0
full_v1,100pct-S3,100pct-S3/OR-010,True,True,True,True,8000.0,8000.0
full_v1,100pct-S3,100pct-S3/OR-004,True,True,True,True,1577.6,1577.6
full_v1,100pct-S3,100pct-S3/OR-015,True,True,True,True,41040.0,41040.0
full_v1,100pct-S3,100pct-S3/OR-013,False,True,False,True,,635052.0
full_v1,100pct-S3,100pct-S3/OR-014,True,True,True,True,85500.0,85500.0
full_v1,100pct-S3,100pct-S3/OR-012,True,True,True,True,5433.0,5433.0
full_v1,100pct-S3,100pct-S3/OR-021,True,True,True,True,238781.5119254966,238781.5119254966
full_v1,100pct-S3,100pct-S3/OR-017,True,True,True,True,36778.5109458,36778.5109458
full_v1,100pct-S3,100pct-S3/OR-020,True,True,True,True,10291.277006657501,10291.277006657501
full_v1,100pct-S3,100pct-S3/OR-022,True,True,True,True,10199.960000000001,10199.960000000001
full_v1,100pct-S3,100pct-S3/OR-025,True,True,True,True,11396.51,11396.51
full_v1,100pct-S3,100pct-S3/OR-018,True,True,False,True,1654056.5936004217,913520.1123011701
full_v1,100pct-S3,100pct-S3/OR-024,True,True,True,True,317318.5,317318.5
full_v1,100pct-S3,100pct-S3/OR-023,True,True,False,True,172194.21,172612.46
full_v1,100pct-S3,100pct-S3/OR-019,True,True,True,True,2710.9341837593297,2710.9341837593297
full_v1,100pct-S3,100pct-S3/OR-030,True,True,True,True,1514.0,1514.0
full_v1,100pct-S3,100pct-S3/OR-031,True,True,True,True,152.76,152.76
full_v1,100pct-S3,100pct-S3/OR-032,True,True,True,True,421.0,421.0
full_v1,100pct-S3,100pct-S3/OR-029,True,True,True,True,80250.0,80250.0
full_v1,100pct-S3,100pct-S3/OR-033,True,True,True,True,25.0,25.0
full_v1,100pct-S3,100pct-S3/OR-028,True,True,True,True,10419.0,10419.0
full_v1,100pct-S2,100pct-S2/OR-029,True,False,True,False,80250.0,
full_v1,100pct-S3,100pct-S3/OR-016,True,True,True,True,172752.82458839755,172752.82468518004
full_v1,100pct-S3,100pct-S3/OR-034,True,True,True,True,133.0,133.0
full_v1,100pct-S3,100pct-S3/OR-035,True,True,True,True,3.910164341169253,3.910164341169253
full_v1,200pct-S1,200pct-S1/OR-001,True,True,True,True,9000.0,9000.0
full_v1,100pct-S3,100pct-S3/OR-027,True,True,True,True,1555.4999999999993,1555.4999999999993
full_v1,100pct-S3,100pct-S3/OR-026,True,True,True,True,150992.5,150992.5
full_v1,200pct-S1,200pct-S1/OR-002,True,True,True,True,9089.0,9089.0
full_v1,200pct-S1,200pct-S1/OR-003,True,True,True,True,8809.0,8809.0
full_v1,200pct-S1,200pct-S1/OR-005,False,True,False,True,,150660.0
full_v1,200pct-S1,200pct-S1/OR-006,False,True,False,True,,509925.0
full_v1,200pct-S1,200pct-S1/OR-007,True,True,True,True,722376.0,722376.0
full_v1,200pct-S1,200pct-S1/OR-008,False,True,False,True,,1314500.0
full_v1,200pct-S1,200pct-S1/OR-009,False,True,False,True,,3912.0
full_v1,200pct-S1,200pct-S1/OR-011,True,True,True,True,212.0,212.0
full_v1,200pct-S1,200pct-S1/OR-004,True,True,False,True,731.0,1577.6
full_v1,200pct-S1,200pct-S1/OR-010,False,True,False,True,,8000.0
full_v1,200pct-S1,200pct-S1/OR-012,True,True,True,True,5433.0,5433.0
full_v1,200pct-S1,200pct-S1/OR-013,True,True,True,True,635052.0,635052.0
full_v1,200pct-S1,200pct-S1/OR-014,True,True,True,True,85500.0,85500.0
full_v1,200pct-S1,200pct-S1/OR-015,True,True,True,True,41040.0,41040.0
full_v1,200pct-S1,200pct-S1/OR-020,True,True,True,True,10291.277006657501,10291.277006829
full_v1,200pct-S1,200pct-S1/OR-017,False,True,False,True,,36778.5109458
full_v1,200pct-S1,200pct-S1/OR-021,True,True,True,True,238781.5119254966,238781.5119254966
full_v1,200pct-S1,200pct-S1/OR-022,True,True,True,True,10199.960000000001,10199.960000000001
full_v1,200pct-S1,200pct-S1/OR-024,True,True,True,True,317318.5,317318.5
full_v1,200pct-S1,200pct-S1/OR-023,True,True,True,True,172612.46,172612.46
full_v1,200pct-S1,200pct-S1/OR-025,True,True,True,True,11396.51,11396.51
full_v1,200pct-S1,200pct-S1/OR-019,True,True,True,True,2710.9341837593297,2710.9341837593297
full_v1,200pct-S1,200pct-S1/OR-018,True,True,True,True,913520.1122932937,913520.1122932937
full_v1,200pct-S1,200pct-S1/OR-030,True,True,True,True,1514.0,1514.0
full_v1,200pct-S1,200pct-S1/OR-031,True,True,True,True,152.76,152.76
full_v1,200pct-S1,200pct-S1/OR-032,True,True,True,True,421.0,421.0
full_v1,200pct-S1,200pct-S1/OR-033,True,True,True,True,25.0,25.0
full_v1,200pct-S1,200pct-S1/OR-034,True,True,True,True,133.0,133.0
full_v1,200pct-S1,200pct-S1/OR-035,True,True,True,True,3.910164341169253,3.910164341169253
full_v1,200pct-S1,200pct-S1/OR-029,False,True,False,True,,80250.0
full_v1,200pct-S2,200pct-S2/OR-001,True,True,True,True,9000.0,9000.0
full_v1,200pct-S1,200pct-S1/OR-028,True,True,True,False,10419.0,10188.0
full_v1,200pct-S1,200pct-S1/OR-027,True,True,True,True,1555.4999999999993,1555.4999999999993
full_v1,200pct-S2,200pct-S2/OR-002,True,True,True,True,9089.0,9089.0
full_v1,200pct-S1,200pct-S1/OR-016,True,True,True,True,172752.82458839755,172752.82458839755
full_v1,200pct-S2,200pct-S2/OR-003,True,True,True,True,8809.0,8809.0
full_v1,200pct-S1,200pct-S1/OR-026,True,True,True,True,150992.5,150992.5
full_v1,200pct-S2,200pct-S2/OR-005,True,True,True,True,150660.0,150660.0
full_v1,200pct-S2,200pct-S2/OR-006,True,True,True,True,509925.0,509925.0
full_v1,200pct-S2,200pct-S2/OR-008,True,True,True,True,1314500.0,1314500.0
full_v1,200pct-S2,200pct-S2/OR-010,True,True,True,True,8000.0,8000.0
full_v1,200pct-S2,200pct-S2/OR-009,True,True,True,True,3912.0,3912.0
full_v1,200pct-S2,200pct-S2/OR-004,True,True,False,True,691.0,1577.6
full_v1,200pct-S2,200pct-S2/OR-012,False,True,False,True,,5433.0
full_v1,200pct-S2,200pct-S2/OR-013,True,True,True,True,635052.0,635052.0
full_v1,200pct-S2,200pct-S2/OR-007,True,True,True,True,722376.0,722376.0
full_v1,200pct-S2,200pct-S2/OR-014,True,True,True,True,85500.0,85500.0
full_v1,200pct-S2,200pct-S2/OR-015,True,True,True,True,41040.0,41040.0
full_v1,200pct-S2,200pct-S2/OR-020,True,True,True,True,10291.277006657501,10291.277006829
full_v1,200pct-S2,200pct-S2/OR-021,True,True,True,True,238781.5119254966,238781.5119254966
full_v1,200pct-S2,200pct-S2/OR-022,True,True,True,True,10199.960000000001,10199.960000000001
full_v1,200pct-S2,200pct-S2/OR-024,True,True,True,True,317318.5,317318.5
full_v1,200pct-S2,200pct-S2/OR-017,True,True,True,True,36778.5109458,36778.5109458
full_v1,200pct-S2,200pct-S2/OR-018,True,True,True,True,913520.1122958622,913520.1122932937
full_v1,200pct-S2,200pct-S2/OR-025,True,True,True,True,11396.51,11396.51
full_v1,200pct-S2,200pct-S2/OR-019,True,True,True,True,2710.9341837593297,2710.9341837593297
full_v1,200pct-S2,200pct-S2/OR-023,True,True,True,True,172612.46,172612.46
full_v1,200pct-S2,200pct-S2/OR-030,True,True,True,True,1514.0,1514.0
full_v1,200pct-S2,200pct-S2/OR-031,True,True,True,True,152.76,152.76
full_v1,200pct-S2,200pct-S2/OR-033,True,True,True,True,25.0,25.0
full_v1,200pct-S2,200pct-S2/OR-032,True,True,True,True,421.0,421.0
full_v1,200pct-S2,200pct-S2/OR-029,True,True,True,True,80250.0,80250.0
full_v1,200pct-S2,200pct-S2/OR-034,True,True,True,True,133.0,133.0
full_v1,200pct-S2,200pct-S2/OR-035,True,True,True,True,3.910164341169253,3.910164341169253
full_v1,200pct-S3,200pct-S3/OR-001,True,True,True,True,9000.0,9000.0
full_v1,200pct-S2,200pct-S2/OR-027,True,True,True,True,1555.4999999999993,1555.5
full_v1,200pct-S3,200pct-S3/OR-002,True,True,True,True,9089.0,9089.0
full_v1,200pct-S2,200pct-S2/OR-011,True,False,True,False,212.0,
full_v1,200pct-S2,200pct-S2/OR-028,True,True,False,True,10188.0,10419.0
full_v1,200pct-S3,200pct-S3/OR-003,True,True,True,True,8809.0,8809.0
full_v1,200pct-S2,200pct-S2/OR-016,True,True,True,True,172752.82468518004,172752.82458839755
full_v1,200pct-S3,200pct-S3/OR-005,True,True,True,True,150660.0,150660.0
full_v1,200pct-S2,200pct-S2/OR-026,True,True,True,True,150992.5,150992.5
full_v1,200pct-S3,200pct-S3/OR-006,True,True,True,True,509925.0,509925.0
full_v1,200pct-S3,200pct-S3/OR-009,True,True,False,True,4408.523076923077,3912.0
full_v1,200pct-S3,200pct-S3/OR-010,True,True,True,True,8000.0,8000.0
full_v1,200pct-S3,200pct-S3/OR-008,False,True,False,True,,1314500.0
full_v1,200pct-S3,200pct-S3/OR-011,True,True,True,True,212.0,212.0
full_v1,200pct-S3,200pct-S3/OR-007,True,True,True,True,722376.0,722376.0
full_v1,200pct-S3,200pct-S3/OR-004,True,True,True,True,1577.6,1577.6
full_v1,200pct-S3,200pct-S3/OR-012,False,True,False,True,,5433.0
full_v1,200pct-S3,200pct-S3/OR-013,True,True,True,True,635052.0,635052.0
full_v1,200pct-S3,200pct-S3/OR-014,True,True,True,True,85500.0,85500.0
full_v1,200pct-S3,200pct-S3/OR-015,True,True,True,True,41040.0,41040.0
full_v1,200pct-S3,200pct-S3/OR-020,True,True,True,True,10291.277006657501,10291.277006657501
full_v1,200pct-S3,200pct-S3/OR-021,True,True,True,True,238781.5119254966,238781.5119254966
full_v1,200pct-S3,200pct-S3/OR-019,True,True,True,True,2710.9341837593297,2710.9341837593297
full_v1,200pct-S3,200pct-S3/OR-022,True,True,True,True,10199.960000000001,10199.960000000001
full_v1,200pct-S3,200pct-S3/OR-023,True,True,True,True,172612.46,172612.46
full_v1,200pct-S3,200pct-S3/OR-024,True,True,True,True,317318.5,317318.5
full_v1,200pct-S3,200pct-S3/OR-025,True,True,True,True,11396.51,11396.51
full_v1,200pct-S3,200pct-S3/OR-017,True,True,True,True,36778.5109458,36778.5109458
full_v1,200pct-S3,200pct-S3/OR-030,True,True,True,True,1514.0,1514.0
full_v1,200pct-S3,200pct-S3/OR-031,True,True,True,True,152.76,152.76
full_v1,200pct-S3,200pct-S3/OR-018,True,True,True,True,913520.1123011701,913520.1122932937
full_v1,200pct-S3,200pct-S3/OR-032,True,True,True,True,421.0,421.0
full_v1,200pct-S3,200pct-S3/OR-034,True,True,True,True,133.0,133.0
full_v1,200pct-S3,200pct-S3/OR-033,True,True,True,True,25.0,25.0
full_v1,200pct-S3,200pct-S3/OR-029,True,True,True,True,80250.0,80250.0
full_v1,200pct-S3,200pct-S3/OR-035,True,True,True,True,3.910164341169253,3.910164341169253
full_v1,200pct-S3,200pct-S3/OR-026,True,True,True,True,150992.5,150992.5
full_v1,200pct-S3,200pct-S3/OR-028,True,True,True,False,10419.0,10188.0
full_v1,200pct-S3,200pct-S3/OR-027,True,True,True,True,1555.4999999999993,1555.4999999999993
full_v1,200pct-S3,200pct-S3/OR-016,True,True,True,True,172752.82458839755,172752.82458839755
