run,method,version,benchmark,evaluated,total,solved,objective_match,solved_rate,objective_accuracy,target,target_met,errors,mismatches,status
examples_and_route_final,examples_and_route,final,main,101,101,97,91,0.9603960396039604,0.900990099009901,,,4,6,complete
few_shot_only_final,few_shot_only,final,main,101,101,92,89,0.9108910891089109,0.8811881188118812,,,9,3,complete
few_shot_only_final_v2,few_shot_only,final_v2,main,101,101,92,86,0.9108910891089109,0.8514851485148515,,,9,6,complete
full_before,full,before,variants,36,36,30,28,0.8333333333333334,0.7777777777777778,32,False,6,2,complete
full_before,full,before,50pct-S1,35,35,33,33,0.9428571428571428,0.9428571428571428,31,True,2,0,complete
full_before,full,before,50pct-S2,35,35,35,31,1.0,0.8857142857142857,31,True,0,4,complete
full_before,full,before,50pct-S3,35,35,35,33,1.0,0.9428571428571428,31,True,0,2,complete
full_before,full,before,100pct-S1,35,35,33,32,0.9428571428571428,0.9142857142857143,31,True,2,1,complete
full_before,full,before,100pct-S2,35,35,35,35,1.0,1.0,31,True,0,0,complete
full_before,full,before,100pct-S3,35,35,33,31,0.9428571428571428,0.8857142857142857,31,True,2,2,complete
full_before,full,before,200pct-S1,35,35,28,27,0.8,0.7714285714285715,31,False,7,1,complete
full_before,full,before,200pct-S2,35,35,34,32,0.9714285714285714,0.9142857142857143,31,True,1,2,complete
full_before,full,before,200pct-S3,35,35,33,32,0.9428571428571428,0.9142857142857143,31,True,2,1,complete
full_v1,full,v1,main,101,101,96,92,0.9504950495049505,0.9108910891089109,,,5,4,complete
full_v1,full,v1,variants,36,36,35,34,0.9722222222222222,0.9444444444444444,32,True,1,1,complete
full_v1,full,v1,50pct-S1,35,35,35,35,1.0,1.0,31,True,0,0,complete
full_v1,full,v1,50pct-S2,35,35,34,33,0.9714285714285714,0.9428571428571428,31,True,1,1,complete
full_v1,full,v1,50pct-S3,35,35,34,32,0.9714285714285714,0.9142857142857143,31,True,1,2,complete
full_v1,full,v1,100pct-S1,35,35,35,33,1.0,0.9428571428571428,31,True,0,2,complete
full_v1,full,v1,100pct-S2,35,35,34,34,0.9714285714285714,0.9714285714285714,31,True,1,0,complete
full_v1,full,v1,100pct-S3,35,35,35,35,1.0,1.0,31,True,0,0,complete
full_v1,full,v1,200pct-S1,35,35,35,34,1.0,0.9714285714285714,31,True,0,1,complete
full_v1,full,v1,200pct-S2,35,35,34,34,0.9714285714285714,0.9714285714285714,31,True,1,0,complete
full_v1,full,v1,200pct-S3,35,35,35,34,1.0,0.9714285714285714,31,True,0,1,complete
rag_only_final,rag_only,final,main,101,101,84,83,0.8316831683168316,0.8217821782178217,,,17,1,complete
