dataset,problem_id,true_label,recorded,predicted_label,assigned_route,classification_correct,final_ok,solution_correct,final_objective,label_objective,pipeline_stage,execution_error_type,execution_error,csvqa_status,repair_count,retry_count,fallback_count,api_retry_count,api_retry_events,cache_source,disabled_workflow_route,route_allowed
automatic,OR-001,TP,True,TP,TP,True,True,True,172752.82458839755,172752.8246,completed,,,DIRECT_FULL_SOURCE,0,0,0,0,[],computed,,
automatic,OR-002,TP,True,TP,TP,True,True,True,6464420.6996351,6464420.7,completed,,,DIRECT_FULL_SOURCE,0,0,0,0,[],computed,,
automatic,OR-003,TP,True,TP,TP,True,True,True,36778.51094448115,36778.51094,completed,,,DIRECT_FULL_SOURCE,0,0,0,0,[],computed,,
automatic,OR-004,TP,True,TP,TP,True,True,True,913520.1122932937,913520.1123,completed,,,DIRECT_FULL_SOURCE,0,0,0,0,[],computed,,
automatic,OR-005,TP,True,TP,TP,True,False,False,,2710.934184,solve,ValueError,ValueError: Cost data missing for supplier supplier1,DIRECT_FULL_SOURCE,0,0,0,0,[],computed,,
automatic,OR-006,TP,True,TP,TP,True,True,True,6340.972286592268,6340.972287,completed,,,DIRECT_FULL_SOURCE,0,0,0,0,[],computed,,
automatic,OR-007,TP,True,TP,TP,True,True,True,10291.277006657501,10291.27701,completed,,,DIRECT_FULL_SOURCE,0,0,0,0,[],computed,,
automatic,OR-008,TP,True,TP,TP,True,True,True,660.0,660.0,completed,,,DIRECT_FULL_SOURCE,0,0,0,0,[],computed,,
automatic,OR-009,TP,True,TP,TP,True,True,True,238781.5119254966,238781.5119,completed,,,DIRECT_FULL_SOURCE,0,0,0,0,[],computed,,
automatic,OR-010,NRM,True,NRM,NRM,True,True,True,4003445.2099999995,4003445.21,completed,,,DIRECT_FULL_SOURCE,0,0,0,0,[],computed,,
automatic,OR-011,NRM,True,NRM,NRM,True,True,True,3552260.54,3552260.54,completed,,,DIRECT_FULL_SOURCE,0,0,0,0,[],computed,,
automatic,OR-012,NRM,True,NRM,NRM,True,True,True,83748.37000000001,83748.37,completed,,,DIRECT_FULL_SOURCE,0,0,0,0,[],computed,,
automatic,OR-013,NRM,True,NRM,NRM,True,False,False,,532.3,formulation,BadRequestError,"BadRequestError: Error code: 400 - {'error': {'message': ""This model's maximum context length is 1047576 tokens. However, your messages resulted in 1842626 tokens. Please reduce the length of the messages."", 'type': 'invalid_request_error', 'param': 'messages', 'code': 'context_length_exceeded'}}",,0,0,0,0,[],computed,,
automatic,OR-014,NRM,True,NRM,NRM,True,True,True,1794269.0,1794269.0,completed,,,DIRECT_FULL_SOURCE,0,0,0,0,[],computed,,
automatic,OR-015,NRM,True,NRM,NRM,True,True,True,29660.0,29660.0,completed,,,DIRECT_FULL_SOURCE,0,0,0,0,[],computed,,
automatic,OR-016,NRM,True,NRM,NRM,True,True,True,1568955.0,1568955.0,completed,,,DIRECT_FULL_SOURCE,0,0,0,0,[],computed,,
automatic,OR-017,NRM,True,NRM,NRM,True,True,True,2015.08,2015.08,completed,,,DIRECT_FULL_SOURCE,0,0,0,0,[],computed,,
automatic,OR-018,NRM,True,NRM,NRM,True,True,True,782819438.64,782819438.6,completed,,,DIRECT_FULL_SOURCE,0,0,0,0,[],computed,,
automatic,OR-019,NRM,True,NRM,NRM,True,True,True,7123134.6899999995,7123134.69,completed,,,DIRECT_FULL_SOURCE,0,0,0,0,[],computed,,
automatic,OR-020,NRM,True,NRM,NRM,True,True,True,11258129.67,11258129.67,completed,,,DIRECT_FULL_SOURCE,0,0,0,0,[],computed,,
automatic,OR-021,NRM,True,NRM,NRM,True,True,True,6020981.48,6020981.48,completed,,,DIRECT_FULL_SOURCE,0,0,0,0,[],computed,,
automatic,OR-022,NRM,True,NRM,NRM,True,True,True,4049812.4247,4049812.425,completed,,,DIRECT_FULL_SOURCE,0,0,0,0,[],computed,,
automatic,OR-023,NRM,True,NRM,NRM,True,True,True,63628.0,63628.0,completed,,,DIRECT_FULL_SOURCE,0,0,0,0,[],computed,,
automatic,OR-024,NRM,True,NRM,NRM,True,True,True,1264095.5,1264095.5,completed,,,DIRECT_FULL_SOURCE,0,0,0,0,[],computed,,
automatic,OR-025,NRM,True,NRM,NRM,True,True,True,5486959.829999999,5486959.83,completed,,,DIRECT_FULL_SOURCE,0,0,0,0,[],computed,,
automatic,OR-026,NRM,True,NRM,NRM,True,False,False,,8851.75,solve,ValueError,ValueError: Cannot mask with non-boolean array containing NA / NaN values,DIRECT_FULL_SOURCE,0,0,0,0,[],computed,,
automatic,OR-027,NRM,True,NRM,NRM,True,False,False,,784297054.1,solve,ValueError,ValueError: No 'Organ' products found in 'Sub Category'.,DIRECT_FULL_SOURCE,0,0,0,0,[],computed,,
automatic,OR-028,NRM,True,NRM,NRM,True,True,True,285816.0,285816.0,completed,,,DIRECT_FULL_SOURCE,0,0,0,0,[],computed,,
automatic,OR-029,NRM,True,NRM,NRM,True,True,True,5090631.58,5090631.58,completed,,,DIRECT_FULL_SOURCE,0,0,0,0,[],computed,,
automatic,OR-030,NRM,True,NRM,NRM,True,True,False,278995.08,34856.76,completed,,,DIRECT_FULL_SOURCE,0,0,0,0,[],computed,,
automatic,OR-031,NRM,True,NRM,NRM,True,True,True,67016511.28,67016511.28,completed,,,DIRECT_FULL_SOURCE,0,0,0,0,[],computed,,
automatic,OR-032,NRM,True,NRM,NRM,True,True,True,1240406.25,1240406.25,completed,,,DIRECT_FULL_SOURCE,0,0,0,0,[],computed,,
automatic,OR-033,NRM,True,NRM,NRM,True,True,True,195506188.0,195506188.0,completed,,,DIRECT_FULL_SOURCE,0,0,0,0,[],computed,,
automatic,OR-034,NRM,True,NRM,NRM,True,True,True,914600.2500000002,914600.25,completed,,,DIRECT_FULL_SOURCE,0,0,0,0,[],computed,,
automatic,OR-035,RA,True,RA,RA,True,True,True,150660.0,150660.0,completed,,,DIRECT_FULL_SOURCE,0,0,0,0,[],computed,,
automatic,OR-036,RA,True,RA,RA,True,True,True,509925.0,509925.0,completed,,,DIRECT_FULL_SOURCE,0,0,0,0,[],computed,,
automatic,OR-037,RA,True,RA,RA,True,True,True,722376.0,722376.0,completed,,,DIRECT_FULL_SOURCE,0,0,0,0,[],computed,,
automatic,OR-038,RA,True,RA,RA,True,True,True,1314500.0,1314500.0,completed,,,DIRECT_FULL_SOURCE,0,0,0,0,[],computed,,
automatic,OR-039,RA,True,RA,RA,True,True,True,429000.0,429000.0,completed,,,DIRECT_FULL_SOURCE,0,0,0,0,[],computed,,
automatic,OR-040,RA,True,RA,RA,True,True,True,74260.0,74260.0,completed,,,DIRECT_FULL_SOURCE,0,0,0,0,[],computed,,
automatic,OR-041,RA,True,RA,RA,True,True,True,3912.0,3912.0,completed,,,DIRECT_FULL_SOURCE,0,0,0,0,[],computed,,
automatic,OR-042,RA,True,RA,RA,True,True,True,81918.0,81918.0,completed,,,DIRECT_FULL_SOURCE,0,0,0,0,[],computed,,
automatic,OR-043,RA,True,RA,RA,True,True,True,13570.0,13570.0,completed,,,DIRECT_FULL_SOURCE,0,0,0,0,[],computed,,
automatic,OR-044,RA,True,RA,RA,True,True,True,8000.0,8000.0,completed,,,DIRECT_FULL_SOURCE,0,0,0,0,[],computed,,
automatic,OR-045,RA,True,RA,RA,True,False,False,,885.0,solve,ValueError,ValueError: Capacity is missing or not numeric.,DIRECT_FULL_SOURCE,0,0,0,0,[],computed,,
automatic,OR-046,RA,True,RA,RA,True,True,True,212.0,212.0,completed,,,DIRECT_FULL_SOURCE,0,0,0,0,[],computed,,
automatic,OR-047,RA,True,RA,RA,True,True,True,5433.0,5433.0,completed,,,DIRECT_FULL_SOURCE,0,0,0,0,[],computed,,
automatic,OR-048,RA,True,RA,RA,True,False,False,,635052.0,solve,ValueError,ValueError: Missing capacity for storage area 1,DIRECT_FULL_SOURCE,0,0,0,0,[],computed,,
automatic,OR-049,RA,True,RA,RA,True,False,False,,85500.0,solve,ValueError,ValueError: Mismatch between shelves and capacity keys,DIRECT_FULL_SOURCE,0,0,0,0,[],computed,,
automatic,OR-050,Mixture,True,RA,RA,False,False,False,,80250.0,solve,KeyError,KeyError: '1',DIRECT_FULL_SOURCE,0,0,0,0,[],computed,,
automatic,OR-051,RA,True,RA,RA,True,True,True,594900.0,594900.0,completed,,,DIRECT_FULL_SOURCE,0,0,0,1,"[{""endpoint"": ""/v1/chat/completions"", ""retry_index"": 1}]",computed,,
automatic,OR-052,RA,True,RA,RA,True,True,True,30240.0,30240.0,completed,,,DIRECT_FULL_SOURCE,0,0,0,0,[],computed,,
automatic,OR-053,RA,True,RA,RA,True,True,True,41040.0,41040.0,completed,,,DIRECT_FULL_SOURCE,0,0,0,0,[],computed,,
automatic,OR-054,RA,True,RA,RA,True,True,True,98670.0,98670.0,completed,,,DIRECT_FULL_SOURCE,0,0,0,0,[],computed,,
automatic,OR-055,RA,True,RA,RA,True,True,True,27088640.0,27088640.0,completed,,,DIRECT_FULL_SOURCE,0,0,0,0,[],computed,,
automatic,OR-056,RA,True,RA,RA,True,True,True,55642671.0,55642671.0,completed,,,DIRECT_FULL_SOURCE,0,0,0,0,[],computed,,
automatic,OR-057,RA,True,RA,RA,True,True,True,12502.0,12502.0,completed,,,DIRECT_FULL_SOURCE,0,0,0,0,[],computed,,
automatic,OR-058,FLP,True,FLP,FLP,True,True,True,35950.649999999994,35950.65,completed,,,DIRECT_FULL_SOURCE,0,0,0,0,[],computed,,
automatic,OR-059,FLP,True,FLP,FLP,True,True,True,1862205008776.57,1862205008487.07,completed,,,DIRECT_FULL_SOURCE,0,0,0,0,[],computed,,
automatic,OR-060,FLP,True,FLP,FLP,True,True,True,8643.2,8643.2,completed,,,DIRECT_FULL_SOURCE,0,0,0,0,[],computed,,
automatic,OR-061,FLP,True,FLP,FLP,True,True,True,10199.960000000001,10199.96,completed,,,DIRECT_FULL_SOURCE,0,0,0,0,[],computed,,
automatic,OR-062,FLP,True,FLP,FLP,True,False,False,,172612.46,solve,ValueError,"ValueError: Customers {'Customer_1', 'Customer_3', 'Customer_2', 'Customer_4', 'Customer_5'} in demand.csv not found in transportation_costs.csv columns.",DIRECT_FULL_SOURCE,0,0,0,0,[],computed,,
automatic,OR-063,FLP,True,FLP,FLP,True,True,True,778095.44,778095.44,completed,,,DIRECT_FULL_SOURCE,0,0,0,0,[],computed,,
automatic,OR-064,FLP,True,FLP,FLP,True,True,True,18461.11,18461.11,completed,,,DIRECT_FULL_SOURCE,0,0,0,0,[],computed,,
automatic,OR-065,FLP,True,FLP,FLP,True,True,True,317318.5,317318.5,completed,,,DIRECT_FULL_SOURCE,0,0,0,0,[],computed,,
automatic,OR-066,FLP,True,FLP,FLP,True,True,True,11396.51,11396.51,completed,,,DIRECT_FULL_SOURCE,0,0,0,0,[],computed,,
automatic,OR-067,AP,True,AP,AP,True,True,True,9000.0,9000.0,completed,,,DIRECT_FULL_SOURCE,0,0,0,0,[],computed,,
automatic,OR-068,AP,True,AP,AP,True,True,True,9089.0,9089.0,completed,,,DIRECT_FULL_SOURCE,0,0,0,0,[],computed,,
automatic,OR-069,AP,True,AP,AP,True,True,True,4903.0,4903.0,completed,,,DIRECT_FULL_SOURCE,0,0,0,0,[],computed,,
automatic,OR-070,AP,True,AP,AP,True,True,True,8809.0,8809.0,completed,,,DIRECT_FULL_SOURCE,0,0,0,0,[],computed,,
automatic,OR-071,Mixture,True,RA,RA,False,True,True,24877.394636015328,24877.39,completed,,,DIRECT_FULL_SOURCE,0,0,0,0,[],computed,,
automatic,OR-072,Others,True,Others,Others,True,False,False,,320.0,solve,ValueError,ValueError: Column 'Time' must contain integer hour indices 1-24.,LEGACY_SCHEMA,0,0,0,0,[],computed,,
automatic,OR-073,Mixture,True,Mixture,Others,True,False,False,,1146.57,solve,ValueError,ValueError: Missing selling price or raw material cost row in CSV.,LEGACY_SCHEMA,0,0,0,0,[],computed,,
automatic,OR-074,Others,True,Others,Others,True,False,False,,25.0,solve,ValueError,ValueError: invalid literal for int() with base 10: '2:00am - 2:30am',LEGACY_SCHEMA,0,0,0,0,[],computed,,
automatic,OR-075,Mixture,True,Mixture,Others,True,True,True,1514.0,1514.0,completed,,,LEGACY_SCHEMA,0,0,0,0,[],computed,,
automatic,OR-076,FLP,True,FLP,FLP,True,True,True,103090.0,103090.0,completed,,,DIRECT_FULL_SOURCE,0,0,0,0,[],computed,,
automatic,OR-077,Others,True,Others,Others,True,True,True,133.0,133.0,completed,,,LEGACY_SCHEMA,0,0,0,0,[],computed,,
automatic,OR-078,Mixture,True,Mixture,Others,True,True,True,152.76,152.76,completed,,,LEGACY_SCHEMA,0,0,0,0,[],computed,,
automatic,OR-079,FLP,True,FLP,FLP,True,True,True,2965.0,2965.0,completed,,,DIRECT_FULL_SOURCE,0,0,0,0,[],computed,,
automatic,OR-080,Mixture,True,Mixture,Others,True,True,True,14300.0,14300.0,completed,,,LEGACY_SCHEMA,0,0,0,0,[],computed,,
automatic,OR-081,Others,True,Others,Others,True,True,True,3.910164341169253,3.91,completed,,,LEGACY_SCHEMA,0,0,0,0,[],computed,,
automatic,OR-082,Others,True,Others,Others,True,True,True,199.0,199.0,completed,,,LEGACY_SCHEMA,0,0,0,0,[],computed,,
automatic,OR-083,Mixture,True,Mixture,Others,True,False,False,,34.0,solve,ValueError,"ValueError: Expected 10 tasks, found 13 in CSV.",LEGACY_SCHEMA,0,0,0,0,[],computed,,
automatic,OR-084,Others,True,Others,Others,True,False,False,,22.85,solve,TimeoutError,TimeoutError: External case deadline of 1800s exceeded; no rerun,LEGACY_SCHEMA,0,0,0,0,[],computed,,
automatic,OR-085,Others,True,Others,Others,True,False,False,,419.0,solve,ValueError,"ValueError: Distance from 1 to itself should be 0, got nan",LEGACY_SCHEMA,0,0,0,0,[],computed,,
automatic,OR-086,Mixture,True,Mixture,Others,True,True,True,4500.0,4500.0,completed,,,LEGACY_SCHEMA,0,0,0,0,[],computed,,
automatic,OR-087,Mixture,True,Mixture,Others,True,True,False,495705.4,6243055.96,completed,,,LEGACY_SCHEMA,0,0,0,0,[],computed,,
automatic,OR-088,FLP,True,FLP,FLP,True,True,True,150992.5,150992.5,completed,,,DIRECT_FULL_SOURCE,0,0,0,0,[],computed,,
automatic,OR-089,FLP,True,FLP,FLP,True,True,True,1555.4999999999993,1555.5,completed,,,DIRECT_FULL_SOURCE,0,0,0,0,[],computed,,
automatic,OR-090,Mixture,True,Mixture,Others,True,True,True,108657.90000000002,108657.9,completed,,,LEGACY_SCHEMA,0,0,0,0,[],computed,,
automatic,OR-091,Mixture,True,Others,Others,False,True,True,421.0,421.0,completed,,,LEGACY_SCHEMA,0,0,0,0,[],computed,,
automatic,OR-092,Mixture,True,Mixture,Others,True,True,True,3148.9299999999994,3148.93,completed,,,LEGACY_SCHEMA,0,0,0,0,[],computed,,
automatic,OR-093,AP,True,AP,AP,True,True,True,1577.6,1577.6,completed,,,DIRECT_FULL_SOURCE,0,0,0,0,[],computed,,
automatic,OR-094,Mixture,True,RA,RA,False,True,True,0.6000000000000001,0.6,completed,,,DIRECT_FULL_SOURCE,0,0,0,0,[],computed,,
automatic,OR-095,Mixture,True,Mixture,Others,True,False,False,,1344480.0,solve,KeyError,KeyError: 'labor hours',LEGACY_SCHEMA,0,0,0,0,[],computed,,
automatic,OR-096,Mixture,True,Mixture,Others,True,True,True,5044.0,5044.0,completed,,,LEGACY_SCHEMA,0,0,0,0,[],computed,,
automatic,OR-097,Mixture,True,Mixture,Others,True,True,True,6.0,6.0,completed,,,LEGACY_SCHEMA,0,0,0,0,[],computed,,
automatic,OR-098,Mixture,True,Others,Others,False,True,True,0.0,0.0,completed,,,LEGACY_SCHEMA,0,0,0,0,[],computed,,
automatic,OR-099,FLP,True,FLP,FLP,True,False,False,,10419.0,solve,ValueError,"ValueError: Missing warehouses in TransportationCost.csv: {'2', '10', '3', '1', '7', '5', '9', '6', '4', '8', '11'}",DIRECT_FULL_SOURCE,0,0,0,0,[],computed,,
automatic,OR-100,Others,True,RA,RA,False,True,False,1382045.0,1382200.722,completed,,,DIRECT_FULL_SOURCE,0,0,0,0,[],computed,,
automatic,OR-101,Mixture,True,RA,RA,False,True,True,25820.15355597092,25820.15,completed,,,DIRECT_FULL_SOURCE,0,0,0,0,[],computed,,
