item,display_campaign_previous_season,value,value_two_seasons_ago,value_previous_season,weight,price_review_group_previous_season,weight_previous_packaging,category_previous_season
1,FeatureFocus,10,8,9,2,InternalReview,3,Equipment
2,ValueFocus,40,37,44,5,JointReview,6,Household
3,ValueFocus,30,26,29,4,JointReview,5,Supplies
4,ValueFocus,50,59,58,8,JointReview,7,Supplies
5,BundleFocus,35,37,34,7,InternalReview,8,Supplies
6,BundleFocus,6,7,7,1,JointReview,2,Supplies
7,ValueFocus,33,35,34,8,JointReview,7,Supplies
8,BundleFocus,57,51,51,7,SupplierReview,8,Equipment
9,FeatureFocus,42,36,41,5,SupplierReview,6,Household
10,BundleFocus,24,26,27,5,SupplierReview,6,Household
11,BundleFocus,61,51,56,9,JointReview,10,Equipment
12,ValueFocus,5,6,6,1,JointReview,2,Accessories
13,FeatureFocus,52,48,59,7,SupplierReview,8,Household
14,ValueFocus,16,15,17,3,SupplierReview,4,Household
15,BundleFocus,7,6,8,1,JointReview,2,Equipment
16,FeatureFocus,46,49,38,6,JointReview,7,Household
17,FeatureFocus,78,85,81,10,InternalReview,9,Equipment
18,FeatureFocus,36,33,41,8,JointReview,7,Household
19,BundleFocus,69,72,70,8,JointReview,9,Household
20,ValueFocus,41,38,49,8,SupplierReview,9,Accessories
21,FeatureFocus,33,30,34,8,JointReview,9,Supplies
22,ValueFocus,41,49,46,6,SupplierReview,7,Supplies
23,FeatureFocus,12,13,10,2,InternalReview,3,Accessories
24,ValueFocus,73,67,74,9,SupplierReview,8,Equipment
25,FeatureFocus,40,42,39,5,JointReview,4,Supplies
26,ValueFocus,34,29,29,6,InternalReview,7,Supplies
27,ValueFocus,35,30,42,4,SupplierReview,5,Equipment
28,BundleFocus,11,13,9,2,InternalReview,3,Equipment
29,ValueFocus,66,58,69,10,SupplierReview,9,Accessories
30,BundleFocus,42,34,49,8,SupplierReview,9,Supplies
31,FeatureFocus,61,53,64,7,JointReview,8,Supplies
32,ValueFocus,24,20,23,5,InternalReview,4,Equipment
33,ValueFocus,38,31,35,9,SupplierReview,10,Accessories
34,ValueFocus,37,41,39,6,JointReview,7,Accessories
35,FeatureFocus,45,50,38,5,InternalReview,6,Equipment
36,ValueFocus,42,36,36,5,InternalReview,6,Accessories
37,ValueFocus,23,24,20,3,JointReview,4,Supplies
38,ValueFocus,8,9,9,1,SupplierReview,2,Equipment
39,ValueFocus,51,53,49,6,SupplierReview,7,Accessories
40,FeatureFocus,59,63,60,9,InternalReview,8,Household
41,FeatureFocus,6,7,7,1,JointReview,2,Household
42,BundleFocus,71,63,82,9,SupplierReview,10,Equipment
43,BundleFocus,66,70,79,9,InternalReview,8,Equipment
44,FeatureFocus,18,21,20,3,InternalReview,2,Accessories
45,FeatureFocus,31,34,28,7,SupplierReview,8,Household
46,FeatureFocus,15,16,16,2,JointReview,3,Supplies
47,BundleFocus,42,46,40,8,SupplierReview,9,Accessories
48,BundleFocus,69,81,80,8,InternalReview,9,Supplies
49,ValueFocus,21,23,18,4,InternalReview,5,Equipment
50,FeatureFocus,5,4,6,1,SupplierReview,2,Equipment
51,BundleFocus,82,80,76,10,InternalReview,11,Household
52,FeatureFocus,24,20,21,5,SupplierReview,6,Accessories
53,ValueFocus,44,46,40,9,JointReview,8,Equipment
54,FeatureFocus,49,41,55,7,InternalReview,8,Household
55,ValueFocus,67,59,69,8,JointReview,7,Household
56,BundleFocus,40,37,45,8,InternalReview,9,Equipment
57,FeatureFocus,11,9,12,2,JointReview,3,Supplies
58,BundleFocus,32,33,27,4,JointReview,5,Supplies
59,ValueFocus,44,42,45,5,JointReview,6,Equipment
60,BundleFocus,33,36,28,5,SupplierReview,6,Equipment
61,ValueFocus,5,6,6,1,SupplierReview,2,Supplies
62,ValueFocus,24,25,25,6,SupplierReview,7,Household
63,BundleFocus,10,9,11,2,SupplierReview,3,Equipment
64,FeatureFocus,37,39,33,8,JointReview,9,Equipment
65,BundleFocus,52,54,51,7,InternalReview,8,Household
66,FeatureFocus,46,50,51,10,SupplierReview,11,Household
67,BundleFocus,52,51,50,8,InternalReview,9,Accessories
68,BundleFocus,30,31,33,4,JointReview,5,Supplies
69,ValueFocus,69,73,62,10,SupplierReview,11,Supplies
70,BundleFocus,25,22,24,5,JointReview,6,Equipment
71,FeatureFocus,32,33,29,4,SupplierReview,5,Household
72,FeatureFocus,76,77,80,10,SupplierReview,11,Supplies
73,ValueFocus,31,29,33,4,SupplierReview,5,Equipment
74,BundleFocus,5,6,6,1,InternalReview,2,Supplies
75,FeatureFocus,23,25,24,5,SupplierReview,6,Accessories
76,BundleFocus,69,81,66,8,JointReview,9,Household
77,BundleFocus,12,13,14,2,JointReview,3,Household
78,FeatureFocus,28,27,32,5,JointReview,6,Household
79,FeatureFocus,13,15,11,2,JointReview,3,Household
80,BundleFocus,51,42,58,7,InternalReview,8,Accessories
81,FeatureFocus,44,49,49,5,SupplierReview,6,Supplies
82,ValueFocus,22,23,23,4,JointReview,5,Supplies
83,FeatureFocus,26,23,28,3,JointReview,4,Household
84,FeatureFocus,25,27,28,6,SupplierReview,5,Supplies
85,BundleFocus,47,39,51,7,InternalReview,8,Supplies
86,FeatureFocus,72,62,76,10,JointReview,8,Supplies
87,BundleFocus,23,27,20,5,SupplierReview,6,Household
88,ValueFocus,9,8,7,2,JointReview,3,Household
89,FeatureFocus,55,53,60,9,SupplierReview,10,Accessories
90,FeatureFocus,62,61,71,7,SupplierReview,6,Household
91,ValueFocus,56,46,51,8,SupplierReview,9,Household
92,FeatureFocus,9,8,8,1,JointReview,2,Supplies
93,FeatureFocus,32,36,26,4,JointReview,5,Equipment
94,FeatureFocus,51,47,43,8,InternalReview,7,Equipment
95,BundleFocus,71,83,78,9,SupplierReview,10,Accessories
96,FeatureFocus,20,24,21,5,InternalReview,6,Equipment
97,FeatureFocus,41,42,44,9,JointReview,10,Supplies
98,FeatureFocus,73,59,76,9,JointReview,8,Household
99,ValueFocus,32,31,36,4,InternalReview,5,Equipment
100,ValueFocus,46,48,41,9,SupplierReview,7,Supplies
101,BundleFocus,20,19,22,3,SupplierReview,4,Supplies
102,FeatureFocus,21,17,22,3,InternalReview,4,Supplies
103,ValueFocus,58,51,65,7,JointReview,8,Supplies
104,BundleFocus,49,44,56,7,JointReview,6,Supplies
105,ValueFocus,12,11,13,2,JointReview,3,Supplies
106,ValueFocus,53,61,55,9,SupplierReview,10,Supplies
107,BundleFocus,12,14,10,2,SupplierReview,3,Equipment
108,FeatureFocus,65,68,60,9,SupplierReview,10,Household
109,BundleFocus,8,6,7,1,InternalReview,2,Supplies
110,FeatureFocus,50,58,47,8,JointReview,7,Supplies
111,FeatureFocus,42,49,41,8,InternalReview,9,Accessories
112,FeatureFocus,41,46,44,8,InternalReview,9,Accessories
113,BundleFocus,54,51,58,7,JointReview,8,Accessories
114,BundleFocus,40,48,39,5,SupplierReview,6,Accessories
115,ValueFocus,36,41,31,8,InternalReview,9,Accessories
116,ValueFocus,13,11,15,3,JointReview,4,Household
117,BundleFocus,56,63,60,8,SupplierReview,9,Equipment
118,BundleFocus,28,31,26,6,SupplierReview,7,Equipment
119,ValueFocus,41,42,38,5,InternalReview,6,Supplies
120,BundleFocus,33,31,36,6,InternalReview,7,Equipment
121,FeatureFocus,28,33,30,6,SupplierReview,5,Accessories
122,FeatureFocus,9,8,10,1,SupplierReview,2,Household
123,FeatureFocus,10,11,11,2,JointReview,3,Accessories
124,ValueFocus,16,17,15,3,JointReview,4,Supplies
125,FeatureFocus,10,11,9,2,SupplierReview,3,Household
126,BundleFocus,23,24,22,5,InternalReview,6,Supplies
127,BundleFocus,29,23,31,7,JointReview,8,Accessories
128,FeatureFocus,30,31,32,7,JointReview,8,Household
129,ValueFocus,24,20,23,5,JointReview,6,Accessories
130,BundleFocus,38,33,39,9,SupplierReview,10,Household
131,FeatureFocus,42,47,44,6,InternalReview,5,Supplies
132,ValueFocus,7,8,8,1,JointReview,2,Supplies
133,FeatureFocus,48,51,46,8,JointReview,9,Household
134,BundleFocus,34,32,40,6,InternalReview,7,Supplies
135,BundleFocus,46,53,49,7,InternalReview,8,Equipment
136,FeatureFocus,50,56,46,6,SupplierReview,5,Accessories
137,BundleFocus,50,44,55,6,SupplierReview,5,Equipment
138,BundleFocus,4,5,5,1,SupplierReview,2,Supplies
139,ValueFocus,29,33,26,6,JointReview,7,Supplies
140,ValueFocus,41,35,49,8,InternalReview,9,Equipment
